run_name,type,model,ensemble_models,accuracy,f1_macro,params,latency_ms,size_mb,retain_ratio_vs_full,train_seed,support_seed,n_per_class,tau,alpha,epochs,lr,batch_size,max_len
full_bert-base-uncased_seed0_ep0_lr2e-05_bs16_ml128,zero-shot,bert-base-uncased,,0.32973684210526316,0.2527355756334019,109485316,6.9425596667618565,417.66114807128906,,0,,,,,0,2e-05,16,128
full_distilbert-base-uncased_seed0_ep0_lr2e-05_bs16_ml128,zero-shot,distilbert-base-uncased,,0.2669736842105263,0.15209869834034523,66956548,4.622097333337176,255.42286682128906,,0,,,,,0,2e-05,16,128
full_t5-small_seed0_ep0_lr2e-05_bs16_ml128,zero-shot,t5-small,,0.24460526315789474,0.10539019912798202,35332868,4.679575000015272,134.78419494628906,,0,,,,,0,2e-05,16,128
full_bert-base-uncased_seed0_ep2_lr2e-05_bs16_ml128,full,bert-base-uncased,,0.9464473684210526,0.9464722177742799,109485316,6.241066866580998,417.66114807128906,,0,,,,,2,2e-05,16,128
full_distilbert-base-uncased_seed0_ep2_lr2e-05_bs16_ml128,full,distilbert-base-uncased,,0.9471052631578948,0.9471282215139885,66956548,3.039561833247717,255.42286682128906,,0,,,,,2,2e-05,16,128
full_t5-small_seed0_ep2_lr2e-05_bs16_ml128,full,t5-small,,0.9219736842105263,0.9219394017486409,35332868,5.160442266605969,134.78419494628906,,0,,,,,2,2e-05,16,128
teacher_bert-base-uncased_fs1000_supp123_seed6,teacher,bert-base-uncased,,0.9125,0.9123948702815217,109485316,8.556477799993445,417.66114807128906,0.9641317948005005,6,123,1000,,,5,2e-05,8,128
teacher_bert-base-uncased_fs1000_supp123_seed3,teacher,bert-base-uncased,,0.9072368421052631,0.9071609288177854,109485316,8.077167599988874,417.66114807128906,0.9585708327540664,3,123,1000,,,5,2e-05,8,128
teacher_bert-base-uncased_fs1000_supp123_seed5,teacher,bert-base-uncased,,0.9067105263157895,0.9065518777953285,109485316,8.01509596667529,417.66114807128906,0.9580147365494232,5,123,1000,,,5,2e-05,8,128
teacher_bert-base-uncased_fs1000_supp123_seed9,teacher,bert-base-uncased,,0.9051315789473684,0.9052269457530027,109485316,6.675370166582677,417.66114807128906,0.9563464479354928,9,123,1000,,,5,2e-05,8,128
teacher_bert-base-uncased_fs1000_supp123_seed8,teacher,bert-base-uncased,,0.9021052631578947,0.9018228228108573,109485316,8.310370666655823,417.66114807128906,0.9531488947587933,8,123,1000,,,5,2e-05,8,128
teacher_bert-base-uncased_fs1000_supp123_seed7,teacher,bert-base-uncased,,0.8992105263157895,0.8990173596672324,109485316,8.957282033338743,417.66114807128906,0.9500903656332546,7,123,1000,,,5,2e-05,8,128
teacher_bert-base-uncased_fs1000_supp123_seed4,teacher,bert-base-uncased,,0.8921052631578947,0.8914045226623778,109485316,8.01799916668339,417.66114807128906,0.9425830668705687,4,123,1000,,,5,2e-05,8,128
teacher_bert-base-uncased_fs100_supp123_seed7,teacher,bert-base-uncased,,0.8793421052631579,0.8791566501151431,109485316,7.64580016666514,417.66114807128906,0.9290977339079661,7,123,100,,,5,2e-05,8,128
teacher_bert-base-uncased_fs100_supp123_seed5,teacher,bert-base-uncased,,0.8775,0.877266902266248,109485316,8.424415200007237,417.66114807128906,0.9271513971917141,5,123,100,,,5,2e-05,8,128
teacher_bert-base-uncased_fs100_supp123_seed8,teacher,bert-base-uncased,,0.8768421052631579,0.8765633264538675,109485316,7.63080503332579,417.66114807128906,0.9264562769359099,8,123,100,,,5,2e-05,8,128
teacher_bert-base-uncased_fs100_supp123_seed3,teacher,bert-base-uncased,,0.8756578947368421,0.8753002931070208,109485316,7.626365633329139,417.66114807128906,0.9252050604754622,3,123,100,,,5,2e-05,8,128
teacher_bert-base-uncased_fs100_supp123_seed4,teacher,bert-base-uncased,,0.8740789473684211,0.8738807636647297,109485316,7.054958366654773,417.66114807128906,0.923536771861532,4,123,100,,,5,2e-05,8,128
teacher_bert-base-uncased_fs100_supp123_seed6,teacher,bert-base-uncased,,0.8676315789473684,0.8670795545736247,109485316,7.34467183333436,417.66114807128906,0.9167245933546504,6,123,100,,,5,2e-05,8,128
teacher_bert-base-uncased_fs100_supp123_seed9,teacher,bert-base-uncased,,0.833421052631579,0.8290077409647845,109485316,6.810926299995875,417.66114807128906,0.8805783400528292,9,123,100,,,5,2e-05,8,128
teacher_bert-base-uncased_fs10_supp123_seed6,teacher,bert-base-uncased,,0.7453947368421052,0.7455212402898717,109485316,6.902050500004482,417.66114807128906,0.78757124982622,6,123,10,,,5,2e-05,8,128
teacher_bert-base-uncased_fs10_supp123_seed8,teacher,bert-base-uncased,,0.745,0.7439567892441407,109485316,6.261128766664115,417.66114807128906,0.7871541776727374,8,123,10,,,5,2e-05,8,128
teacher_bert-base-uncased_fs10_supp123_seed3,teacher,bert-base-uncased,,0.7160526315789474,0.7092952447458338,109485316,6.289478066667205,417.66114807128906,0.7565688864173502,3,123,10,,,5,2e-05,8,128
teacher_bert-base-uncased_fs10_supp123_seed4,teacher,bert-base-uncased,,0.7093421052631579,0.6991523668560559,109485316,7.993621733332172,417.66114807128906,0.7494786598081469,4,123,10,,,5,2e-05,8,128
teacher_bert-base-uncased_fs10_supp123_seed5,teacher,bert-base-uncased,,0.7,0.6789046331750932,109485316,9.309042666664405,417.66114807128906,0.7396079521757264,5,123,10,,,5,2e-05,8,128
teacher_bert-base-uncased_fs10_supp123_seed9,teacher,bert-base-uncased,,0.699078947368421,0.6713916819170802,109485316,9.215823333333143,417.66114807128906,0.7386347838176004,9,123,10,,,5,2e-05,8,128
teacher_bert-base-uncased_fs10_supp123_seed7,teacher,bert-base-uncased,,0.6778947368421052,0.6791888038528708,109485316,7.81393433333335,417.66114807128906,0.7162519115807034,7,123,10,,,5,2e-05,8,128
teacher_distilbert-base-uncased_fs1000_supp123_seed9,teacher,distilbert-base-uncased,,0.9063157894736842,0.9062147123197071,66956548,4.4802708999820124,255.42286682128906,0.9569324812447901,9,123,1000,,,5,2e-05,8,128
teacher_distilbert-base-uncased_fs1000_supp123_seed6,teacher,distilbert-base-uncased,,0.9051315789473684,0.9050864200899683,66956548,4.538925466673997,255.42286682128906,0.9556821339260905,6,123,1000,,,5,2e-05,8,128
teacher_distilbert-base-uncased_fs1000_supp123_seed8,teacher,distilbert-base-uncased,,0.9023684210526316,0.9021678526141,66956548,5.117902200011788,255.42286682128906,0.9527646568491247,8,123,1000,,,5,2e-05,8,128
teacher_distilbert-base-uncased_fs1000_supp123_seed5,teacher,distilbert-base-uncased,,0.8980263157894737,0.8983986669058859,66956548,4.555939933319071,255.42286682128906,0.9481800500138927,5,123,1000,,,5,2e-05,8,128
teacher_distilbert-base-uncased_fs1000_supp123_seed4,teacher,distilbert-base-uncased,,0.8969736842105264,0.8968767043789461,66956548,4.782969833255872,255.42286682128906,0.9470686301750486,4,123,1000,,,5,2e-05,8,128
teacher_distilbert-base-uncased_fs1000_supp123_seed7,teacher,distilbert-base-uncased,,0.8957894736842106,0.8962407016770108,66956548,4.804247133294363,255.42286682128906,0.945818282856349,7,123,1000,,,5,2e-05,8,128
teacher_distilbert-base-uncased_fs1000_supp123_seed3,teacher,distilbert-base-uncased,,0.8880263157894737,0.8885684152015167,66956548,4.587050433368252,255.42286682128906,0.9376215615448735,3,123,1000,,,5,2e-05,8,128
teacher_distilbert-base-uncased_fs100_supp123_seed8,teacher,distilbert-base-uncased,,0.876578947368421,0.8763081026027132,66956548,3.575354700005088,255.42286682128906,0.9255348707974437,8,123,100,,,5,2e-05,8,128
teacher_distilbert-base-uncased_fs100_supp123_seed7,teacher,distilbert-base-uncased,,0.8747368421052631,0.8741959953482625,66956548,4.723411900010888,255.42286682128906,0.9235898860794665,7,123,100,,,5,2e-05,8,128
teacher_distilbert-base-uncased_fs100_supp123_seed9,teacher,distilbert-base-uncased,,0.873421052631579,0.8729316550230144,66956548,4.1088519333357,255.42286682128906,0.9222006112809114,9,123,100,,,5,2e-05,8,128
teacher_distilbert-base-uncased_fs100_supp123_seed5,teacher,distilbert-base-uncased,,0.8730263157894737,0.8720567543154512,66956548,3.821839499998229,255.42286682128906,0.9217838288413447,5,123,100,,,5,2e-05,8,128
teacher_distilbert-base-uncased_fs100_supp123_seed6,teacher,distilbert-base-uncased,,0.87,0.8696193871144788,66956548,4.114077366667364,255.42286682128906,0.9185884968046679,6,123,100,,,5,2e-05,8,128
teacher_distilbert-base-uncased_fs100_supp123_seed3,teacher,distilbert-base-uncased,,0.8621052631578947,0.8615989845132376,66956548,4.604154300003908,255.42286682128906,0.910252848013337,3,123,100,,,5,2e-05,8,128
teacher_distilbert-base-uncased_fs100_supp123_seed4,teacher,distilbert-base-uncased,,0.8531578947368421,0.8529221343762176,66956548,4.301709266659752,255.42286682128906,0.900805779383162,4,123,100,,,5,2e-05,8,128
teacher_distilbert-base-uncased_fs10_supp123_seed6,teacher,distilbert-base-uncased,,0.8432894736842105,0.8427846254814053,66956548,3.4762789999983092,255.42286682128906,0.8903862183939982,6,123,10,,,5,2e-05,8,128
teacher_distilbert-base-uncased_fs10_supp123_seed7,teacher,distilbert-base-uncased,,0.8318421052631579,0.8315816768127378,66956548,3.478573166660226,255.42286682128906,0.8782995276465685,7,123,10,,,5,2e-05,8,128
teacher_distilbert-base-uncased_fs10_supp123_seed8,teacher,distilbert-base-uncased,,0.8234210526315789,0.8210517985632643,66956548,3.352224666669675,255.42286682128906,0.8694081689358154,8,123,10,,,5,2e-05,8,128
teacher_distilbert-base-uncased_fs10_supp123_seed5,teacher,distilbert-base-uncased,,0.8060526315789474,0.8027944809585272,66956548,4.847747133328539,255.42286682128906,0.8510697415948875,5,123,10,,,5,2e-05,8,128
teacher_distilbert-base-uncased_fs10_supp123_seed3,teacher,distilbert-base-uncased,,0.8048684210526316,0.7990651028784915,66956548,4.476019400002921,255.42286682128906,0.8498193942761878,3,123,10,,,5,2e-05,8,128
teacher_distilbert-base-uncased_fs10_supp123_seed4,teacher,distilbert-base-uncased,,0.7890789473684211,0.7808505768691133,66956548,3.996197900005427,255.42286682128906,0.833148096693526,4,123,10,,,5,2e-05,8,128
teacher_distilbert-base-uncased_fs10_supp123_seed9,teacher,distilbert-base-uncased,,0.7852631578947369,0.7893352435677373,66956548,4.103582566663515,255.42286682128906,0.8291191997777161,9,123,10,,,5,2e-05,8,128
teacher_t5-small_fs1000_supp123_seed7,teacher,t5-small,,0.8867105263157895,0.8865695075497485,35332868,5.89310556667139,134.78419494628906,0.9617525331811047,7,123,1000,,,5,2e-05,8,128
teacher_t5-small_fs1000_supp123_seed6,teacher,t5-small,,0.8853947368421052,0.8850987973463658,35332868,5.854391700040651,134.78419494628906,0.9603253888968175,6,123,1000,,,5,2e-05,8,128
teacher_t5-small_fs1000_supp123_seed3,teacher,t5-small,,0.885,0.8847543924513497,35332868,6.304773133251729,134.78419494628906,0.9598972456115313,3,123,1000,,,5,2e-05,8,128
teacher_t5-small_fs1000_supp123_seed5,teacher,t5-small,,0.885,0.8845555986620597,35332868,5.302392999995694,134.78419494628906,0.9598972456115313,5,123,1000,,,5,2e-05,8,128
teacher_t5-small_fs1000_supp123_seed9,teacher,t5-small,,0.8847368421052632,0.8843778212110587,35332868,5.072404533393637,134.78419494628906,0.9596118167546739,9,123,1000,,,5,2e-05,8,128
teacher_t5-small_fs1000_supp123_seed4,teacher,t5-small,,0.8838157894736842,0.8833094948461877,35332868,5.574877866683892,134.78419494628906,0.9586128157556729,4,123,1000,,,5,2e-05,8,128
teacher_t5-small_fs1000_supp123_seed8,teacher,t5-small,,0.8838157894736842,0.8833394473634042,35332868,4.701991266680731,134.78419494628906,0.9586128157556729,8,123,1000,,,5,2e-05,8,128
teacher_t5-small_fs100_supp123_seed3,teacher,t5-small,,0.7113157894736842,0.7086676233942812,35332868,6.064622633323324,134.78419494628906,0.7715142000856288,3,123,100,,,5,2e-05,8,128
teacher_t5-small_fs100_supp123_seed5,teacher,t5-small,,0.6985526315789473,0.700713300500879,35332868,5.11734563333069,134.78419494628906,0.7576709005280433,5,123,100,,,5,2e-05,8,128
teacher_t5-small_fs100_supp123_seed8,teacher,t5-small,,0.6238157894736842,0.6084115708210223,35332868,4.836661633309329,134.78419494628906,0.6766091051805337,8,123,100,,,5,2e-05,8,128
teacher_t5-small_fs100_supp123_seed4,teacher,t5-small,,0.6119736842105263,0.577880465993353,35332868,4.527442833333832,134.78419494628906,0.6637648066219495,4,123,100,,,5,2e-05,8,128
teacher_t5-small_fs100_supp123_seed9,teacher,t5-small,,0.5873684210526315,0.5352999584728647,35332868,6.105173533334589,134.78419494628906,0.6370772085057799,9,123,100,,,5,2e-05,8,128
teacher_t5-small_fs100_supp123_seed7,teacher,t5-small,,0.5672368421052632,0.5032560367061056,35332868,4.959280900019773,134.78419494628906,0.6152419009561867,7,123,100,,,5,2e-05,8,128
teacher_t5-small_fs100_supp123_seed6,teacher,t5-small,,0.5177631578947368,0.4499665830870909,35332868,5.087751166668871,134.78419494628906,0.5615812758669901,6,123,100,,,5,2e-05,8,128
teacher_t5-small_fs10_supp123_seed7,teacher,t5-small,,0.3868421052631579,0.27759414729391774,35332868,4.4423516666673395,134.78419494628906,0.4195804195804196,7,123,10,,,5,2e-05,8,128
teacher_t5-small_fs10_supp123_seed3,teacher,t5-small,,0.36973684210526314,0.33533715907315453,35332868,5.286451766662974,134.78419494628906,0.40102754388468675,3,123,10,,,5,2e-05,8,128
teacher_t5-small_fs10_supp123_seed8,teacher,t5-small,,0.28618421052631576,0.21044842891207938,35332868,7.207311866670807,134.78419494628906,0.31040388183245327,8,123,10,,,5,2e-05,8,128
teacher_t5-small_fs10_supp123_seed6,teacher,t5-small,,0.2731578947368421,0.16294576158270463,35332868,6.192834266664704,134.78419494628906,0.2962751534180106,6,123,10,,,5,2e-05,8,128
teacher_t5-small_fs10_supp123_seed9,teacher,t5-small,,0.27,0.15452881123502876,35332868,4.745340866668357,134.78419494628906,0.29285000713572146,9,123,10,,,5,2e-05,8,128
teacher_t5-small_fs10_supp123_seed5,teacher,t5-small,,0.2698684210526316,0.19974552435123286,35332868,5.9889405666657085,134.78419494628906,0.29270729270729273,5,123,10,,,5,2e-05,8,128
teacher_t5-small_fs10_supp123_seed4,teacher,t5-small,,0.26013157894736844,0.139385302079399,35332868,5.004650933329913,134.78419494628906,0.2821464250035679,4,123,10,,,5,2e-05,8,128
student_bert-base-uncased_fs1000_supp123_seed4_tau1.0_a0.5,student,bert-base-uncased,,0.9177631578947368,0.9178043071838169,109485316,6.044865199752773,417.66114807128906,0.9696927568469346,4,123,1000,1.0,0.5,5,2e-05,8,128
student_bert-base-uncased_fs1000_supp123_seed2_tau1.5_a0.3,student,bert-base-uncased,,0.9167105263157894,0.916472520716471,109485316,7.00959680058683,417.66114807128906,0.9685805644376477,2,123,1000,1.5,0.3,5,2e-05,8,128
student_bert-base-uncased_fs1000_supp123_seed7_tau1.5_a0.3,student,bert-base-uncased,,0.9167105263157894,0.9165914591276152,109485316,8.926914733213684,417.66114807128906,0.9685805644376477,7,123,1000,1.5,0.3,5,2e-05,8,128
student_bert-base-uncased_fs1000_supp123_seed5_tau2.0_a0.3,student,bert-base-uncased,,0.9164473684210527,0.9161769248580449,109485316,8.36902053464049,417.66114807128906,0.968302516335326,5,123,1000,2.0,0.3,5,2e-05,8,128
student_bert-base-uncased_fs1000_supp123_seed7_tau2.0_a0.3,student,bert-base-uncased,,0.9163157894736842,0.9162949986468246,109485316,7.37717413479307,417.66114807128906,0.9681634922841652,7,123,1000,2.0,0.3,5,2e-05,8,128
student_bert-base-uncased_fs1000_supp123_seed8_tau2.0_a0.7,student,bert-base-uncased,,0.9163157894736842,0.9161758202988977,109485316,7.0017203339375556,417.66114807128906,0.9681634922841652,8,123,1000,2.0,0.7,5,2e-05,8,128
student_bert-base-uncased_fs1000_supp123_seed4_tau1.0_a0.3,student,bert-base-uncased,,0.9161842105263158,0.9161887074347786,109485316,7.407233532285318,417.66114807128906,0.9680244682330044,4,123,1000,1.0,0.3,5,2e-05,8,128
student_bert-base-uncased_fs1000_supp123_seed7_tau2.0_a0.7,student,bert-base-uncased,,0.9161842105263158,0.9162594674685047,109485316,6.488959132305657,417.66114807128906,0.9680244682330044,7,123,1000,2.0,0.7,5,2e-05,8,128
student_bert-base-uncased_fs1000_supp123_seed8_tau0.5_a0.5,student,bert-base-uncased,,0.9157894736842105,0.9157331496044646,109485316,8.263882934503878,417.66114807128906,0.9676073960795217,8,123,1000,0.5,0.5,5,2e-05,8,128
student_bert-base-uncased_fs1000_supp123_seed4_tau2.0_a0.5,student,bert-base-uncased,,0.9156578947368421,0.9156920785665131,109485316,7.396954599244054,417.66114807128906,0.967468372028361,4,123,1000,2.0,0.5,5,2e-05,8,128
student_bert-base-uncased_fs1000_supp123_seed2_tau3.0_a0.3,student,bert-base-uncased,,0.9155263157894736,0.9154479673133521,109485316,9.191675536567345,417.66114807128906,0.9673293479772,2,123,1000,3.0,0.3,5,2e-05,8,128
student_bert-base-uncased_fs1000_supp123_seed7_tau2.5_a0.7,student,bert-base-uncased,,0.9152631578947369,0.915314423552646,109485316,6.096138198821184,417.66114807128906,0.9670512998748785,7,123,1000,2.5,0.7,5,2e-05,8,128
student_bert-base-uncased_fs1000_supp123_seed9_tau1.0_a0.7,student,bert-base-uncased,,0.9152631578947369,0.9154512785451676,109485316,6.86372306663543,417.66114807128906,0.9670512998748785,9,123,1000,1.0,0.7,5,2e-05,8,128
student_bert-base-uncased_fs1000_supp123_seed6_tau2.0_a0.5,student,bert-base-uncased,,0.915,0.915054332428572,109485316,7.405044666181008,417.66114807128906,0.9667732517725567,6,123,1000,2.0,0.5,5,2e-05,8,128
student_bert-base-uncased_fs1000_supp123_seed7_tau2.0_a0.5,student,bert-base-uncased,,0.915,0.9148296049272345,109485316,5.741586134536192,417.66114807128906,0.9667732517725567,7,123,1000,2.0,0.5,5,2e-05,8,128
student_bert-base-uncased_fs1000_supp123_seed5_tau3.0_a0.7,student,bert-base-uncased,,0.9148684210526316,0.9149049669501845,109485316,7.974620932751956,417.66114807128906,0.9666342277213958,5,123,1000,3.0,0.7,5,2e-05,8,128
student_bert-base-uncased_fs1000_supp123_seed8_tau1.0_a0.3,student,bert-base-uncased,,0.9148684210526316,0.9148696089766316,109485316,6.209151468162115,417.66114807128906,0.9666342277213958,8,123,1000,1.0,0.3,5,2e-05,8,128
student_bert-base-uncased_fs1000_supp123_seed9_tau0.5_a0.9,student,bert-base-uncased,,0.9147368421052632,0.9150016442017305,109485316,6.385342466334502,417.66114807128906,0.966495203670235,9,123,1000,0.5,0.9,5,2e-05,8,128
student_bert-base-uncased_fs1000_supp123_seed6_tau1.5_a0.5,student,bert-base-uncased,,0.9146052631578947,0.9147976986913988,109485316,6.306513132100615,417.66114807128906,0.966356179619074,6,123,1000,1.5,0.5,5,2e-05,8,128
student_bert-base-uncased_fs1000_supp123_seed7_tau1.5_a0.1,student,bert-base-uncased,,0.9146052631578947,0.9145789860287217,109485316,7.255734398495406,417.66114807128906,0.966356179619074,7,123,1000,1.5,0.1,5,2e-05,8,128
student_bert-base-uncased_fs1000_supp123_seed1_tau1.5_a0.3,student,bert-base-uncased,,0.9144736842105263,0.914293524101337,109485316,6.944276067467096,417.66114807128906,0.9662171555679133,1,123,1000,1.5,0.3,5,2e-05,8,128
student_bert-base-uncased_fs1000_supp123_seed6_tau0.5_a0.5,student,bert-base-uncased,,0.9144736842105263,0.9143416122804405,109485316,6.699390066205524,417.66114807128906,0.9662171555679133,6,123,1000,0.5,0.5,5,2e-05,8,128
student_bert-base-uncased_fs1000_supp123_seed4_tau1.0_a0.7,student,bert-base-uncased,,0.9143421052631578,0.9144462038106158,109485316,7.888850599798995,417.66114807128906,0.9660781315167524,4,123,1000,1.0,0.7,5,2e-05,8,128
student_bert-base-uncased_fs1000_supp123_seed6_tau0.5_a0.1,student,bert-base-uncased,,0.9143421052631578,0.9142809891313209,109485316,7.280176467611454,417.66114807128906,0.9660781315167524,6,123,1000,0.5,0.1,5,2e-05,8,128
student_bert-base-uncased_fs1000_supp123_seed2_tau1.5_a0.5,student,bert-base-uncased,,0.9142105263157895,0.914031527901636,109485316,5.927930601562063,417.66114807128906,0.9659391074655916,2,123,1000,1.5,0.5,5,2e-05,8,128
student_bert-base-uncased_fs1000_supp123_seed6_tau2.5_a0.5,student,bert-base-uncased,,0.9142105263157895,0.914160369727987,109485316,8.119061664910987,417.66114807128906,0.9659391074655916,6,123,1000,2.5,0.5,5,2e-05,8,128
student_bert-base-uncased_fs1000_supp123_seed7_tau3.0_a0.3,student,bert-base-uncased,,0.9142105263157895,0.9140098335984891,109485316,9.078412933740765,417.66114807128906,0.9659391074655916,7,123,1000,3.0,0.3,5,2e-05,8,128
student_bert-base-uncased_fs1000_supp123_seed6_tau2.5_a0.3,student,bert-base-uncased,,0.9140789473684211,0.9140030034099953,109485316,6.815356800022225,417.66114807128906,0.9658000834144308,6,123,1000,2.5,0.3,5,2e-05,8,128
student_bert-base-uncased_fs1000_supp123_seed4_tau2.5_a0.1,student,bert-base-uncased,,0.9139473684210526,0.9139119064988795,109485316,7.110813799954485,417.66114807128906,0.9656610593632698,4,123,1000,2.5,0.1,5,2e-05,8,128
student_bert-base-uncased_fs1000_supp123_seed8_tau1.5_a0.9,student,bert-base-uncased,,0.9139473684210526,0.9136316802131101,109485316,7.177208198118024,417.66114807128906,0.9656610593632698,8,123,1000,1.5,0.9,5,2e-05,8,128
student_bert-base-uncased_fs1000_supp123_seed3_tau1.0_a0.1,student,bert-base-uncased,,0.9138157894736842,0.9137746869008447,109485316,6.854063532955479,417.66114807128906,0.9655220353121091,3,123,1000,1.0,0.1,5,2e-05,8,128
student_bert-base-uncased_fs1000_supp123_seed3_tau1.5_a0.5,student,bert-base-uncased,,0.9138157894736842,0.9137244115721758,109485316,7.773523867460123,417.66114807128906,0.9655220353121091,3,123,1000,1.5,0.5,5,2e-05,8,128
student_bert-base-uncased_fs1000_supp123_seed6_tau1.5_a0.1,student,bert-base-uncased,,0.9138157894736842,0.9139055999885263,109485316,6.171190468982483,417.66114807128906,0.9655220353121091,6,123,1000,1.5,0.1,5,2e-05,8,128
student_bert-base-uncased_fs1000_supp123_seed8_tau2.0_a0.3,student,bert-base-uncased,,0.9138157894736842,0.9138055329002281,109485316,7.305559468416807,417.66114807128906,0.9655220353121091,8,123,1000,2.0,0.3,5,2e-05,8,128
student_bert-base-uncased_fs1000_supp123_seed2_tau3.0_a0.1,student,bert-base-uncased,,0.9136842105263158,0.9135792898303035,109485316,7.267830268635104,417.66114807128906,0.9653830112609482,2,123,1000,3.0,0.1,5,2e-05,8,128
student_bert-base-uncased_fs1000_supp123_seed6_tau1.5_a0.7,student,bert-base-uncased,,0.9136842105263158,0.9132740413339825,109485316,6.49538919775902,417.66114807128906,0.9653830112609482,6,123,1000,1.5,0.7,5,2e-05,8,128
student_bert-base-uncased_fs1000_supp123_seed1_tau0.1_a0.7,student,bert-base-uncased,,0.9135526315789474,0.9133130447078164,109485316,6.278929934099627,417.66114807128906,0.9652439872097873,1,123,1000,0.1,0.7,5,2e-05,8,128
student_bert-base-uncased_fs1000_supp123_seed3_tau2.0_a0.3,student,bert-base-uncased,,0.9135526315789474,0.9136241237622962,109485316,7.040441067753515,417.66114807128906,0.9652439872097873,3,123,1000,2.0,0.3,5,2e-05,8,128
student_bert-base-uncased_fs1000_supp123_seed3_tau3.0_a0.7,student,bert-base-uncased,,0.9135526315789474,0.9135618195077009,109485316,7.661830133777888,417.66114807128906,0.9652439872097873,3,123,1000,3.0,0.7,5,2e-05,8,128
student_bert-base-uncased_fs1000_supp123_seed4_tau2.0_a0.7,student,bert-base-uncased,,0.9135526315789474,0.9133819203792704,109485316,7.840153067081701,417.66114807128906,0.9652439872097873,4,123,1000,2.0,0.7,5,2e-05,8,128
student_bert-base-uncased_fs1000_supp123_seed5_tau1.0_a0.1,student,bert-base-uncased,,0.9135526315789474,0.9133478467539713,109485316,6.890429737783658,417.66114807128906,0.9652439872097873,5,123,1000,1.0,0.1,5,2e-05,8,128
student_bert-base-uncased_fs1000_supp123_seed6_tau0.1_a0.9,student,bert-base-uncased,,0.9135526315789474,0.913382882505926,109485316,5.793372796809611,417.66114807128906,0.9652439872097873,6,123,1000,0.1,0.9,5,2e-05,8,128
student_bert-base-uncased_fs1000_supp123_seed8_tau1.5_a0.1,student,bert-base-uncased,,0.9135526315789474,0.9135711645525817,109485316,7.514851802261546,417.66114807128906,0.9652439872097873,8,123,1000,1.5,0.1,5,2e-05,8,128
student_bert-base-uncased_fs1000_supp123_seed0_tau0.5_a0.1,student,bert-base-uncased,,0.9134210526315789,0.9133664892525868,109485316,6.4590363336416585,417.66114807128906,0.9651049631586265,0,123,1000,0.5,0.1,5,2e-05,8,128
student_bert-base-uncased_fs1000_supp123_seed1_tau2.0_a0.5,student,bert-base-uncased,,0.9134210526315789,0.9131997048425321,109485316,5.99278793282186,417.66114807128906,0.9651049631586265,1,123,1000,2.0,0.5,5,2e-05,8,128
student_bert-base-uncased_fs1000_supp123_seed6_tau3.0_a0.9,student,bert-base-uncased,,0.9134210526315789,0.9135725606659788,109485316,6.212570199083227,417.66114807128906,0.9651049631586265,6,123,1000,3.0,0.9,5,2e-05,8,128
student_bert-base-uncased_fs1000_supp123_seed9_tau1.5_a0.9,student,bert-base-uncased,,0.9134210526315789,0.9131248326911012,109485316,7.025897927815095,417.66114807128906,0.9651049631586265,9,123,1000,1.5,0.9,5,2e-05,8,128
student_bert-base-uncased_fs1000_supp123_seed2_tau0.5_a0.9,student,bert-base-uncased,,0.9132894736842105,0.913577079630276,109485316,6.441859333426692,417.66114807128906,0.9649659391074656,2,123,1000,0.5,0.9,5,2e-05,8,128
student_bert-base-uncased_fs1000_supp123_seed1_tau1.0_a0.1,student,bert-base-uncased,,0.9131578947368421,0.9130755318022198,109485316,6.688889400781288,417.66114807128906,0.9648269150563047,1,123,1000,1.0,0.1,5,2e-05,8,128
student_bert-base-uncased_fs1000_supp123_seed2_tau0.5_a0.5,student,bert-base-uncased,,0.9131578947368421,0.9129865156175876,109485316,5.7791521995871635,417.66114807128906,0.9648269150563047,2,123,1000,0.5,0.5,5,2e-05,8,128
student_bert-base-uncased_fs1000_supp123_seed3_tau0.5_a0.5,student,bert-base-uncased,,0.9131578947368421,0.9131044188119912,109485316,6.303761000162922,417.66114807128906,0.9648269150563047,3,123,1000,0.5,0.5,5,2e-05,8,128
student_bert-base-uncased_fs1000_supp123_seed7_tau1.5_a0.7,student,bert-base-uncased,,0.9131578947368421,0.9133558754123609,109485316,6.792724470142275,417.66114807128906,0.9648269150563047,7,123,1000,1.5,0.7,5,2e-05,8,128
student_bert-base-uncased_fs1000_supp123_seed2_tau2.5_a0.9,student,bert-base-uncased,,0.9130263157894737,0.913065960825517,109485316,6.8084711985041695,417.66114807128906,0.964687891005144,2,123,1000,2.5,0.9,5,2e-05,8,128
student_bert-base-uncased_fs1000_supp123_seed7_tau0.5_a0.7,student,bert-base-uncased,,0.9130263157894737,0.913063741318489,109485316,7.32548213369834,417.66114807128906,0.964687891005144,7,123,1000,0.5,0.7,5,2e-05,8,128
student_bert-base-uncased_fs1000_supp123_seed8_tau0.5_a0.9,student,bert-base-uncased,,0.9130263157894737,0.9128656067958556,109485316,6.6170121999069424,417.66114807128906,0.964687891005144,8,123,1000,0.5,0.9,5,2e-05,8,128
student_bert-base-uncased_fs1000_supp123_seed1_tau2.0_a0.7,student,bert-base-uncased,,0.9128947368421053,0.9129971446195805,109485316,7.066399332446356,417.66114807128906,0.9645488669539831,1,123,1000,2.0,0.7,5,2e-05,8,128
student_bert-base-uncased_fs1000_supp123_seed6_tau2.0_a0.7,student,bert-base-uncased,,0.9128947368421053,0.9126557162057323,109485316,7.583091400253276,417.66114807128906,0.9645488669539831,6,123,1000,2.0,0.7,5,2e-05,8,128
student_bert-base-uncased_fs1000_supp123_seed8_tau1.0_a0.1,student,bert-base-uncased,,0.9128947368421053,0.912785915724619,109485316,6.781485866910468,417.66114807128906,0.9645488669539831,8,123,1000,1.0,0.1,5,2e-05,8,128
student_bert-base-uncased_fs1000_supp123_seed1_tau1.5_a0.1,student,bert-base-uncased,,0.9127631578947368,0.9125609087258439,109485316,5.561965134499284,417.66114807128906,0.9644098429028222,1,123,1000,1.5,0.1,5,2e-05,8,128
student_bert-base-uncased_fs1000_supp123_seed2_tau2.0_a0.9,student,bert-base-uncased,,0.9127631578947368,0.9129824711397805,109485316,6.097001400970233,417.66114807128906,0.9644098429028222,2,123,1000,2.0,0.9,5,2e-05,8,128
student_bert-base-uncased_fs1000_supp123_seed4_tau3.0_a0.3,student,bert-base-uncased,,0.9127631578947368,0.9129039773178308,109485316,8.027932065306231,417.66114807128906,0.9644098429028222,4,123,1000,3.0,0.3,5,2e-05,8,128
student_bert-base-uncased_fs1000_supp123_seed6_tau2.0_a0.3,student,bert-base-uncased,,0.9127631578947368,0.9127379301320587,109485316,6.961486468208022,417.66114807128906,0.9644098429028222,6,123,1000,2.0,0.3,5,2e-05,8,128
student_bert-base-uncased_fs1000_supp123_seed7_tau1.0_a0.1,student,bert-base-uncased,,0.9127631578947368,0.9128002614362222,109485316,6.732043333856079,417.66114807128906,0.9644098429028222,7,123,1000,1.0,0.1,5,2e-05,8,128
student_bert-base-uncased_fs1000_supp123_seed7_tau2.0_a0.1,student,bert-base-uncased,,0.9127631578947368,0.9125488999056235,109485316,6.767825801701595,417.66114807128906,0.9644098429028222,7,123,1000,2.0,0.1,5,2e-05,8,128
student_bert-base-uncased_fs1000_supp123_seed4_tau1.5_a0.7,student,bert-base-uncased,,0.9126315789473685,0.9126909074212233,109485316,6.40766746752585,417.66114807128906,0.9642708188516614,4,123,1000,1.5,0.7,5,2e-05,8,128
student_bert-base-uncased_fs1000_supp123_seed7_tau0.5_a0.1,student,bert-base-uncased,,0.9126315789473685,0.9127900283356907,109485316,6.044167600339279,417.66114807128906,0.9642708188516614,7,123,1000,0.5,0.1,5,2e-05,8,128
student_bert-base-uncased_fs1000_supp123_seed9_tau0.5_a0.5,student,bert-base-uncased,,0.9126315789473685,0.9128042097723253,109485316,5.684489735479777,417.66114807128906,0.9642708188516614,9,123,1000,0.5,0.5,5,2e-05,8,128
student_bert-base-uncased_fs1000_supp123_seed6_tau0.5_a0.3,student,bert-base-uncased,,0.9125,0.9125777268614879,109485316,6.747681533064072,417.66114807128906,0.9641317948005005,6,123,1000,0.5,0.3,5,2e-05,8,128
student_bert-base-uncased_fs1000_supp123_seed6_tau3.0_a0.1,student,bert-base-uncased,,0.9125,0.9125327319526713,109485316,6.88669286610093,417.66114807128906,0.9641317948005005,6,123,1000,3.0,0.1,5,2e-05,8,128
student_bert-base-uncased_fs1000_supp123_seed6_tau3.0_a0.7,student,bert-base-uncased,,0.9125,0.9123587849790231,109485316,6.138795265966716,417.66114807128906,0.9641317948005005,6,123,1000,3.0,0.7,5,2e-05,8,128
student_bert-base-uncased_fs1000_supp123_seed1_tau2.5_a0.7,student,bert-base-uncased,,0.9123684210526316,0.9124432123809967,109485316,5.847433334080658,417.66114807128906,0.9639927707493398,1,123,1000,2.5,0.7,5,2e-05,8,128
student_bert-base-uncased_fs1000_supp123_seed2_tau1.0_a0.5,student,bert-base-uncased,,0.9123684210526316,0.9123499690672874,109485316,6.749432201225621,417.66114807128906,0.9639927707493398,2,123,1000,1.0,0.5,5,2e-05,8,128
student_bert-base-uncased_fs1000_supp123_seed2_tau3.0_a0.5,student,bert-base-uncased,,0.9123684210526316,0.9123378575161294,109485316,8.588581602089107,417.66114807128906,0.9639927707493398,2,123,1000,3.0,0.5,5,2e-05,8,128
student_bert-base-uncased_fs1000_supp123_seed3_tau2.0_a0.5,student,bert-base-uncased,,0.9123684210526316,0.9121206104083541,109485316,6.108216266632856,417.66114807128906,0.9639927707493398,3,123,1000,2.0,0.5,5,2e-05,8,128
student_bert-base-uncased_fs1000_supp123_seed4_tau0.1_a0.9,student,bert-base-uncased,,0.9123684210526316,0.9123591566640888,109485316,6.88132780099598,417.66114807128906,0.9639927707493398,4,123,1000,0.1,0.9,5,2e-05,8,128
student_bert-base-uncased_fs1000_supp123_seed6_tau1.0_a0.3,student,bert-base-uncased,,0.9123684210526316,0.9118901721561251,109485316,6.188492666115053,417.66114807128906,0.9639927707493398,6,123,1000,1.0,0.3,5,2e-05,8,128
student_bert-base-uncased_fs1000_supp123_seed7_tau0.5_a0.5,student,bert-base-uncased,,0.9123684210526316,0.9124725837095163,109485316,7.604971733720352,417.66114807128906,0.9639927707493398,7,123,1000,0.5,0.5,5,2e-05,8,128
student_bert-base-uncased_fs1000_supp123_seed2_tau2.5_a0.1,student,bert-base-uncased,,0.9122368421052631,0.9120731299994173,109485316,5.503013198419164,417.66114807128906,0.9638537466981788,2,123,1000,2.5,0.1,5,2e-05,8,128
student_bert-base-uncased_fs1000_supp123_seed5_tau1.0_a0.3,student,bert-base-uncased,,0.9122368421052631,0.911878642865347,109485316,7.305449200794101,417.66114807128906,0.9638537466981788,5,123,1000,1.0,0.3,5,2e-05,8,128
student_bert-base-uncased_fs1000_supp123_seed5_tau1.5_a0.1,student,bert-base-uncased,,0.9122368421052631,0.9124177900830307,109485316,6.911786533116053,417.66114807128906,0.9638537466981788,5,123,1000,1.5,0.1,5,2e-05,8,128
student_bert-base-uncased_fs1000_supp123_seed7_tau2.5_a0.5,student,bert-base-uncased,,0.9122368421052631,0.911925372131743,109485316,6.396078066124271,417.66114807128906,0.9638537466981788,7,123,1000,2.5,0.5,5,2e-05,8,128
student_bert-base-uncased_fs1000_supp123_seed1_tau2.5_a0.5,student,bert-base-uncased,,0.9121052631578948,0.9122385173075133,109485316,6.845575267410216,417.66114807128906,0.963714722647018,1,123,1000,2.5,0.5,5,2e-05,8,128
student_bert-base-uncased_fs1000_supp123_seed2_tau0.5_a0.3,student,bert-base-uncased,,0.9121052631578948,0.9120695577926132,109485316,5.834080733863327,417.66114807128906,0.963714722647018,2,123,1000,0.5,0.3,5,2e-05,8,128
student_bert-base-uncased_fs1000_supp123_seed4_tau2.5_a0.3,student,bert-base-uncased,,0.9121052631578948,0.9120439363931784,109485316,7.917649533677225,417.66114807128906,0.963714722647018,4,123,1000,2.5,0.3,5,2e-05,8,128
student_bert-base-uncased_fs1000_supp123_seed7_tau3.0_a0.5,student,bert-base-uncased,,0.9121052631578948,0.9120045226949687,109485316,6.662529601211038,417.66114807128906,0.963714722647018,7,123,1000,3.0,0.5,5,2e-05,8,128
student_bert-base-uncased_fs1000_supp123_seed8_tau2.5_a0.7,student,bert-base-uncased,,0.9121052631578948,0.9119476495263442,109485316,6.915708401356824,417.66114807128906,0.963714722647018,8,123,1000,2.5,0.7,5,2e-05,8,128
student_bert-base-uncased_fs1000_supp123_seed3_tau2.0_a0.9,student,bert-base-uncased,,0.9119736842105263,0.9116690757139778,109485316,7.6587922002848545,417.66114807128906,0.9635756985958571,3,123,1000,2.0,0.9,5,2e-05,8,128
student_bert-base-uncased_fs1000_supp123_seed4_tau1.5_a0.9,student,bert-base-uncased,,0.9119736842105263,0.9121553279405799,109485316,9.01077046582941,417.66114807128906,0.9635756985958571,4,123,1000,1.5,0.9,5,2e-05,8,128
student_bert-base-uncased_fs1000_supp123_seed7_tau2.0_a0.9,student,bert-base-uncased,,0.9119736842105263,0.9120138602956942,109485316,10.400528668348366,417.66114807128906,0.9635756985958571,7,123,1000,2.0,0.9,5,2e-05,8,128
student_bert-base-uncased_fs1000_supp123_seed8_tau2.0_a0.5,student,bert-base-uncased,,0.9119736842105263,0.9118875503559779,109485316,7.830163133136618,417.66114807128906,0.9635756985958571,8,123,1000,2.0,0.5,5,2e-05,8,128
student_bert-base-uncased_fs1000_supp123_seed0_tau0.1_a0.9,student,bert-base-uncased,,0.9118421052631579,0.911929804120782,109485316,7.17565766487193,417.66114807128906,0.9634366745446963,0,123,1000,0.1,0.9,5,2e-05,8,128
student_bert-base-uncased_fs1000_supp123_seed0_tau1.5_a0.5,student,bert-base-uncased,,0.9118421052631579,0.9114830556895925,109485316,6.747491000957477,417.66114807128906,0.9634366745446963,0,123,1000,1.5,0.5,5,2e-05,8,128
student_bert-base-uncased_fs1000_supp123_seed1_tau1.0_a0.5,student,bert-base-uncased,,0.9118421052631579,0.9119120747663174,109485316,7.79052793319958,417.66114807128906,0.9634366745446963,1,123,1000,1.0,0.5,5,2e-05,8,128
student_bert-base-uncased_fs1000_supp123_seed6_tau2.5_a0.1,student,bert-base-uncased,,0.9118421052631579,0.9116726438996197,109485316,6.496190268080682,417.66114807128906,0.9634366745446963,6,123,1000,2.5,0.1,5,2e-05,8,128
student_bert-base-uncased_fs1000_supp123_seed9_tau3.0_a0.9,student,bert-base-uncased,,0.9118421052631579,0.9120772439801681,109485316,7.948501132583867,417.66114807128906,0.9634366745446963,9,123,1000,3.0,0.9,5,2e-05,8,128
student_bert-base-uncased_fs1000_supp123_seed0_tau0.5_a0.3,student,bert-base-uncased,,0.9117105263157895,0.9117668435461007,109485316,5.982609999288495,417.66114807128906,0.9632976504935354,0,123,1000,0.5,0.3,5,2e-05,8,128
student_bert-base-uncased_fs1000_supp123_seed0_tau0.5_a0.5,student,bert-base-uncased,,0.9117105263157895,0.9114959215768785,109485316,7.5793720670238445,417.66114807128906,0.9632976504935354,0,123,1000,0.5,0.5,5,2e-05,8,128
student_bert-base-uncased_fs1000_supp123_seed6_tau1.0_a0.5,student,bert-base-uncased,,0.9117105263157895,0.9116162424641906,109485316,8.064294399810024,417.66114807128906,0.9632976504935354,6,123,1000,1.0,0.5,5,2e-05,8,128
student_bert-base-uncased_fs1000_supp123_seed3_tau1.0_a0.5,student,bert-base-uncased,,0.911578947368421,0.9113576309582876,109485316,6.526233066203228,417.66114807128906,0.9631586264423746,3,123,1000,1.0,0.5,5,2e-05,8,128
student_bert-base-uncased_fs1000_supp123_seed3_tau3.0_a0.5,student,bert-base-uncased,,0.911578947368421,0.9113767362012348,109485316,6.664555999062334,417.66114807128906,0.9631586264423746,3,123,1000,3.0,0.5,5,2e-05,8,128
student_bert-base-uncased_fs1000_supp123_seed8_tau1.5_a0.3,student,bert-base-uncased,,0.911578947368421,0.9115690832703898,109485316,5.763323999902544,417.66114807128906,0.9631586264423746,8,123,1000,1.5,0.3,5,2e-05,8,128
student_bert-base-uncased_fs1000_supp123_seed8_tau2.5_a0.5,student,bert-base-uncased,,0.911578947368421,0.9116305664065993,109485316,6.113050333806314,417.66114807128906,0.9631586264423746,8,123,1000,2.5,0.5,5,2e-05,8,128
student_bert-base-uncased_fs1000_supp123_seed9_tau0.5_a0.3,student,bert-base-uncased,,0.911578947368421,0.911826088747396,109485316,7.508090664244567,417.66114807128906,0.9631586264423746,9,123,1000,0.5,0.3,5,2e-05,8,128
student_bert-base-uncased_fs1000_supp123_seed9_tau1.5_a0.5,student,bert-base-uncased,,0.911578947368421,0.9116948805802534,109485316,5.915550598486637,417.66114807128906,0.9631586264423746,9,123,1000,1.5,0.5,5,2e-05,8,128
student_bert-base-uncased_fs1000_supp123_seed0_tau1.0_a0.5,student,bert-base-uncased,,0.9114473684210527,0.9110126506818497,109485316,5.861766866776937,417.66114807128906,0.9630196023912138,0,123,1000,1.0,0.5,5,2e-05,8,128
student_bert-base-uncased_fs1000_supp123_seed0_tau1.5_a0.3,student,bert-base-uncased,,0.9114473684210527,0.9114210598485505,109485316,6.855432200245559,417.66114807128906,0.9630196023912138,0,123,1000,1.5,0.3,5,2e-05,8,128
student_bert-base-uncased_fs1000_supp123_seed5_tau3.0_a0.5,student,bert-base-uncased,,0.9114473684210527,0.911362596084824,109485316,6.526741333073005,417.66114807128906,0.9630196023912138,5,123,1000,3.0,0.5,5,2e-05,8,128
student_bert-base-uncased_fs1000_supp123_seed6_tau3.0_a0.5,student,bert-base-uncased,,0.9114473684210527,0.9112826603189689,109485316,6.131362668626632,417.66114807128906,0.9630196023912138,6,123,1000,3.0,0.5,5,2e-05,8,128
student_bert-base-uncased_fs1000_supp123_seed8_tau0.1_a0.3,student,bert-base-uncased,,0.9114473684210527,0.9116234000243197,109485316,7.371796998389375,417.66114807128906,0.9630196023912138,8,123,1000,0.1,0.3,5,2e-05,8,128
student_bert-base-uncased_fs1000_supp123_seed8_tau3.0_a0.1,student,bert-base-uncased,,0.9114473684210527,0.9114595589644683,109485316,6.630516134706947,417.66114807128906,0.9630196023912138,8,123,1000,3.0,0.1,5,2e-05,8,128
student_bert-base-uncased_fs1000_supp123_seed1_tau3.0_a0.3,student,bert-base-uncased,,0.9113157894736842,0.9111638246044779,109485316,6.578388731577434,417.66114807128906,0.9628805783400528,1,123,1000,3.0,0.3,5,2e-05,8,128
student_bert-base-uncased_fs1000_supp123_seed2_tau2.5_a0.5,student,bert-base-uncased,,0.9113157894736842,0.911280158429324,109485316,6.408738932805136,417.66114807128906,0.9628805783400528,2,123,1000,2.5,0.5,5,2e-05,8,128
student_bert-base-uncased_fs1000_supp123_seed4_tau2.0_a0.1,student,bert-base-uncased,,0.9113157894736842,0.9112137874594928,109485316,8.865550933599783,417.66114807128906,0.9628805783400528,4,123,1000,2.0,0.1,5,2e-05,8,128
student_bert-base-uncased_fs1000_supp123_seed5_tau3.0_a0.3,student,bert-base-uncased,,0.9113157894736842,0.9109905670002895,109485316,7.064536198352774,417.66114807128906,0.9628805783400528,5,123,1000,3.0,0.3,5,2e-05,8,128
student_bert-base-uncased_fs1000_supp123_seed2_tau2.0_a0.1,student,bert-base-uncased,,0.9111842105263158,0.9112289864997766,109485316,6.4993505996729555,417.66114807128906,0.9627415542888921,2,123,1000,2.0,0.1,5,2e-05,8,128
student_bert-base-uncased_fs1000_supp123_seed3_tau1.0_a0.9,student,bert-base-uncased,,0.9111842105263158,0.9112783680339419,109485316,6.784216200079148,417.66114807128906,0.9627415542888921,3,123,1000,1.0,0.9,5,2e-05,8,128
student_bert-base-uncased_fs1000_supp123_seed4_tau1.0_a0.1,student,bert-base-uncased,,0.9111842105263158,0.9114588759988523,109485316,7.9035926653887145,417.66114807128906,0.9627415542888921,4,123,1000,1.0,0.1,5,2e-05,8,128
student_bert-base-uncased_fs1000_supp123_seed5_tau2.5_a0.1,student,bert-base-uncased,,0.9111842105263158,0.9110727799899098,109485316,6.372954200681609,417.66114807128906,0.9627415542888921,5,123,1000,2.5,0.1,5,2e-05,8,128
student_bert-base-uncased_fs1000_supp123_seed8_tau2.0_a0.1,student,bert-base-uncased,,0.9111842105263158,0.9110850991710604,109485316,8.354047001921572,417.66114807128906,0.9627415542888921,8,123,1000,2.0,0.1,5,2e-05,8,128
student_bert-base-uncased_fs1000_supp123_seed4_tau2.5_a0.7,student,bert-base-uncased,,0.9110526315789473,0.9109567702997977,109485316,8.526541134536577,417.66114807128906,0.9626025302377311,4,123,1000,2.5,0.7,5,2e-05,8,128
student_bert-base-uncased_fs1000_supp123_seed5_tau2.5_a0.3,student,bert-base-uncased,,0.9110526315789473,0.9109188025221213,109485316,7.070406266332914,417.66114807128906,0.9626025302377311,5,123,1000,2.5,0.3,5,2e-05,8,128
student_bert-base-uncased_fs1000_supp123_seed6_tau0.5_a0.7,student,bert-base-uncased,,0.9110526315789473,0.9109699747106077,109485316,7.202955531344439,417.66114807128906,0.9626025302377311,6,123,1000,0.5,0.7,5,2e-05,8,128
student_bert-base-uncased_fs1000_supp123_seed8_tau2.5_a0.9,student,bert-base-uncased,,0.910921052631579,0.9108179513821691,109485316,5.83894026640337,417.66114807128906,0.9624635061865703,8,123,1000,2.5,0.9,5,2e-05,8,128
student_bert-base-uncased_fs1000_supp123_seed5_tau0.5_a0.1,student,bert-base-uncased,,0.9107894736842105,0.9108965203105517,109485316,7.104208798652205,417.66114807128906,0.9623244821354094,5,123,1000,0.5,0.1,5,2e-05,8,128
student_bert-base-uncased_fs1000_supp123_seed9_tau0.5_a0.1,student,bert-base-uncased,,0.9107894736842105,0.9106503236764083,109485316,7.5248673325404525,417.66114807128906,0.9623244821354094,9,123,1000,0.5,0.1,5,2e-05,8,128
student_bert-base-uncased_fs1000_supp123_seed9_tau3.0_a0.5,student,bert-base-uncased,,0.9107894736842105,0.910563112705828,109485316,7.532011133541043,417.66114807128906,0.9623244821354094,9,123,1000,3.0,0.5,5,2e-05,8,128
student_bert-base-uncased_fs1000_supp123_seed1_tau0.5_a0.5,student,bert-base-uncased,,0.9106578947368421,0.9104392144799657,109485316,5.598139867167144,417.66114807128906,0.9621854580842486,1,123,1000,0.5,0.5,5,2e-05,8,128
student_bert-base-uncased_fs1000_supp123_seed1_tau2.0_a0.1,student,bert-base-uncased,,0.9106578947368421,0.9103950291454297,109485316,7.902147132942143,417.66114807128906,0.9621854580842486,1,123,1000,2.0,0.1,5,2e-05,8,128
student_bert-base-uncased_fs1000_supp123_seed3_tau3.0_a0.3,student,bert-base-uncased,,0.9106578947368421,0.9103983493640764,109485316,6.707971001257344,417.66114807128906,0.9621854580842486,3,123,1000,3.0,0.3,5,2e-05,8,128
student_bert-base-uncased_fs1000_supp123_seed4_tau2.5_a0.5,student,bert-base-uncased,,0.9106578947368421,0.9106622524091369,109485316,6.387930666581572,417.66114807128906,0.9621854580842486,4,123,1000,2.5,0.5,5,2e-05,8,128
student_bert-base-uncased_fs1000_supp123_seed6_tau1.5_a0.9,student,bert-base-uncased,,0.9106578947368421,0.9102804475473437,109485316,6.160943397359612,417.66114807128906,0.9621854580842486,6,123,1000,1.5,0.9,5,2e-05,8,128
student_bert-base-uncased_fs1000_supp123_seed3_tau0.1_a0.9,student,bert-base-uncased,,0.9105263157894737,0.9107083928384418,109485316,6.058250000448122,417.66114807128906,0.9620464340330879,3,123,1000,0.1,0.9,5,2e-05,8,128
student_bert-base-uncased_fs1000_supp123_seed4_tau1.5_a0.3,student,bert-base-uncased,,0.9105263157894737,0.9105463004032915,109485316,6.359575332317036,417.66114807128906,0.9620464340330879,4,123,1000,1.5,0.3,5,2e-05,8,128
student_bert-base-uncased_fs1000_supp123_seed5_tau2.0_a0.7,student,bert-base-uncased,,0.9105263157894737,0.9103057557018952,109485316,8.327589798136614,417.66114807128906,0.9620464340330879,5,123,1000,2.0,0.7,5,2e-05,8,128
student_bert-base-uncased_fs1000_supp123_seed5_tau2.5_a0.7,student,bert-base-uncased,,0.9105263157894737,0.9102501989223424,109485316,6.271953334605011,417.66114807128906,0.9620464340330879,5,123,1000,2.5,0.7,5,2e-05,8,128
student_bert-base-uncased_fs1000_supp123_seed0_tau3.0_a0.7,student,bert-base-uncased,,0.9103947368421053,0.9104538245458194,109485316,6.201094132848084,417.66114807128906,0.9619074099819269,0,123,1000,3.0,0.7,5,2e-05,8,128
student_bert-base-uncased_fs1000_supp123_seed1_tau1.5_a0.5,student,bert-base-uncased,,0.9103947368421053,0.9102133755599047,109485316,6.787419399673429,417.66114807128906,0.9619074099819269,1,123,1000,1.5,0.5,5,2e-05,8,128
student_bert-base-uncased_fs1000_supp123_seed3_tau0.1_a0.1,student,bert-base-uncased,,0.9103947368421053,0.910422246775221,109485316,6.468978266639169,417.66114807128906,0.9619074099819269,3,123,1000,0.1,0.1,5,2e-05,8,128
student_bert-base-uncased_fs1000_supp123_seed3_tau2.0_a0.7,student,bert-base-uncased,,0.9103947368421053,0.9104757432850497,109485316,6.184173934161663,417.66114807128906,0.9619074099819269,3,123,1000,2.0,0.7,5,2e-05,8,128
student_bert-base-uncased_fs1000_supp123_seed5_tau1.5_a0.5,student,bert-base-uncased,,0.9103947368421053,0.9105683158984884,109485316,7.1706088007582975,417.66114807128906,0.9619074099819269,5,123,1000,1.5,0.5,5,2e-05,8,128
student_bert-base-uncased_fs1000_supp123_seed6_tau3.0_a0.3,student,bert-base-uncased,,0.9103947368421053,0.9103788019721221,109485316,6.678300935891457,417.66114807128906,0.9619074099819269,6,123,1000,3.0,0.3,5,2e-05,8,128
student_bert-base-uncased_fs1000_supp123_seed7_tau2.5_a0.3,student,bert-base-uncased,,0.9103947368421053,0.9097481719255114,109485316,7.555978133071524,417.66114807128906,0.9619074099819269,7,123,1000,2.5,0.3,5,2e-05,8,128
student_bert-base-uncased_fs1000_supp123_seed8_tau2.5_a0.3,student,bert-base-uncased,,0.9103947368421053,0.9102362035662473,109485316,8.539859401450181,417.66114807128906,0.9619074099819269,8,123,1000,2.5,0.3,5,2e-05,8,128
student_bert-base-uncased_fs1000_supp123_seed0_tau2.0_a0.7,student,bert-base-uncased,,0.9102631578947369,0.9102434324388653,109485316,5.753418799334516,417.66114807128906,0.9617683859307661,0,123,1000,2.0,0.7,5,2e-05,8,128
student_bert-base-uncased_fs1000_supp123_seed5_tau1.5_a0.3,student,bert-base-uncased,,0.9102631578947369,0.9102624145009706,109485316,6.561404533567838,417.66114807128906,0.9617683859307661,5,123,1000,1.5,0.3,5,2e-05,8,128
student_bert-base-uncased_fs1000_supp123_seed5_tau3.0_a0.1,student,bert-base-uncased,,0.9102631578947369,0.9099163413477966,109485316,6.6360097999374075,417.66114807128906,0.9617683859307661,5,123,1000,3.0,0.1,5,2e-05,8,128
student_bert-base-uncased_fs1000_supp123_seed9_tau1.0_a0.1,student,bert-base-uncased,,0.9102631578947369,0.910073313001474,109485316,7.671116930820669,417.66114807128906,0.9617683859307661,9,123,1000,1.0,0.1,5,2e-05,8,128
student_bert-base-uncased_fs1000_supp123_seed9_tau1.5_a0.7,student,bert-base-uncased,,0.9102631578947369,0.9100990960417021,109485316,6.506810865054528,417.66114807128906,0.9617683859307661,9,123,1000,1.5,0.7,5,2e-05,8,128
student_bert-base-uncased_fs1000_supp123_seed9_tau2.0_a0.5,student,bert-base-uncased,,0.9102631578947369,0.9102092985758442,109485316,6.219023468050485,417.66114807128906,0.9617683859307661,9,123,1000,2.0,0.5,5,2e-05,8,128
student_bert-base-uncased_fs1000_supp123_seed0_tau1.5_a0.1,student,bert-base-uncased,,0.9101315789473684,0.9101542146920734,109485316,6.190699533908628,417.66114807128906,0.9616293618796052,0,123,1000,1.5,0.1,5,2e-05,8,128
student_bert-base-uncased_fs1000_supp123_seed1_tau2.5_a0.9,student,bert-base-uncased,,0.9101315789473684,0.9101075838241042,109485316,6.087185799939713,417.66114807128906,0.9616293618796052,1,123,1000,2.5,0.9,5,2e-05,8,128
student_bert-base-uncased_fs1000_supp123_seed3_tau1.0_a0.3,student,bert-base-uncased,,0.9101315789473684,0.9100420740156442,109485316,6.90204613347305,417.66114807128906,0.9616293618796052,3,123,1000,1.0,0.3,5,2e-05,8,128
student_bert-base-uncased_fs1000_supp123_seed3_tau1.5_a0.3,student,bert-base-uncased,,0.9101315789473684,0.9100004915914671,109485316,5.904639200404442,417.66114807128906,0.9616293618796052,3,123,1000,1.5,0.3,5,2e-05,8,128
student_bert-base-uncased_fs1000_supp123_seed3_tau2.0_a0.1,student,bert-base-uncased,,0.9101315789473684,0.9100788938906267,109485316,6.792590465920512,417.66114807128906,0.9616293618796052,3,123,1000,2.0,0.1,5,2e-05,8,128
student_bert-base-uncased_fs1000_supp123_seed7_tau1.0_a0.5,student,bert-base-uncased,,0.9101315789473684,0.9098707931353058,109485316,7.233016200674077,417.66114807128906,0.9616293618796052,7,123,1000,1.0,0.5,5,2e-05,8,128
student_bert-base-uncased_fs1000_supp123_seed7_tau2.5_a0.1,student,bert-base-uncased,,0.9101315789473684,0.909980058039598,109485316,6.150419532787055,417.66114807128906,0.9616293618796052,7,123,1000,2.5,0.1,5,2e-05,8,128
student_bert-base-uncased_fs1000_supp123_seed8_tau1.5_a0.5,student,bert-base-uncased,,0.9101315789473684,0.9099970126941749,109485316,8.367987666861154,417.66114807128906,0.9616293618796052,8,123,1000,1.5,0.5,5,2e-05,8,128
student_bert-base-uncased_fs1000_supp123_seed8_tau3.0_a0.9,student,bert-base-uncased,,0.9101315789473684,0.9100950905887141,109485316,7.52275853495424,417.66114807128906,0.9616293618796052,8,123,1000,3.0,0.9,5,2e-05,8,128
student_bert-base-uncased_fs1000_supp123_seed0_tau1.0_a0.7,student,bert-base-uncased,,0.91,0.9099810263826122,109485316,6.284659533412196,417.66114807128906,0.9614903378284444,0,123,1000,1.0,0.7,5,2e-05,8,128
student_bert-base-uncased_fs1000_supp123_seed1_tau2.5_a0.1,student,bert-base-uncased,,0.91,0.9099522244317026,109485316,5.571082535122211,417.66114807128906,0.9614903378284444,1,123,1000,2.5,0.1,5,2e-05,8,128
student_bert-base-uncased_fs1000_supp123_seed1_tau2.5_a0.3,student,bert-base-uncased,,0.91,0.909617240912821,109485316,6.076331467193086,417.66114807128906,0.9614903378284444,1,123,1000,2.5,0.3,5,2e-05,8,128
student_bert-base-uncased_fs1000_supp123_seed4_tau0.5_a0.5,student,bert-base-uncased,,0.91,0.9100295926298207,109485316,6.780756533165307,417.66114807128906,0.9614903378284444,4,123,1000,0.5,0.5,5,2e-05,8,128
student_bert-base-uncased_fs1000_supp123_seed8_tau2.5_a0.1,student,bert-base-uncased,,0.91,0.9100725001178942,109485316,7.4984323980364325,417.66114807128906,0.9614903378284444,8,123,1000,2.5,0.1,5,2e-05,8,128
student_bert-base-uncased_fs1000_supp123_seed9_tau3.0_a0.1,student,bert-base-uncased,,0.91,0.909598943577524,109485316,7.12051626178436,417.66114807128906,0.9614903378284444,9,123,1000,3.0,0.1,5,2e-05,8,128
student_bert-base-uncased_fs1000_supp123_seed1_tau0.1_a0.3,student,bert-base-uncased,,0.9098684210526315,0.9098639927971752,109485316,7.470020933639414,417.66114807128906,0.9613513137772834,1,123,1000,0.1,0.3,5,2e-05,8,128
student_bert-base-uncased_fs1000_supp123_seed2_tau0.5_a0.7,student,bert-base-uncased,,0.9098684210526315,0.9098216404593036,109485316,6.012305864715017,417.66114807128906,0.9613513137772834,2,123,1000,0.5,0.7,5,2e-05,8,128
student_bert-base-uncased_fs1000_supp123_seed3_tau0.1_a0.7,student,bert-base-uncased,,0.9098684210526315,0.9096930054809078,109485316,6.049446599596801,417.66114807128906,0.9613513137772834,3,123,1000,0.1,0.7,5,2e-05,8,128
student_bert-base-uncased_fs1000_supp123_seed3_tau2.5_a0.5,student,bert-base-uncased,,0.9098684210526315,0.9096861910205705,109485316,6.05422413306466,417.66114807128906,0.9613513137772834,3,123,1000,2.5,0.5,5,2e-05,8,128
student_bert-base-uncased_fs1000_supp123_seed5_tau3.0_a0.9,student,bert-base-uncased,,0.9098684210526315,0.909986300756046,109485316,9.515548601242093,417.66114807128906,0.9613513137772834,5,123,1000,3.0,0.9,5,2e-05,8,128
student_bert-base-uncased_fs1000_supp123_seed6_tau0.1_a0.3,student,bert-base-uncased,,0.9098684210526315,0.9096345179174328,109485316,6.629669001752821,417.66114807128906,0.9613513137772834,6,123,1000,0.1,0.3,5,2e-05,8,128
student_bert-base-uncased_fs1000_supp123_seed7_tau0.1_a0.9,student,bert-base-uncased,,0.9098684210526315,0.9097132598731726,109485316,6.586826464626938,417.66114807128906,0.9613513137772834,7,123,1000,0.1,0.9,5,2e-05,8,128
student_bert-base-uncased_fs1000_supp123_seed2_tau0.1_a0.3,student,bert-base-uncased,,0.9097368421052632,0.9097515276313023,109485316,6.316960199425618,417.66114807128906,0.9612122897261227,2,123,1000,0.1,0.3,5,2e-05,8,128
student_bert-base-uncased_fs1000_supp123_seed5_tau2.5_a0.9,student,bert-base-uncased,,0.9097368421052632,0.909598409733239,109485316,7.735827000578865,417.66114807128906,0.9612122897261227,5,123,1000,2.5,0.9,5,2e-05,8,128
student_bert-base-uncased_fs1000_supp123_seed7_tau3.0_a0.1,student,bert-base-uncased,,0.9097368421052632,0.9094944374760049,109485316,6.569130997134683,417.66114807128906,0.9612122897261227,7,123,1000,3.0,0.1,5,2e-05,8,128
student_bert-base-uncased_fs1000_supp123_seed2_tau1.0_a0.1,student,bert-base-uncased,,0.9096052631578947,0.9097619115015865,109485316,7.178572067641653,417.66114807128906,0.9610732656749618,2,123,1000,1.0,0.1,5,2e-05,8,128
student_bert-base-uncased_fs1000_supp123_seed4_tau3.0_a0.1,student,bert-base-uncased,,0.9096052631578947,0.9095888180641889,109485316,8.647344001413634,417.66114807128906,0.9610732656749618,4,123,1000,3.0,0.1,5,2e-05,8,128
student_bert-base-uncased_fs1000_supp123_seed0_tau2.5_a0.5,student,bert-base-uncased,,0.9093421052631578,0.9090423495955392,109485316,6.01631846705762,417.66114807128906,0.9607952175726401,0,123,1000,2.5,0.5,5,2e-05,8,128
student_bert-base-uncased_fs1000_supp123_seed2_tau0.1_a0.7,student,bert-base-uncased,,0.9093421052631578,0.9093680179078352,109485316,9.12581139903826,417.66114807128906,0.9607952175726401,2,123,1000,0.1,0.7,5,2e-05,8,128
student_bert-base-uncased_fs1000_supp123_seed2_tau2.0_a0.5,student,bert-base-uncased,,0.9093421052631578,0.909566317640443,109485316,6.555613667781775,417.66114807128906,0.9607952175726401,2,123,1000,2.0,0.5,5,2e-05,8,128
student_bert-base-uncased_fs1000_supp123_seed2_tau2.5_a0.7,student,bert-base-uncased,,0.9093421052631578,0.9092550323814961,109485316,9.030971665439816,417.66114807128906,0.9607952175726401,2,123,1000,2.5,0.7,5,2e-05,8,128
student_bert-base-uncased_fs1000_supp123_seed5_tau2.0_a0.1,student,bert-base-uncased,,0.9093421052631578,0.9093610695924909,109485316,6.476729399097773,417.66114807128906,0.9607952175726401,5,123,1000,2.0,0.1,5,2e-05,8,128
student_bert-base-uncased_fs1000_supp123_seed7_tau3.0_a0.9,student,bert-base-uncased,,0.9093421052631578,0.9093971933837466,109485316,5.942643403735322,417.66114807128906,0.9607952175726401,7,123,1000,3.0,0.9,5,2e-05,8,128
student_bert-base-uncased_fs1000_supp123_seed0_tau0.1_a0.3,student,bert-base-uncased,,0.9092105263157895,0.9090769450470286,109485316,5.606898800760973,417.66114807128906,0.9606561935214792,0,123,1000,0.1,0.3,5,2e-05,8,128
student_bert-base-uncased_fs1000_supp123_seed4_tau0.5_a0.1,student,bert-base-uncased,,0.9092105263157895,0.9089688400625784,109485316,6.52293633223356,417.66114807128906,0.9606561935214792,4,123,1000,0.5,0.1,5,2e-05,8,128
student_bert-base-uncased_fs1000_supp123_seed4_tau3.0_a0.5,student,bert-base-uncased,,0.9092105263157895,0.9094267088510042,109485316,6.62140359733409,417.66114807128906,0.9606561935214792,4,123,1000,3.0,0.5,5,2e-05,8,128
student_bert-base-uncased_fs1000_supp123_seed4_tau3.0_a0.7,student,bert-base-uncased,,0.9092105263157895,0.9093349995765161,109485316,7.836192467948422,417.66114807128906,0.9606561935214792,4,123,1000,3.0,0.7,5,2e-05,8,128
student_bert-base-uncased_fs1000_supp123_seed1_tau2.0_a0.9,student,bert-base-uncased,,0.9090789473684211,0.9089953402479022,109485316,7.431400201069967,417.66114807128906,0.9605171694703184,1,123,1000,2.0,0.9,5,2e-05,8,128
student_bert-base-uncased_fs1000_supp123_seed2_tau1.5_a0.9,student,bert-base-uncased,,0.9090789473684211,0.9090202801946072,109485316,7.796335735474713,417.66114807128906,0.9605171694703184,2,123,1000,1.5,0.9,5,2e-05,8,128
student_bert-base-uncased_fs1000_supp123_seed4_tau0.5_a0.3,student,bert-base-uncased,,0.9090789473684211,0.9087917855553067,109485316,8.001453134056646,417.66114807128906,0.9605171694703184,4,123,1000,0.5,0.3,5,2e-05,8,128
student_bert-base-uncased_fs1000_supp123_seed5_tau1.5_a0.7,student,bert-base-uncased,,0.9090789473684211,0.9089048491337327,109485316,6.900397067268689,417.66114807128906,0.9605171694703184,5,123,1000,1.5,0.7,5,2e-05,8,128
student_bert-base-uncased_fs1000_supp123_seed1_tau2.0_a0.3,student,bert-base-uncased,,0.9089473684210526,0.9090641129967896,109485316,7.166125599663549,417.66114807128906,0.9603781454191576,1,123,1000,2.0,0.3,5,2e-05,8,128
student_bert-base-uncased_fs1000_supp123_seed3_tau0.5_a0.1,student,bert-base-uncased,,0.9089473684210526,0.9088654668006466,109485316,6.088141599320807,417.66114807128906,0.9603781454191576,3,123,1000,0.5,0.1,5,2e-05,8,128
student_bert-base-uncased_fs1000_supp123_seed4_tau1.5_a0.5,student,bert-base-uncased,,0.9089473684210526,0.9092487473456394,109485316,8.248964200902265,417.66114807128906,0.9603781454191576,4,123,1000,1.5,0.5,5,2e-05,8,128
student_bert-base-uncased_fs1000_supp123_seed6_tau1.0_a0.9,student,bert-base-uncased,,0.9089473684210526,0.9085737219080352,109485316,6.57118213615225,417.66114807128906,0.9603781454191576,6,123,1000,1.0,0.9,5,2e-05,8,128
student_bert-base-uncased_fs1000_supp123_seed7_tau1.0_a0.3,student,bert-base-uncased,,0.9089473684210526,0.9089691067667178,109485316,5.803836998529732,417.66114807128906,0.9603781454191576,7,123,1000,1.0,0.3,5,2e-05,8,128
student_bert-base-uncased_fs1000_supp123_seed7_tau1.0_a0.7,student,bert-base-uncased,,0.9089473684210526,0.9087110912891215,109485316,6.411385666190957,417.66114807128906,0.9603781454191576,7,123,1000,1.0,0.7,5,2e-05,8,128
student_bert-base-uncased_fs1000_supp123_seed9_tau1.0_a0.3,student,bert-base-uncased,,0.9089473684210526,0.9091144640169917,109485316,6.544041067051391,417.66114807128906,0.9603781454191576,9,123,1000,1.0,0.3,5,2e-05,8,128
student_bert-base-uncased_fs1000_supp123_seed1_tau0.1_a0.9,student,bert-base-uncased,,0.9088157894736842,0.9084202323501865,109485316,7.931979266868439,417.66114807128906,0.9602391213679967,1,123,1000,0.1,0.9,5,2e-05,8,128
student_bert-base-uncased_fs1000_supp123_seed2_tau1.0_a0.7,student,bert-base-uncased,,0.9088157894736842,0.9088021454114128,109485316,6.302019199938513,417.66114807128906,0.9602391213679967,2,123,1000,1.0,0.7,5,2e-05,8,128
student_bert-base-uncased_fs1000_supp123_seed4_tau0.1_a0.1,student,bert-base-uncased,,0.9088157894736842,0.9086614811531752,109485316,5.809890467207879,417.66114807128906,0.9602391213679967,4,123,1000,0.1,0.1,5,2e-05,8,128
student_bert-base-uncased_fs1000_supp123_seed7_tau3.0_a0.7,student,bert-base-uncased,,0.9088157894736842,0.9081942677944215,109485316,8.155565935885534,417.66114807128906,0.9602391213679967,7,123,1000,3.0,0.7,5,2e-05,8,128
student_bert-base-uncased_fs1000_supp123_seed8_tau1.0_a0.5,student,bert-base-uncased,,0.9088157894736842,0.9091338131258381,109485316,8.0441873986274,417.66114807128906,0.9602391213679967,8,123,1000,1.0,0.5,5,2e-05,8,128
student_bert-base-uncased_fs1000_supp123_seed9_tau2.5_a0.1,student,bert-base-uncased,,0.9088157894736842,0.9089060388712145,109485316,7.409777870634571,417.66114807128906,0.9602391213679967,9,123,1000,2.5,0.1,5,2e-05,8,128
student_bert-base-uncased_fs1000_supp123_seed2_tau0.5_a0.1,student,bert-base-uncased,,0.9086842105263158,0.9086084307410374,109485316,7.548276667754787,417.66114807128906,0.9601000973168359,2,123,1000,0.5,0.1,5,2e-05,8,128
student_bert-base-uncased_fs1000_supp123_seed3_tau1.0_a0.7,student,bert-base-uncased,,0.9086842105263158,0.9082949914020293,109485316,6.310892932621452,417.66114807128906,0.9601000973168359,3,123,1000,1.0,0.7,5,2e-05,8,128
student_bert-base-uncased_fs1000_supp123_seed9_tau3.0_a0.3,student,bert-base-uncased,,0.9086842105263158,0.9081619334617669,109485316,7.125780399655923,417.66114807128906,0.9601000973168359,9,123,1000,3.0,0.3,5,2e-05,8,128
student_bert-base-uncased_fs1000_supp123_seed1_tau0.5_a0.9,student,bert-base-uncased,,0.9085526315789474,0.9084289846698539,109485316,6.02737413282739,417.66114807128906,0.959961073265675,1,123,1000,0.5,0.9,5,2e-05,8,128
student_bert-base-uncased_fs1000_supp123_seed8_tau1.0_a0.7,student,bert-base-uncased,,0.9085526315789474,0.9085667674867797,109485316,5.94182846446832,417.66114807128906,0.959961073265675,8,123,1000,1.0,0.7,5,2e-05,8,128
student_bert-base-uncased_fs1000_supp123_seed0_tau2.0_a0.5,student,bert-base-uncased,,0.9084210526315789,0.9086135490371684,109485316,7.378376933047548,417.66114807128906,0.9598220492145141,0,123,1000,2.0,0.5,5,2e-05,8,128
student_bert-base-uncased_fs1000_supp123_seed2_tau1.5_a0.1,student,bert-base-uncased,,0.9084210526315789,0.90774838981655,109485316,8.363963065979382,417.66114807128906,0.9598220492145141,2,123,1000,1.5,0.1,5,2e-05,8,128
student_bert-base-uncased_fs1000_supp123_seed6_tau1.5_a0.3,student,bert-base-uncased,,0.9084210526315789,0.9085596902584032,109485316,6.508030998520553,417.66114807128906,0.9598220492145141,6,123,1000,1.5,0.3,5,2e-05,8,128
student_bert-base-uncased_fs1000_supp123_seed2_tau2.5_a0.3,student,bert-base-uncased,,0.9082894736842105,0.9083177839935538,109485316,7.1533768670633435,417.66114807128906,0.9596830251633534,2,123,1000,2.5,0.3,5,2e-05,8,128
student_bert-base-uncased_fs1000_supp123_seed3_tau0.5_a0.3,student,bert-base-uncased,,0.9082894736842105,0.9085021501729542,109485316,6.681687131640501,417.66114807128906,0.9596830251633534,3,123,1000,0.5,0.3,5,2e-05,8,128
student_bert-base-uncased_fs1000_supp123_seed0_tau0.1_a0.1,student,bert-base-uncased,,0.908157894736842,0.9080347871392647,109485316,6.2821405988264205,417.66114807128906,0.9595440011121924,0,123,1000,0.1,0.1,5,2e-05,8,128
student_bert-base-uncased_fs1000_supp123_seed0_tau2.0_a0.3,student,bert-base-uncased,,0.908157894736842,0.9081118875134678,109485316,5.964972932997625,417.66114807128906,0.9595440011121924,0,123,1000,2.0,0.3,5,2e-05,8,128
student_bert-base-uncased_fs1000_supp123_seed4_tau1.5_a0.1,student,bert-base-uncased,,0.908157894736842,0.9080749874515945,109485316,6.502316467716203,417.66114807128906,0.9595440011121924,4,123,1000,1.5,0.1,5,2e-05,8,128
student_bert-base-uncased_fs1000_supp123_seed6_tau2.0_a0.1,student,bert-base-uncased,,0.908157894736842,0.9081509037727941,109485316,8.451106665112698,417.66114807128906,0.9595440011121924,6,123,1000,2.0,0.1,5,2e-05,8,128
student_bert-base-uncased_fs1000_supp123_seed0_tau1.5_a0.9,student,bert-base-uncased,,0.9080263157894737,0.9075364880690351,109485316,7.490923733954939,417.66114807128906,0.9594049770610316,0,123,1000,1.5,0.9,5,2e-05,8,128
student_bert-base-uncased_fs1000_supp123_seed1_tau3.0_a0.5,student,bert-base-uncased,,0.9080263157894737,0.9078330002978098,109485316,6.232510134092688,417.66114807128906,0.9594049770610316,1,123,1000,3.0,0.5,5,2e-05,8,128
student_bert-base-uncased_fs1000_supp123_seed3_tau2.5_a0.3,student,bert-base-uncased,,0.9080263157894737,0.9078572657482169,109485316,7.087097999465186,417.66114807128906,0.9594049770610316,3,123,1000,2.5,0.3,5,2e-05,8,128
student_bert-base-uncased_fs1000_supp123_seed5_tau0.5_a0.7,student,bert-base-uncased,,0.9080263157894737,0.9076321755115432,109485316,6.571306528834005,417.66114807128906,0.9594049770610316,5,123,1000,0.5,0.7,5,2e-05,8,128
student_bert-base-uncased_fs1000_supp123_seed7_tau0.5_a0.3,student,bert-base-uncased,,0.9080263157894737,0.9080415827931679,109485316,6.90801006470186,417.66114807128906,0.9594049770610316,7,123,1000,0.5,0.3,5,2e-05,8,128
student_bert-base-uncased_fs1000_supp123_seed8_tau0.5_a0.3,student,bert-base-uncased,,0.9080263157894737,0.9081515852789588,109485316,5.561212865480532,417.66114807128906,0.9594049770610316,8,123,1000,0.5,0.3,5,2e-05,8,128
student_bert-base-uncased_fs1000_supp123_seed8_tau1.5_a0.7,student,bert-base-uncased,,0.9080263157894737,0.9079263171144241,109485316,6.055651933032398,417.66114807128906,0.9594049770610316,8,123,1000,1.5,0.7,5,2e-05,8,128
student_bert-base-uncased_fs1000_supp123_seed9_tau0.1_a0.9,student,bert-base-uncased,,0.9080263157894737,0.908100321776942,109485316,7.746035863722985,417.66114807128906,0.9594049770610316,9,123,1000,0.1,0.9,5,2e-05,8,128
student_bert-base-uncased_fs1000_supp123_seed0_tau0.5_a0.7,student,bert-base-uncased,,0.9078947368421053,0.9074811340621282,109485316,7.203402999342264,417.66114807128906,0.9592659530098708,0,123,1000,0.5,0.7,5,2e-05,8,128
student_bert-base-uncased_fs1000_supp123_seed0_tau1.0_a0.3,student,bert-base-uncased,,0.9078947368421053,0.9077274311576884,109485316,5.739418066999254,417.66114807128906,0.9592659530098708,0,123,1000,1.0,0.3,5,2e-05,8,128
student_bert-base-uncased_fs1000_supp123_seed1_tau0.1_a0.5,student,bert-base-uncased,,0.9078947368421053,0.9080333318266112,109485316,5.698721068135153,417.66114807128906,0.9592659530098708,1,123,1000,0.1,0.5,5,2e-05,8,128
student_bert-base-uncased_fs1000_supp123_seed7_tau0.1_a0.3,student,bert-base-uncased,,0.9078947368421053,0.9080672417629954,109485316,6.703845001175068,417.66114807128906,0.9592659530098708,7,123,1000,0.1,0.3,5,2e-05,8,128
student_bert-base-uncased_fs1000_supp123_seed7_tau1.0_a0.9,student,bert-base-uncased,,0.9078947368421053,0.9075934519827835,109485316,6.123976998302775,417.66114807128906,0.9592659530098708,7,123,1000,1.0,0.9,5,2e-05,8,128
student_bert-base-uncased_fs1000_supp123_seed8_tau3.0_a0.5,student,bert-base-uncased,,0.9078947368421053,0.9079447886858972,109485316,6.867746865221609,417.66114807128906,0.9592659530098708,8,123,1000,3.0,0.5,5,2e-05,8,128
student_bert-base-uncased_fs1000_supp123_seed0_tau1.5_a0.7,student,bert-base-uncased,,0.9077631578947368,0.9080577745701134,109485316,7.913294401563083,417.66114807128906,0.9591269289587099,0,123,1000,1.5,0.7,5,2e-05,8,128
student_bert-base-uncased_fs1000_supp123_seed3_tau1.5_a0.1,student,bert-base-uncased,,0.9077631578947368,0.9076056533282022,109485316,6.996405332271631,417.66114807128906,0.9591269289587099,3,123,1000,1.5,0.1,5,2e-05,8,128
student_bert-base-uncased_fs1000_supp123_seed5_tau0.5_a0.3,student,bert-base-uncased,,0.9077631578947368,0.9078836596194845,109485316,6.662729800639984,417.66114807128906,0.9591269289587099,5,123,1000,0.5,0.3,5,2e-05,8,128
student_bert-base-uncased_fs1000_supp123_seed7_tau0.1_a0.5,student,bert-base-uncased,,0.9077631578947368,0.9080073767303245,109485316,5.914384063604909,417.66114807128906,0.9591269289587099,7,123,1000,0.1,0.5,5,2e-05,8,128
student_bert-base-uncased_fs1000_supp123_seed9_tau2.5_a0.3,student,bert-base-uncased,,0.9077631578947368,0.9075275983891381,109485316,7.720980129670352,417.66114807128906,0.9591269289587099,9,123,1000,2.5,0.3,5,2e-05,8,128
student_bert-base-uncased_fs1000_supp123_seed9_tau2.5_a0.5,student,bert-base-uncased,,0.9077631578947368,0.9073129751743894,109485316,6.629662004221852,417.66114807128906,0.9591269289587099,9,123,1000,2.5,0.5,5,2e-05,8,128
student_bert-base-uncased_fs1000_supp123_seed2_tau3.0_a0.9,student,bert-base-uncased,,0.9076315789473685,0.9075200383473946,109485316,7.773287999831761,417.66114807128906,0.958987904907549,2,123,1000,3.0,0.9,5,2e-05,8,128
student_bert-base-uncased_fs1000_supp123_seed5_tau2.0_a0.9,student,bert-base-uncased,,0.9076315789473685,0.9078167065982662,109485316,6.024969399247008,417.66114807128906,0.958987904907549,5,123,1000,2.0,0.9,5,2e-05,8,128
student_bert-base-uncased_fs1000_supp123_seed8_tau2.0_a0.9,student,bert-base-uncased,,0.9076315789473685,0.9078839743490998,109485316,7.390071065553154,417.66114807128906,0.958987904907549,8,123,1000,2.0,0.9,5,2e-05,8,128
student_bert-base-uncased_fs1000_supp123_seed3_tau2.5_a0.9,student,bert-base-uncased,,0.9075,0.9077409932159246,109485316,7.534774200272902,417.66114807128906,0.9588488808563882,3,123,1000,2.5,0.9,5,2e-05,8,128
student_bert-base-uncased_fs1000_supp123_seed4_tau0.1_a0.5,student,bert-base-uncased,,0.9075,0.9075782642184067,109485316,6.470778933726251,417.66114807128906,0.9588488808563882,4,123,1000,0.1,0.5,5,2e-05,8,128
student_bert-base-uncased_fs1000_supp123_seed7_tau0.1_a0.1,student,bert-base-uncased,,0.9075,0.9072969476734851,109485316,7.799743267241865,417.66114807128906,0.9588488808563882,7,123,1000,0.1,0.1,5,2e-05,8,128
student_bert-base-uncased_fs1000_supp123_seed9_tau2.0_a0.7,student,bert-base-uncased,,0.9075,0.9072932240717327,109485316,6.512997666141018,417.66114807128906,0.9588488808563882,9,123,1000,2.0,0.7,5,2e-05,8,128
student_bert-base-uncased_fs1000_supp123_seed0_tau0.1_a0.5,student,bert-base-uncased,,0.9073684210526316,0.9074044304112523,109485316,7.636604201009807,417.66114807128906,0.9587098568052274,0,123,1000,0.1,0.5,5,2e-05,8,128
student_bert-base-uncased_fs1000_supp123_seed3_tau2.5_a0.7,student,bert-base-uncased,,0.9073684210526316,0.9066374323508791,109485316,6.6040349993272685,417.66114807128906,0.9587098568052274,3,123,1000,2.5,0.7,5,2e-05,8,128
student_bert-base-uncased_fs1000_supp123_seed9_tau1.5_a0.3,student,bert-base-uncased,,0.9073684210526316,0.9070617751757635,109485316,6.92068293186215,417.66114807128906,0.9587098568052274,9,123,1000,1.5,0.3,5,2e-05,8,128
student_bert-base-uncased_fs1000_supp123_seed2_tau0.1_a0.5,student,bert-base-uncased,,0.9072368421052631,0.9072049949099034,109485316,6.6009302022090806,417.66114807128906,0.9585708327540664,2,123,1000,0.1,0.5,5,2e-05,8,128
student_bert-base-uncased_fs1000_supp123_seed9_tau2.0_a0.1,student,bert-base-uncased,,0.9072368421052631,0.9068194031430606,109485316,6.081202331309517,417.66114807128906,0.9585708327540664,9,123,1000,2.0,0.1,5,2e-05,8,128
student_bert-base-uncased_fs1000_supp123_seed6_tau0.1_a0.1,student,bert-base-uncased,,0.9071052631578947,0.9069823701535235,109485316,7.247779000317678,417.66114807128906,0.9584318087029057,6,123,1000,0.1,0.1,5,2e-05,8,128
student_bert-base-uncased_fs1000_supp123_seed4_tau0.5_a0.7,student,bert-base-uncased,,0.9069736842105263,0.9070222518263127,109485316,7.105812332883943,417.66114807128906,0.9582927846517447,4,123,1000,0.5,0.7,5,2e-05,8,128
student_bert-base-uncased_fs1000_supp123_seed5_tau0.1_a0.3,student,bert-base-uncased,,0.9069736842105263,0.9066046445899698,109485316,7.631453266367316,417.66114807128906,0.9582927846517447,5,123,1000,0.1,0.3,5,2e-05,8,128
student_bert-base-uncased_fs1000_supp123_seed2_tau2.0_a0.7,student,bert-base-uncased,,0.9068421052631579,0.9065069211674756,109485316,9.03970819878547,417.66114807128906,0.958153760600584,2,123,1000,2.0,0.7,5,2e-05,8,128
student_bert-base-uncased_fs1000_supp123_seed4_tau2.5_a0.9,student,bert-base-uncased,,0.9068421052631579,0.9060749969191122,109485316,7.323184533743188,417.66114807128906,0.958153760600584,4,123,1000,2.5,0.9,5,2e-05,8,128
student_bert-base-uncased_fs1000_supp123_seed5_tau0.1_a0.7,student,bert-base-uncased,,0.9068421052631579,0.9071340616996136,109485316,6.636849732603878,417.66114807128906,0.958153760600584,5,123,1000,0.1,0.7,5,2e-05,8,128
student_bert-base-uncased_fs1000_supp123_seed5_tau1.0_a0.7,student,bert-base-uncased,,0.9068421052631579,0.9070629664099443,109485316,7.166236932971515,417.66114807128906,0.958153760600584,5,123,1000,1.0,0.7,5,2e-05,8,128
student_bert-base-uncased_fs1000_supp123_seed6_tau2.5_a0.7,student,bert-base-uncased,,0.9068421052631579,0.9068946925581808,109485316,6.401440200473492,417.66114807128906,0.958153760600584,6,123,1000,2.5,0.7,5,2e-05,8,128
student_bert-base-uncased_fs1000_supp123_seed9_tau0.1_a0.5,student,bert-base-uncased,,0.9068421052631579,0.9064467470158005,109485316,12.305894067200521,417.66114807128906,0.958153760600584,9,123,1000,0.1,0.5,5,2e-05,8,128
student_bert-base-uncased_fs1000_supp123_seed1_tau1.5_a0.7,student,bert-base-uncased,,0.9067105263157895,0.9064732598132659,109485316,6.8552069332023775,417.66114807128906,0.9580147365494232,1,123,1000,1.5,0.7,5,2e-05,8,128
student_bert-base-uncased_fs1000_supp123_seed4_tau0.5_a0.9,student,bert-base-uncased,,0.9067105263157895,0.9067007006456502,109485316,7.36858939975112,417.66114807128906,0.9580147365494232,4,123,1000,0.5,0.9,5,2e-05,8,128
student_bert-base-uncased_fs1000_supp123_seed5_tau0.1_a0.1,student,bert-base-uncased,,0.9067105263157895,0.906647291864221,109485316,8.288264400713766,417.66114807128906,0.9580147365494232,5,123,1000,0.1,0.1,5,2e-05,8,128
student_bert-base-uncased_fs1000_supp123_seed6_tau1.0_a0.1,student,bert-base-uncased,,0.9067105263157895,0.9070619541210149,109485316,8.029812332824804,417.66114807128906,0.9580147365494232,6,123,1000,1.0,0.1,5,2e-05,8,128
student_bert-base-uncased_fs1000_supp123_seed7_tau1.5_a0.5,student,bert-base-uncased,,0.9067105263157895,0.9068391702724513,109485316,7.085645933208677,417.66114807128906,0.9580147365494232,7,123,1000,1.5,0.5,5,2e-05,8,128
student_bert-base-uncased_fs1000_supp123_seed7_tau2.5_a0.9,student,bert-base-uncased,,0.9064473684210527,0.906468675054345,109485316,7.713773203431629,417.66114807128906,0.9577366884471015,7,123,1000,2.5,0.9,5,2e-05,8,128
student_bert-base-uncased_fs1000_supp123_seed9_tau2.0_a0.9,student,bert-base-uncased,,0.9064473684210527,0.9066176691190233,109485316,7.029220999296133,417.66114807128906,0.9577366884471015,9,123,1000,2.0,0.9,5,2e-05,8,128
student_bert-base-uncased_fs1000_supp123_seed9_tau3.0_a0.7,student,bert-base-uncased,,0.9064473684210527,0.9058593162361078,109485316,5.847910861484706,417.66114807128906,0.9577366884471015,9,123,1000,3.0,0.7,5,2e-05,8,128
student_bert-base-uncased_fs1000_supp123_seed0_tau1.0_a0.1,student,bert-base-uncased,,0.9063157894736842,0.9059248835471275,109485316,5.454896998223073,417.66114807128906,0.9575976643959405,0,123,1000,1.0,0.1,5,2e-05,8,128
student_bert-base-uncased_fs1000_supp123_seed1_tau0.5_a0.7,student,bert-base-uncased,,0.9063157894736842,0.9067661844195403,109485316,6.709551932969286,417.66114807128906,0.9575976643959405,1,123,1000,0.5,0.7,5,2e-05,8,128
student_bert-base-uncased_fs1000_supp123_seed5_tau0.1_a0.5,student,bert-base-uncased,,0.9061842105263158,0.9064123029823201,109485316,6.988756132583755,417.66114807128906,0.9574586403447797,5,123,1000,0.1,0.5,5,2e-05,8,128
student_bert-base-uncased_fs1000_supp123_seed8_tau3.0_a0.7,student,bert-base-uncased,,0.9061842105263158,0.9061432197540739,109485316,6.058388734042334,417.66114807128906,0.9574586403447797,8,123,1000,3.0,0.7,5,2e-05,8,128
student_bert-base-uncased_fs1000_supp123_seed9_tau0.1_a0.7,student,bert-base-uncased,,0.9061842105263158,0.9062181592230902,109485316,9.529497330853095,417.66114807128906,0.9574586403447797,9,123,1000,0.1,0.7,5,2e-05,8,128
student_bert-base-uncased_fs1000_supp123_seed0_tau3.0_a0.9,student,bert-base-uncased,,0.9060526315789473,0.9056143690305936,109485316,6.285979733608353,417.66114807128906,0.9573196162936188,0,123,1000,3.0,0.9,5,2e-05,8,128
student_bert-base-uncased_fs1000_supp123_seed4_tau2.0_a0.9,student,bert-base-uncased,,0.9060526315789473,0.9059906917983015,109485316,6.208854200182638,417.66114807128906,0.9573196162936188,4,123,1000,2.0,0.9,5,2e-05,8,128
student_bert-base-uncased_fs1000_supp123_seed8_tau0.5_a0.1,student,bert-base-uncased,,0.9060526315789473,0.9053894597030177,109485316,6.524472268453489,417.66114807128906,0.9573196162936188,8,123,1000,0.5,0.1,5,2e-05,8,128
student_bert-base-uncased_fs1000_supp123_seed0_tau2.0_a0.9,student,bert-base-uncased,,0.905921052631579,0.9057356756353592,109485316,5.93313086622705,417.66114807128906,0.957180592242458,0,123,1000,2.0,0.9,5,2e-05,8,128
student_bert-base-uncased_fs1000_supp123_seed1_tau3.0_a0.7,student,bert-base-uncased,,0.905921052631579,0.9053688459710908,109485316,6.306096731956738,417.66114807128906,0.957180592242458,1,123,1000,3.0,0.7,5,2e-05,8,128
student_bert-base-uncased_fs1000_supp123_seed9_tau1.5_a0.1,student,bert-base-uncased,,0.905921052631579,0.9051654194705705,109485316,6.485444666274513,417.66114807128906,0.957180592242458,9,123,1000,1.5,0.1,5,2e-05,8,128
student_bert-base-uncased_fs1000_supp123_seed9_tau2.0_a0.3,student,bert-base-uncased,,0.905921052631579,0.9052259089470513,109485316,8.49843819742091,417.66114807128906,0.957180592242458,9,123,1000,2.0,0.3,5,2e-05,8,128
student_bert-base-uncased_fs1000_supp123_seed6_tau0.1_a0.5,student,bert-base-uncased,,0.9057894736842105,0.9057345387745908,109485316,8.059384066533918,417.66114807128906,0.957041568191297,6,123,1000,0.1,0.5,5,2e-05,8,128
student_bert-base-uncased_fs1000_supp123_seed1_tau1.0_a0.7,student,bert-base-uncased,,0.9056578947368421,0.9057673151632776,109485316,7.383191199915018,417.66114807128906,0.9569025441401363,1,123,1000,1.0,0.7,5,2e-05,8,128
student_bert-base-uncased_fs1000_supp123_seed6_tau2.5_a0.9,student,bert-base-uncased,,0.9056578947368421,0.9054081686363116,109485316,6.186101269364978,417.66114807128906,0.9569025441401363,6,123,1000,2.5,0.9,5,2e-05,8,128
student_bert-base-uncased_fs1000_supp123_seed9_tau2.5_a0.7,student,bert-base-uncased,,0.9056578947368421,0.905332925127015,109485316,6.6708067335033165,417.66114807128906,0.9569025441401363,9,123,1000,2.5,0.7,5,2e-05,8,128
student_bert-base-uncased_fs1000_supp123_seed1_tau3.0_a0.9,student,bert-base-uncased,,0.9055263157894737,0.9056407508977011,109485316,7.054503600132496,417.66114807128906,0.9567635200889755,1,123,1000,3.0,0.9,5,2e-05,8,128
student_bert-base-uncased_fs1000_supp123_seed2_tau2.0_a0.3,student,bert-base-uncased,,0.9053947368421053,0.9058523910951897,109485316,6.370334665795478,417.66114807128906,0.9566244960378145,2,123,1000,2.0,0.3,5,2e-05,8,128
student_bert-base-uncased_fs1000_supp123_seed5_tau1.0_a0.5,student,bert-base-uncased,,0.9053947368421053,0.9050904103034891,109485316,7.406899268971756,417.66114807128906,0.9566244960378145,5,123,1000,1.0,0.5,5,2e-05,8,128
student_bert-base-uncased_fs1000_supp123_seed9_tau0.5_a0.7,student,bert-base-uncased,,0.9053947368421053,0.9057197878519714,109485316,6.844164597957085,417.66114807128906,0.9566244960378145,9,123,1000,0.5,0.7,5,2e-05,8,128
student_bert-base-uncased_fs1000_supp123_seed3_tau2.5_a0.1,student,bert-base-uncased,,0.9052631578947369,0.9053329609460827,109485316,6.04206419957336,417.66114807128906,0.9564854719866538,3,123,1000,2.5,0.1,5,2e-05,8,128
student_bert-base-uncased_fs1000_supp123_seed4_tau2.0_a0.3,student,bert-base-uncased,,0.9052631578947369,0.90547272313776,109485316,8.701696599503824,417.66114807128906,0.9564854719866538,4,123,1000,2.0,0.3,5,2e-05,8,128
student_bert-base-uncased_fs1000_supp123_seed2_tau1.0_a0.9,student,bert-base-uncased,,0.9051315789473684,0.9047695724804324,109485316,7.580850866118756,417.66114807128906,0.9563464479354928,2,123,1000,1.0,0.9,5,2e-05,8,128
student_bert-base-uncased_fs1000_supp123_seed5_tau1.5_a0.9,student,bert-base-uncased,,0.9051315789473684,0.9050265829144639,109485316,6.516803534274611,417.66114807128906,0.9563464479354928,5,123,1000,1.5,0.9,5,2e-05,8,128
student_bert-base-uncased_fs1000_supp123_seed5_tau2.0_a0.5,student,bert-base-uncased,,0.9051315789473684,0.9046733500437187,109485316,6.760192066819097,417.66114807128906,0.9563464479354928,5,123,1000,2.0,0.5,5,2e-05,8,128
student_bert-base-uncased_fs1000_supp123_seed0_tau0.1_a0.7,student,bert-base-uncased,,0.905,0.9044808266157901,109485316,7.166277333453763,417.66114807128906,0.9562074238843321,0,123,1000,0.1,0.7,5,2e-05,8,128
student_bert-base-uncased_fs1000_supp123_seed1_tau3.0_a0.1,student,bert-base-uncased,,0.905,0.9046142955960441,109485316,8.002187199599575,417.66114807128906,0.9562074238843321,1,123,1000,3.0,0.1,5,2e-05,8,128
student_bert-base-uncased_fs1000_supp123_seed5_tau0.1_a0.9,student,bert-base-uncased,,0.905,0.9044250931872501,109485316,6.830047664698213,417.66114807128906,0.9562074238843321,5,123,1000,0.1,0.9,5,2e-05,8,128
student_bert-base-uncased_fs1000_supp123_seed1_tau0.1_a0.1,student,bert-base-uncased,,0.9048684210526315,0.9042082976539568,109485316,7.642478600610048,417.66114807128906,0.9560683998331712,1,123,1000,0.1,0.1,5,2e-05,8,128
student_bert-base-uncased_fs1000_supp123_seed0_tau0.5_a0.9,student,bert-base-uncased,,0.9047368421052632,0.9049545586036764,109485316,6.523121465579607,417.66114807128906,0.9559293757820103,0,123,1000,0.5,0.9,5,2e-05,8,128
student_bert-base-uncased_fs1000_supp123_seed8_tau0.1_a0.5,student,bert-base-uncased,,0.9047368421052632,0.9043250392640441,109485316,6.452666065888479,417.66114807128906,0.9559293757820103,8,123,1000,0.1,0.5,5,2e-05,8,128
student_bert-base-uncased_fs1000_supp123_seed0_tau2.5_a0.7,student,bert-base-uncased,,0.9046052631578947,0.9048320731219245,109485316,5.88457473301484,417.66114807128906,0.9557903517308495,0,123,1000,2.5,0.7,5,2e-05,8,128
student_bert-base-uncased_fs1000_supp123_seed1_tau1.5_a0.9,student,bert-base-uncased,,0.9046052631578947,0.9048393963665368,109485316,7.398519466126648,417.66114807128906,0.9557903517308495,1,123,1000,1.5,0.9,5,2e-05,8,128
student_bert-base-uncased_fs1000_supp123_seed3_tau3.0_a0.1,student,bert-base-uncased,,0.9046052631578947,0.905078172607986,109485316,6.957780532441878,417.66114807128906,0.9557903517308495,3,123,1000,3.0,0.1,5,2e-05,8,128
student_bert-base-uncased_fs1000_supp123_seed3_tau0.5_a0.9,student,bert-base-uncased,,0.9044736842105263,0.9045540210197518,109485316,6.3033262665461125,417.66114807128906,0.9556513276796886,3,123,1000,0.5,0.9,5,2e-05,8,128
student_bert-base-uncased_fs1000_supp123_seed5_tau0.5_a0.5,student,bert-base-uncased,,0.9044736842105263,0.9039301543308059,109485316,7.5652857320771245,417.66114807128906,0.9556513276796886,5,123,1000,0.5,0.5,5,2e-05,8,128
student_bert-base-uncased_fs1000_supp123_seed0_tau2.5_a0.1,student,bert-base-uncased,,0.9042105263157895,0.9043640812445788,109485316,5.98044660097609,417.66114807128906,0.955373279577367,0,123,1000,2.5,0.1,5,2e-05,8,128
student_bert-base-uncased_fs1000_supp123_seed0_tau3.0_a0.5,student,bert-base-uncased,,0.9040789473684211,0.9039522924342988,109485316,7.56083813321311,417.66114807128906,0.9552342555262061,0,123,1000,3.0,0.5,5,2e-05,8,128
student_bert-base-uncased_fs1000_supp123_seed1_tau1.0_a0.3,student,bert-base-uncased,,0.9040789473684211,0.9040507691341061,109485316,5.894828865226979,417.66114807128906,0.9552342555262061,1,123,1000,1.0,0.3,5,2e-05,8,128
student_bert-base-uncased_fs1000_supp123_seed2_tau0.1_a0.1,student,bert-base-uncased,,0.9040789473684211,0.9041378779628451,109485316,10.862983601206603,417.66114807128906,0.9552342555262061,2,123,1000,0.1,0.1,5,2e-05,8,128
student_bert-base-uncased_fs1000_supp123_seed2_tau1.0_a0.3,student,bert-base-uncased,,0.9040789473684211,0.9043045370242291,109485316,7.006833267708619,417.66114807128906,0.9552342555262061,2,123,1000,1.0,0.3,5,2e-05,8,128
student_bert-base-uncased_fs1000_supp123_seed0_tau2.0_a0.1,student,bert-base-uncased,,0.9039473684210526,0.9041917104607242,109485316,5.4165863334977375,417.66114807128906,0.9550952314750452,0,123,1000,2.0,0.1,5,2e-05,8,128
student_bert-base-uncased_fs1000_supp123_seed0_tau2.5_a0.3,student,bert-base-uncased,,0.9039473684210526,0.9042870107504386,109485316,7.432853999974516,417.66114807128906,0.9550952314750452,0,123,1000,2.5,0.3,5,2e-05,8,128
student_bert-base-uncased_fs1000_supp123_seed0_tau2.5_a0.9,student,bert-base-uncased,,0.9039473684210526,0.9037302169954687,109485316,7.530373531820563,417.66114807128906,0.9550952314750452,0,123,1000,2.5,0.9,5,2e-05,8,128
student_bert-base-uncased_fs1000_supp123_seed2_tau3.0_a0.7,student,bert-base-uncased,,0.9038157894736842,0.9031549493255232,109485316,7.687570065415154,417.66114807128906,0.9549562074238844,2,123,1000,3.0,0.7,5,2e-05,8,128
student_bert-base-uncased_fs1000_supp123_seed4_tau0.1_a0.7,student,bert-base-uncased,,0.9038157894736842,0.9039476040417173,109485316,6.449291133321822,417.66114807128906,0.9549562074238844,4,123,1000,0.1,0.7,5,2e-05,8,128
student_bert-base-uncased_fs1000_supp123_seed6_tau0.1_a0.7,student,bert-base-uncased,,0.9036842105263158,0.9037032248609354,109485316,6.426683200212817,417.66114807128906,0.9548171833727235,6,123,1000,0.1,0.7,5,2e-05,8,128
student_bert-base-uncased_fs1000_supp123_seed8_tau0.5_a0.7,student,bert-base-uncased,,0.9036842105263158,0.9035975605311876,109485316,8.276656530991508,417.66114807128906,0.9548171833727235,8,123,1000,0.5,0.7,5,2e-05,8,128
student_bert-base-uncased_fs1000_supp123_seed1_tau0.5_a0.1,student,bert-base-uncased,,0.9034210526315789,0.9037856775177122,109485316,5.763602133083623,417.66114807128906,0.9545391352704018,1,123,1000,0.5,0.1,5,2e-05,8,128
student_bert-base-uncased_fs1000_supp123_seed3_tau0.5_a0.7,student,bert-base-uncased,,0.9034210526315789,0.9037531758270485,109485316,6.236651466557912,417.66114807128906,0.9545391352704018,3,123,1000,0.5,0.7,5,2e-05,8,128
student_bert-base-uncased_fs1000_supp123_seed7_tau0.5_a0.9,student,bert-base-uncased,,0.9034210526315789,0.9025718903609417,109485316,9.279409333248623,417.66114807128906,0.9545391352704018,7,123,1000,0.5,0.9,5,2e-05,8,128
student_bert-base-uncased_fs1000_supp123_seed8_tau3.0_a0.3,student,bert-base-uncased,,0.9034210526315789,0.9029154106128544,109485316,7.510289266550292,417.66114807128906,0.9545391352704018,8,123,1000,3.0,0.3,5,2e-05,8,128
student_bert-base-uncased_fs1000_supp123_seed1_tau0.5_a0.3,student,bert-base-uncased,,0.9032894736842105,0.9027561044573288,109485316,7.529126865362438,417.66114807128906,0.954400111219241,1,123,1000,0.5,0.3,5,2e-05,8,128
student_bert-base-uncased_fs1000_supp123_seed7_tau1.5_a0.9,student,bert-base-uncased,,0.9030263157894737,0.9028250557799131,109485316,11.19962346565444,417.66114807128906,0.9541220631169193,7,123,1000,1.5,0.9,5,2e-05,8,128
student_bert-base-uncased_fs1000_supp123_seed8_tau1.0_a0.9,student,bert-base-uncased,,0.9030263157894737,0.9024121515348342,109485316,8.044549732585438,417.66114807128906,0.9541220631169193,8,123,1000,1.0,0.9,5,2e-05,8,128
student_bert-base-uncased_fs1000_supp123_seed6_tau0.5_a0.9,student,bert-base-uncased,,0.9027631578947368,0.9016944577074638,109485316,6.710496998857707,417.66114807128906,0.9538440150145976,6,123,1000,0.5,0.9,5,2e-05,8,128
student_bert-base-uncased_fs1000_supp123_seed7_tau0.1_a0.7,student,bert-base-uncased,,0.9027631578947368,0.9029738321919699,109485316,5.944197467761114,417.66114807128906,0.9538440150145976,7,123,1000,0.1,0.7,5,2e-05,8,128
student_bert-base-uncased_fs1000_supp123_seed4_tau0.1_a0.3,student,bert-base-uncased,,0.9026315789473685,0.903246242084932,109485316,6.302269799440789,417.66114807128906,0.9537049909634367,4,123,1000,0.1,0.3,5,2e-05,8,128
student_bert-base-uncased_fs1000_supp123_seed3_tau3.0_a0.9,student,bert-base-uncased,,0.9022368421052631,0.9023110923336007,109485316,8.80667520056401,417.66114807128906,0.9532879188099541,3,123,1000,3.0,0.9,5,2e-05,8,128
student_bert-base-uncased_fs1000_supp123_seed9_tau1.0_a0.9,student,bert-base-uncased,,0.9022368421052631,0.9017356663371058,109485316,5.947518870622541,417.66114807128906,0.9532879188099541,9,123,1000,1.0,0.9,5,2e-05,8,128
student_bert-base-uncased_fs1000_supp123_seed5_tau2.5_a0.5,student,bert-base-uncased,,0.9021052631578947,0.9017336239632798,109485316,7.190343667753041,417.66114807128906,0.9531488947587933,5,123,1000,2.5,0.5,5,2e-05,8,128
student_bert-base-uncased_fs1000_supp123_seed6_tau1.0_a0.7,student,bert-base-uncased,,0.9014473684210527,0.9010760127161723,109485316,7.732819666853175,417.66114807128906,0.9524537745029891,6,123,1000,1.0,0.7,5,2e-05,8,128
student_bert-base-uncased_fs1000_supp123_seed0_tau1.0_a0.9,student,bert-base-uncased,,0.9011842105263158,0.9019708028041655,109485316,6.8244359334736755,417.66114807128906,0.9521757264006674,0,123,1000,1.0,0.9,5,2e-05,8,128
student_bert-base-uncased_fs1000_supp123_seed0_tau3.0_a0.3,student,bert-base-uncased,,0.900921052631579,0.900907159026981,109485316,5.812692467588931,417.66114807128906,0.9518976782983457,0,123,1000,3.0,0.3,5,2e-05,8,128
student_bert-base-uncased_fs1000_supp123_seed2_tau0.1_a0.9,student,bert-base-uncased,,0.9006578947368421,0.9008084972337477,109485316,7.331460065324791,417.66114807128906,0.9516196301960239,2,123,1000,0.1,0.9,5,2e-05,8,128
student_bert-base-uncased_fs1000_supp123_seed2_tau1.5_a0.7,student,bert-base-uncased,,0.9006578947368421,0.900225030989463,109485316,7.933154535324623,417.66114807128906,0.9516196301960239,2,123,1000,1.5,0.7,5,2e-05,8,128
student_bert-base-uncased_fs1000_supp123_seed3_tau1.5_a0.9,student,bert-base-uncased,,0.9005263157894737,0.8997625320926907,109485316,6.079025598592125,417.66114807128906,0.9514806061448632,3,123,1000,1.5,0.9,5,2e-05,8,128
student_bert-base-uncased_fs1000_supp123_seed3_tau0.1_a0.5,student,bert-base-uncased,,0.8997368421052632,0.8998515151685663,109485316,8.300422067016674,417.66114807128906,0.950646461837898,3,123,1000,0.1,0.5,5,2e-05,8,128
student_bert-base-uncased_fs1000_supp123_seed4_tau3.0_a0.9,student,bert-base-uncased,,0.8997368421052632,0.900253367642421,109485316,7.1380001327876625,417.66114807128906,0.950646461837898,4,123,1000,3.0,0.9,5,2e-05,8,128
student_bert-base-uncased_fs1000_supp123_seed0_tau3.0_a0.1,student,bert-base-uncased,,0.8996052631578947,0.8997924562173827,109485316,7.91376453465394,417.66114807128906,0.9505074377867371,0,123,1000,3.0,0.1,5,2e-05,8,128
student_bert-base-uncased_fs1000_supp123_seed5_tau1.0_a0.9,student,bert-base-uncased,,0.8996052631578947,0.8992072039721934,109485316,6.716427532956004,417.66114807128906,0.9505074377867371,5,123,1000,1.0,0.9,5,2e-05,8,128
student_bert-base-uncased_fs1000_supp123_seed6_tau2.0_a0.9,student,bert-base-uncased,,0.8990789473684211,0.8977200052721549,109485316,9.02437646582257,417.66114807128906,0.9499513415820938,6,123,1000,2.0,0.9,5,2e-05,8,128
student_bert-base-uncased_fs1000_supp123_seed8_tau0.1_a0.1,student,bert-base-uncased,,0.8989473684210526,0.898710890718297,109485316,7.566293199003364,417.66114807128906,0.9498123175309329,8,123,1000,0.1,0.1,5,2e-05,8,128
student_bert-base-uncased_fs1000_supp123_seed8_tau0.1_a0.7,student,bert-base-uncased,,0.8985526315789474,0.8989127350605794,109485316,7.11402573409335,417.66114807128906,0.9493952453774503,8,123,1000,0.1,0.7,5,2e-05,8,128
student_bert-base-uncased_fs1000_supp123_seed9_tau0.1_a0.3,student,bert-base-uncased,,0.8982894736842105,0.898261762430588,109485316,5.6377862677133335,417.66114807128906,0.9491171972751287,9,123,1000,0.1,0.3,5,2e-05,8,128
student_bert-base-uncased_fs1000_supp123_seed4_tau1.0_a0.9,student,bert-base-uncased,,0.8953947368421052,0.8948846372460624,109485316,6.652383733793006,417.66114807128906,0.9460586681495899,4,123,1000,1.0,0.9,5,2e-05,8,128
student_bert-base-uncased_fs1000_supp123_seed5_tau0.5_a0.9,student,bert-base-uncased,,0.8953947368421052,0.8946381914581808,109485316,7.31858593353536,417.66114807128906,0.9460586681495899,5,123,1000,0.5,0.9,5,2e-05,8,128
student_bert-base-uncased_fs1000_supp123_seed9_tau2.5_a0.9,student,bert-base-uncased,,0.8922368421052631,0.8909980964358857,109485316,6.359913659980521,417.66114807128906,0.9427220909217294,9,123,1000,2.5,0.9,5,2e-05,8,128
student_bert-base-uncased_fs1000_supp123_seed1_tau1.0_a0.9,student,bert-base-uncased,,0.8918421052631579,0.8916574644114874,109485316,6.107788666849956,417.66114807128906,0.9423050187682469,1,123,1000,1.0,0.9,5,2e-05,8,128
student_bert-base-uncased_fs1000_supp123_seed9_tau0.1_a0.1,student,bert-base-uncased,,0.890921052631579,0.8901948319480706,109485316,5.9999165978903575,417.66114807128906,0.941331850410121,9,123,1000,0.1,0.1,5,2e-05,8,128
student_bert-base-uncased_fs1000_supp123_seed3_tau1.5_a0.7,student,bert-base-uncased,,0.8890789473684211,0.8877089157369737,109485316,6.259548732972083,417.66114807128906,0.9393855136938691,3,123,1000,1.5,0.7,5,2e-05,8,128
student_bert-base-uncased_fs1000_supp123_seed3_tau0.1_a0.3,student,bert-base-uncased,,0.8881578947368421,0.8860648671000837,109485316,6.963534000290868,417.66114807128906,0.9384123453357431,3,123,1000,0.1,0.3,5,2e-05,8,128
student_bert-base-uncased_fs1000_supp123_seed9_tau1.0_a0.5,student,bert-base-uncased,,0.8869736842105264,0.8859282101603461,109485316,6.3027479317194475,417.66114807128906,0.9371611288752955,9,123,1000,1.0,0.5,5,2e-05,8,128
student_bert-base-uncased_fs1000_supp123_seed8_tau0.1_a0.9,student,bert-base-uncased,,0.885,0.885254314877499,109485316,7.166761132733275,417.66114807128906,0.9350757681078827,8,123,1000,0.1,0.9,5,2e-05,8,128
student_bert-base-uncased_fs100_supp123_seed6_tau1.5_a0.1,student,bert-base-uncased,,0.8836842105263157,0.8836904017888345,109485316,6.227258666331181,417.66114807128906,0.9336855275962741,6,123,100,1.5,0.1,5,2e-05,8,128
student_bert-base-uncased_fs100_supp123_seed6_tau3.0_a0.3,student,bert-base-uncased,,0.8836842105263157,0.8835864789028353,109485316,5.880343933192004,417.66114807128906,0.9336855275962741,6,123,100,3.0,0.3,5,2e-05,8,128
student_bert-base-uncased_fs100_supp123_seed0_tau3.0_a0.3,student,bert-base-uncased,,0.8831578947368421,0.8831784766421072,109485316,5.264000866615485,417.66114807128906,0.9331294313916308,0,123,100,3.0,0.3,5,2e-05,8,128
student_bert-base-uncased_fs100_supp123_seed0_tau3.0_a0.1,student,bert-base-uncased,,0.8830263157894737,0.8829750557915613,109485316,6.923985466589026,417.66114807128906,0.9329904073404699,0,123,100,3.0,0.1,5,2e-05,8,128
student_bert-base-uncased_fs100_supp123_seed0_tau2.0_a0.1,student,bert-base-uncased,,0.8825,0.8823449298901068,109485316,5.477046800054571,417.66114807128906,0.9324343111358265,0,123,100,2.0,0.1,5,2e-05,8,128
student_bert-base-uncased_fs100_supp123_seed6_tau1.5_a0.3,student,bert-base-uncased,,0.8818421052631579,0.8816025160090493,109485316,5.998710665638403,417.66114807128906,0.9317391908800222,6,123,100,1.5,0.3,5,2e-05,8,128
student_bert-base-uncased_fs100_supp123_seed5_tau2.0_a0.3,student,bert-base-uncased,,0.8817105263157895,0.8815974477393438,109485316,6.245162934161878,417.66114807128906,0.9316001668288615,5,123,100,2.0,0.3,5,2e-05,8,128
student_bert-base-uncased_fs100_supp123_seed0_tau1.5_a0.5,student,bert-base-uncased,,0.881578947368421,0.8814283005283182,109485316,5.716490533814067,417.66114807128906,0.9314611427777005,0,123,100,1.5,0.5,5,2e-05,8,128
student_bert-base-uncased_fs100_supp123_seed0_tau2.0_a0.3,student,bert-base-uncased,,0.8807894736842106,0.8809808864826234,109485316,5.823595199763076,417.66114807128906,0.9306269984707355,0,123,100,2.0,0.3,5,2e-05,8,128
student_bert-base-uncased_fs100_supp123_seed6_tau0.5_a0.3,student,bert-base-uncased,,0.8807894736842106,0.8804300630012076,109485316,6.04277579986956,417.66114807128906,0.9306269984707355,6,123,100,0.5,0.3,5,2e-05,8,128
student_bert-base-uncased_fs100_supp123_seed6_tau0.1_a0.9,student,bert-base-uncased,,0.8806578947368421,0.880582987377798,109485316,6.285983000028257,417.66114807128906,0.9304879744195746,6,123,100,0.1,0.9,5,2e-05,8,128
student_bert-base-uncased_fs100_supp123_seed6_tau0.5_a0.1,student,bert-base-uncased,,0.8806578947368421,0.8801922902612994,109485316,6.957685733262527,417.66114807128906,0.9304879744195746,6,123,100,0.5,0.1,5,2e-05,8,128
student_bert-base-uncased_fs100_supp123_seed6_tau2.5_a0.7,student,bert-base-uncased,,0.8806578947368421,0.8802671595903595,109485316,6.642783733453446,417.66114807128906,0.9304879744195746,6,123,100,2.5,0.7,5,2e-05,8,128
student_bert-base-uncased_fs100_supp123_seed6_tau0.5_a0.5,student,bert-base-uncased,,0.8805263157894737,0.8806015873661253,109485316,5.9148671993170865,417.66114807128906,0.9303489503684138,6,123,100,0.5,0.5,5,2e-05,8,128
student_bert-base-uncased_fs100_supp123_seed6_tau3.0_a0.5,student,bert-base-uncased,,0.8805263157894737,0.8797738865687998,109485316,6.2994517997140065,417.66114807128906,0.9303489503684138,6,123,100,3.0,0.5,5,2e-05,8,128
student_bert-base-uncased_fs100_supp123_seed6_tau0.1_a0.1,student,bert-base-uncased,,0.8802631578947369,0.8799856964283441,109485316,8.481033133769719,417.66114807128906,0.9300709022660921,6,123,100,0.1,0.1,5,2e-05,8,128
student_bert-base-uncased_fs100_supp123_seed6_tau3.0_a0.1,student,bert-base-uncased,,0.8802631578947369,0.8803871104141333,109485316,7.520343666449965,417.66114807128906,0.9300709022660921,6,123,100,3.0,0.1,5,2e-05,8,128
student_bert-base-uncased_fs100_supp123_seed0_tau2.5_a0.3,student,bert-base-uncased,,0.8801315789473684,0.880285923678687,109485316,5.1005690665382035,417.66114807128906,0.9299318782149312,0,123,100,2.5,0.3,5,2e-05,8,128
student_bert-base-uncased_fs100_supp123_seed6_tau1.0_a0.3,student,bert-base-uncased,,0.8801315789473684,0.8799291090336175,109485316,6.924268734292127,417.66114807128906,0.9299318782149312,6,123,100,1.0,0.3,5,2e-05,8,128
student_bert-base-uncased_fs100_supp123_seed6_tau2.5_a0.1,student,bert-base-uncased,,0.8801315789473684,0.8799718783200524,109485316,6.249419999464105,417.66114807128906,0.9299318782149312,6,123,100,2.5,0.1,5,2e-05,8,128
student_bert-base-uncased_fs100_supp123_seed0_tau1.0_a0.3,student,bert-base-uncased,,0.88,0.8801063689013845,109485316,6.57391479993142,417.66114807128906,0.9297928541637703,0,123,100,1.0,0.3,5,2e-05,8,128
student_bert-base-uncased_fs100_supp123_seed6_tau3.0_a0.7,student,bert-base-uncased,,0.88,0.8798180125796013,109485316,5.911169600585708,417.66114807128906,0.9297928541637703,6,123,100,3.0,0.7,5,2e-05,8,128
student_bert-base-uncased_fs100_supp123_seed0_tau1.5_a0.3,student,bert-base-uncased,,0.8798684210526316,0.8798462243245309,109485316,6.379354933475649,417.66114807128906,0.9296538301126096,0,123,100,1.5,0.3,5,2e-05,8,128
student_bert-base-uncased_fs100_supp123_seed2_tau0.1_a0.3,student,bert-base-uncased,,0.8797368421052632,0.8799417811122474,109485316,5.788801066228189,417.66114807128906,0.9295148060614487,2,123,100,0.1,0.3,5,2e-05,8,128
student_bert-base-uncased_fs100_supp123_seed5_tau2.5_a0.1,student,bert-base-uncased,,0.8796052631578948,0.8793705292147571,109485316,6.2718431336785825,417.66114807128906,0.9293757820102878,5,123,100,2.5,0.1,5,2e-05,8,128
student_bert-base-uncased_fs100_supp123_seed6_tau1.5_a0.9,student,bert-base-uncased,,0.8796052631578948,0.8792857044288072,109485316,7.22971086652251,417.66114807128906,0.9293757820102878,6,123,100,1.5,0.9,5,2e-05,8,128
student_bert-base-uncased_fs100_supp123_seed2_tau3.0_a0.5,student,bert-base-uncased,,0.8794736842105263,0.8793141738027872,109485316,6.674720666584714,417.66114807128906,0.929236757959127,2,123,100,3.0,0.5,5,2e-05,8,128
student_bert-base-uncased_fs100_supp123_seed6_tau0.5_a0.9,student,bert-base-uncased,,0.8794736842105263,0.8793166392703082,109485316,6.55482506675374,417.66114807128906,0.929236757959127,6,123,100,0.5,0.9,5,2e-05,8,128
student_bert-base-uncased_fs100_supp123_seed9_tau2.0_a0.3,student,bert-base-uncased,,0.8794736842105263,0.8795638306740653,109485316,8.102753933053464,417.66114807128906,0.929236757959127,9,123,100,2.0,0.3,5,2e-05,8,128
student_bert-base-uncased_fs100_supp123_seed5_tau2.0_a0.1,student,bert-base-uncased,,0.8793421052631579,0.8791504206065286,109485316,7.1176200663709706,417.66114807128906,0.9290977339079661,5,123,100,2.0,0.1,5,2e-05,8,128
student_bert-base-uncased_fs100_supp123_seed6_tau0.5_a0.7,student,bert-base-uncased,,0.8792105263157894,0.8790594414709837,109485316,7.061466466984712,417.66114807128906,0.9289587098568053,6,123,100,0.5,0.7,5,2e-05,8,128
student_bert-base-uncased_fs100_supp123_seed6_tau1.0_a0.9,student,bert-base-uncased,,0.8792105263157894,0.8790727174306978,109485316,5.88473073366913,417.66114807128906,0.9289587098568053,6,123,100,1.0,0.9,5,2e-05,8,128
student_bert-base-uncased_fs100_supp123_seed0_tau0.1_a0.7,student,bert-base-uncased,,0.8790789473684211,0.8789740476411837,109485316,6.2799814665292315,417.66114807128906,0.9288196858056444,0,123,100,0.1,0.7,5,2e-05,8,128
student_bert-base-uncased_fs100_supp123_seed0_tau0.1_a0.5,student,bert-base-uncased,,0.8789473684210526,0.8787835460942408,109485316,7.15218233356912,417.66114807128906,0.9286806617544835,0,123,100,0.1,0.5,5,2e-05,8,128
student_bert-base-uncased_fs100_supp123_seed0_tau2.0_a0.5,student,bert-base-uncased,,0.8789473684210526,0.8790814753450751,109485316,6.215971599885961,417.66114807128906,0.9286806617544835,0,123,100,2.0,0.5,5,2e-05,8,128
student_bert-base-uncased_fs100_supp123_seed5_tau3.0_a0.1,student,bert-base-uncased,,0.8789473684210526,0.8787420982574294,109485316,7.8579218667679624,417.66114807128906,0.9286806617544835,5,123,100,3.0,0.1,5,2e-05,8,128
student_bert-base-uncased_fs100_supp123_seed6_tau3.0_a0.9,student,bert-base-uncased,,0.8789473684210526,0.878476607322877,109485316,7.0012320002812585,417.66114807128906,0.9286806617544835,6,123,100,3.0,0.9,5,2e-05,8,128
student_bert-base-uncased_fs100_supp123_seed0_tau1.0_a0.1,student,bert-base-uncased,,0.8788157894736842,0.878806321474407,109485316,5.907026999921072,417.66114807128906,0.9285416377033228,0,123,100,1.0,0.1,5,2e-05,8,128
student_bert-base-uncased_fs100_supp123_seed9_tau3.0_a0.3,student,bert-base-uncased,,0.8788157894736842,0.8786377872910107,109485316,6.608214133302681,417.66114807128906,0.9285416377033228,9,123,100,3.0,0.3,5,2e-05,8,128
student_bert-base-uncased_fs100_supp123_seed0_tau2.5_a0.7,student,bert-base-uncased,,0.8786842105263157,0.8787018155023977,109485316,7.814039866692231,417.66114807128906,0.9284026136521618,0,123,100,2.5,0.7,5,2e-05,8,128
student_bert-base-uncased_fs100_supp123_seed2_tau1.0_a0.5,student,bert-base-uncased,,0.8786842105263157,0.8785238288271962,109485316,7.354437000321923,417.66114807128906,0.9284026136521618,2,123,100,1.0,0.5,5,2e-05,8,128
student_bert-base-uncased_fs100_supp123_seed6_tau0.1_a0.5,student,bert-base-uncased,,0.8786842105263157,0.8784624060330146,109485316,6.383708199912992,417.66114807128906,0.9284026136521618,6,123,100,0.1,0.5,5,2e-05,8,128
student_bert-base-uncased_fs100_supp123_seed6_tau2.0_a0.7,student,bert-base-uncased,,0.8786842105263157,0.8783296341877096,109485316,5.829712066770298,417.66114807128906,0.9284026136521618,6,123,100,2.0,0.7,5,2e-05,8,128
student_bert-base-uncased_fs100_supp123_seed8_tau3.0_a0.7,student,bert-base-uncased,,0.8786842105263157,0.8788233096920252,109485316,7.420866533842248,417.66114807128906,0.9284026136521618,8,123,100,3.0,0.7,5,2e-05,8,128
student_bert-base-uncased_fs100_supp123_seed0_tau0.5_a0.5,student,bert-base-uncased,,0.8785526315789474,0.878575988423524,109485316,6.592778733587086,417.66114807128906,0.928263589601001,0,123,100,0.5,0.5,5,2e-05,8,128
student_bert-base-uncased_fs100_supp123_seed0_tau2.5_a0.1,student,bert-base-uncased,,0.8785526315789474,0.8785233791473436,109485316,5.541831066875602,417.66114807128906,0.928263589601001,0,123,100,2.5,0.1,5,2e-05,8,128
student_bert-base-uncased_fs100_supp123_seed6_tau2.5_a0.5,student,bert-base-uncased,,0.8785526315789474,0.8778628666326048,109485316,8.41172246679586,417.66114807128906,0.928263589601001,6,123,100,2.5,0.5,5,2e-05,8,128
student_bert-base-uncased_fs100_supp123_seed0_tau2.0_a0.9,student,bert-base-uncased,,0.878421052631579,0.8784699913710728,109485316,6.005823067001377,417.66114807128906,0.9281245655498402,0,123,100,2.0,0.9,5,2e-05,8,128
student_bert-base-uncased_fs100_supp123_seed6_tau2.0_a0.9,student,bert-base-uncased,,0.878421052631579,0.8780360000803882,109485316,5.775043866742635,417.66114807128906,0.9281245655498402,6,123,100,2.0,0.9,5,2e-05,8,128
student_bert-base-uncased_fs100_supp123_seed0_tau1.5_a0.7,student,bert-base-uncased,,0.8782894736842105,0.878367008989029,109485316,5.428175666747848,417.66114807128906,0.9279855414986793,0,123,100,1.5,0.7,5,2e-05,8,128
student_bert-base-uncased_fs100_supp123_seed0_tau0.5_a0.1,student,bert-base-uncased,,0.8781578947368421,0.8784465020732037,109485316,5.557412000052864,417.66114807128906,0.9278465174475184,0,123,100,0.5,0.1,5,2e-05,8,128
student_bert-base-uncased_fs100_supp123_seed0_tau2.0_a0.7,student,bert-base-uncased,,0.8781578947368421,0.8783610714828297,109485316,5.358541333528895,417.66114807128906,0.9278465174475184,0,123,100,2.0,0.7,5,2e-05,8,128
student_bert-base-uncased_fs100_supp123_seed0_tau2.5_a0.5,student,bert-base-uncased,,0.8781578947368421,0.8783104731848848,109485316,6.397737333342472,417.66114807128906,0.9278465174475184,0,123,100,2.5,0.5,5,2e-05,8,128
student_bert-base-uncased_fs100_supp123_seed5_tau2.5_a0.5,student,bert-base-uncased,,0.8780263157894737,0.8779090173105277,109485316,6.221465466660447,417.66114807128906,0.9277074933963576,5,123,100,2.5,0.5,5,2e-05,8,128
student_bert-base-uncased_fs100_supp123_seed6_tau2.5_a0.3,student,bert-base-uncased,,0.8780263157894737,0.8778670512984967,109485316,7.435491133461862,417.66114807128906,0.9277074933963576,6,123,100,2.5,0.3,5,2e-05,8,128
student_bert-base-uncased_fs100_supp123_seed8_tau3.0_a0.1,student,bert-base-uncased,,0.8780263157894737,0.8780900746060076,109485316,5.83198119905622,417.66114807128906,0.9277074933963576,8,123,100,3.0,0.1,5,2e-05,8,128
student_bert-base-uncased_fs100_supp123_seed8_tau3.0_a0.3,student,bert-base-uncased,,0.8780263157894737,0.8783439538720784,109485316,5.9863289997641305,417.66114807128906,0.9277074933963576,8,123,100,3.0,0.3,5,2e-05,8,128
student_bert-base-uncased_fs100_supp123_seed0_tau1.0_a0.5,student,bert-base-uncased,,0.8778947368421053,0.8777861778946768,109485316,5.335575133479627,417.66114807128906,0.9275684693451968,0,123,100,1.0,0.5,5,2e-05,8,128
student_bert-base-uncased_fs100_supp123_seed0_tau1.0_a0.7,student,bert-base-uncased,,0.8778947368421053,0.8779103245244841,109485316,5.6139939998198924,417.66114807128906,0.9275684693451968,0,123,100,1.0,0.7,5,2e-05,8,128
student_bert-base-uncased_fs100_supp123_seed5_tau2.0_a0.5,student,bert-base-uncased,,0.8778947368421053,0.8776994040502892,109485316,6.340354466374265,417.66114807128906,0.9275684693451968,5,123,100,2.0,0.5,5,2e-05,8,128
student_bert-base-uncased_fs100_supp123_seed8_tau2.0_a0.1,student,bert-base-uncased,,0.8778947368421053,0.8780275524086596,109485316,6.203535599828077,417.66114807128906,0.9275684693451968,8,123,100,2.0,0.1,5,2e-05,8,128
student_bert-base-uncased_fs100_supp123_seed8_tau2.0_a0.5,student,bert-base-uncased,,0.8778947368421053,0.8782689694204975,109485316,6.964026133452232,417.66114807128906,0.9275684693451968,8,123,100,2.0,0.5,5,2e-05,8,128
student_bert-base-uncased_fs100_supp123_seed6_tau1.5_a0.7,student,bert-base-uncased,,0.8777631578947368,0.8775650467880858,109485316,6.572688733528291,417.66114807128906,0.9274294452940358,6,123,100,1.5,0.7,5,2e-05,8,128
student_bert-base-uncased_fs100_supp123_seed5_tau0.5_a0.3,student,bert-base-uncased,,0.8775,0.8773719116799666,109485316,7.929914133516529,417.66114807128906,0.9271513971917141,5,123,100,0.5,0.3,5,2e-05,8,128
student_bert-base-uncased_fs100_supp123_seed2_tau2.5_a0.5,student,bert-base-uncased,,0.8773684210526316,0.8774405644304317,109485316,7.763216066814493,417.66114807128906,0.9270123731405534,2,123,100,2.5,0.5,5,2e-05,8,128
student_bert-base-uncased_fs100_supp123_seed0_tau0.1_a0.9,student,bert-base-uncased,,0.8772368421052632,0.8770511716719847,109485316,6.042916866742114,417.66114807128906,0.9268733490893926,0,123,100,0.1,0.9,5,2e-05,8,128
student_bert-base-uncased_fs100_supp123_seed2_tau1.0_a0.7,student,bert-base-uncased,,0.8772368421052632,0.8772602569297393,109485316,5.919779332907638,417.66114807128906,0.9268733490893926,2,123,100,1.0,0.7,5,2e-05,8,128
student_bert-base-uncased_fs100_supp123_seed6_tau2.0_a0.1,student,bert-base-uncased,,0.8772368421052632,0.8771514187227698,109485316,7.834992800053442,417.66114807128906,0.9268733490893926,6,123,100,2.0,0.1,5,2e-05,8,128
student_bert-base-uncased_fs100_supp123_seed5_tau1.0_a0.3,student,bert-base-uncased,,0.8771052631578947,0.8770826492750663,109485316,6.164950332701362,417.66114807128906,0.9267343250382316,5,123,100,1.0,0.3,5,2e-05,8,128
student_bert-base-uncased_fs100_supp123_seed5_tau3.0_a0.5,student,bert-base-uncased,,0.8771052631578947,0.8769830824918086,109485316,6.787787732901052,417.66114807128906,0.9267343250382316,5,123,100,3.0,0.5,5,2e-05,8,128
student_bert-base-uncased_fs100_supp123_seed6_tau1.5_a0.5,student,bert-base-uncased,,0.8771052631578947,0.8765313019129526,109485316,6.686801799757329,417.66114807128906,0.9267343250382316,6,123,100,1.5,0.5,5,2e-05,8,128
student_bert-base-uncased_fs100_supp123_seed8_tau0.5_a0.5,student,bert-base-uncased,,0.8771052631578947,0.8770771135417884,109485316,5.988593667279929,417.66114807128906,0.9267343250382316,8,123,100,0.5,0.5,5,2e-05,8,128
student_bert-base-uncased_fs100_supp123_seed9_tau2.5_a0.5,student,bert-base-uncased,,0.8771052631578947,0.8770028858878869,109485316,7.528512732339247,417.66114807128906,0.9267343250382316,9,123,100,2.5,0.5,5,2e-05,8,128
student_bert-base-uncased_fs100_supp123_seed6_tau2.0_a0.3,student,bert-base-uncased,,0.8767105263157895,0.87677493974363,109485316,7.094866133411415,417.66114807128906,0.9263172528847491,6,123,100,2.0,0.3,5,2e-05,8,128
student_bert-base-uncased_fs100_supp123_seed1_tau3.0_a0.1,student,bert-base-uncased,,0.876578947368421,0.8764632011381542,109485316,5.26420099971195,417.66114807128906,0.9261782288335882,1,123,100,3.0,0.1,5,2e-05,8,128
student_bert-base-uncased_fs100_supp123_seed8_tau3.0_a0.5,student,bert-base-uncased,,0.876578947368421,0.8768466847164919,109485316,6.03754973320368,417.66114807128906,0.9261782288335882,8,123,100,3.0,0.5,5,2e-05,8,128
student_bert-base-uncased_fs100_supp123_seed4_tau1.0_a0.9,student,bert-base-uncased,,0.8763157894736842,0.8762877672995171,109485316,7.5591121332157245,417.66114807128906,0.9259001807312665,4,123,100,1.0,0.9,5,2e-05,8,128
student_bert-base-uncased_fs100_supp123_seed5_tau1.5_a0.5,student,bert-base-uncased,,0.8763157894736842,0.8761052510579257,109485316,6.042350400336242,417.66114807128906,0.9259001807312665,5,123,100,1.5,0.5,5,2e-05,8,128
student_bert-base-uncased_fs100_supp123_seed8_tau0.1_a0.9,student,bert-base-uncased,,0.8763157894736842,0.8762052998922449,109485316,6.604468400473706,417.66114807128906,0.9259001807312665,8,123,100,0.1,0.9,5,2e-05,8,128
student_bert-base-uncased_fs100_supp123_seed8_tau1.5_a0.7,student,bert-base-uncased,,0.8763157894736842,0.8765311549172574,109485316,6.344813866113934,417.66114807128906,0.9259001807312665,8,123,100,1.5,0.7,5,2e-05,8,128
student_bert-base-uncased_fs100_supp123_seed1_tau2.5_a0.9,student,bert-base-uncased,,0.8761842105263158,0.8761797000307766,109485316,7.103208132563547,417.66114807128906,0.9257611566801057,1,123,100,2.5,0.9,5,2e-05,8,128
student_bert-base-uncased_fs100_supp123_seed8_tau2.0_a0.3,student,bert-base-uncased,,0.8761842105263158,0.8763935363810373,109485316,6.153937933656077,417.66114807128906,0.9257611566801057,8,123,100,2.0,0.3,5,2e-05,8,128
student_bert-base-uncased_fs100_supp123_seed9_tau1.5_a0.3,student,bert-base-uncased,,0.8761842105263158,0.8760844764582916,109485316,6.033094334998168,417.66114807128906,0.9257611566801057,9,123,100,1.5,0.3,5,2e-05,8,128
student_bert-base-uncased_fs100_supp123_seed0_tau1.5_a0.1,student,bert-base-uncased,,0.8760526315789474,0.8762493543791969,109485316,7.806074066562966,417.66114807128906,0.9256221326289449,0,123,100,1.5,0.1,5,2e-05,8,128
student_bert-base-uncased_fs100_supp123_seed2_tau2.0_a0.5,student,bert-base-uncased,,0.8760526315789474,0.8760447196674452,109485316,9.174532333175497,417.66114807128906,0.9256221326289449,2,123,100,2.0,0.5,5,2e-05,8,128
student_bert-base-uncased_fs100_supp123_seed8_tau2.0_a0.7,student,bert-base-uncased,,0.8760526315789474,0.8761274385412092,109485316,7.512635400053114,417.66114807128906,0.9256221326289449,8,123,100,2.0,0.7,5,2e-05,8,128
student_bert-base-uncased_fs100_supp123_seed5_tau1.5_a0.1,student,bert-base-uncased,,0.8759210526315789,0.8755087331887057,109485316,8.68094246640491,417.66114807128906,0.9254831085777839,5,123,100,1.5,0.1,5,2e-05,8,128
student_bert-base-uncased_fs100_supp123_seed5_tau2.5_a0.3,student,bert-base-uncased,,0.8759210526315789,0.8756526502525341,109485316,7.141493466770044,417.66114807128906,0.9254831085777839,5,123,100,2.5,0.3,5,2e-05,8,128
student_bert-base-uncased_fs100_supp123_seed7_tau1.5_a0.7,student,bert-base-uncased,,0.8759210526315789,0.8762659055551819,109485316,6.025888000294799,417.66114807128906,0.9254831085777839,7,123,100,1.5,0.7,5,2e-05,8,128
student_bert-base-uncased_fs100_supp123_seed0_tau0.5_a0.3,student,bert-base-uncased,,0.8757894736842106,0.8760304857773172,109485316,6.419504866425996,417.66114807128906,0.9253440845266232,0,123,100,0.5,0.3,5,2e-05,8,128
student_bert-base-uncased_fs100_supp123_seed1_tau1.5_a0.5,student,bert-base-uncased,,0.8757894736842106,0.8759845249131321,109485316,6.087094666872872,417.66114807128906,0.9253440845266232,1,123,100,1.5,0.5,5,2e-05,8,128
student_bert-base-uncased_fs100_supp123_seed2_tau1.0_a0.1,student,bert-base-uncased,,0.8757894736842106,0.8760876084420546,109485316,6.420256000031562,417.66114807128906,0.9253440845266232,2,123,100,1.0,0.1,5,2e-05,8,128
student_bert-base-uncased_fs100_supp123_seed2_tau2.0_a0.7,student,bert-base-uncased,,0.8757894736842106,0.8761308042904705,109485316,8.55507380013781,417.66114807128906,0.9253440845266232,2,123,100,2.0,0.7,5,2e-05,8,128
student_bert-base-uncased_fs100_supp123_seed7_tau2.0_a0.1,student,bert-base-uncased,,0.8757894736842106,0.8762370113248086,109485316,5.983596799584727,417.66114807128906,0.9253440845266232,7,123,100,2.0,0.1,5,2e-05,8,128
student_bert-base-uncased_fs100_supp123_seed7_tau3.0_a0.9,student,bert-base-uncased,,0.8757894736842106,0.8762288205270685,109485316,5.966408666427014,417.66114807128906,0.9253440845266232,7,123,100,3.0,0.9,5,2e-05,8,128
student_bert-base-uncased_fs100_supp123_seed0_tau0.1_a0.1,student,bert-base-uncased,,0.8756578947368421,0.8762978257048264,109485316,5.367777533562427,417.66114807128906,0.9252050604754622,0,123,100,0.1,0.1,5,2e-05,8,128
student_bert-base-uncased_fs100_supp123_seed1_tau2.5_a0.5,student,bert-base-uncased,,0.8756578947368421,0.8755697122520333,109485316,6.856949667174679,417.66114807128906,0.9252050604754622,1,123,100,2.5,0.5,5,2e-05,8,128
student_bert-base-uncased_fs100_supp123_seed2_tau1.5_a0.9,student,bert-base-uncased,,0.8756578947368421,0.8759379401332421,109485316,8.849654200215204,417.66114807128906,0.9252050604754622,2,123,100,1.5,0.9,5,2e-05,8,128
student_bert-base-uncased_fs100_supp123_seed5_tau0.5_a0.7,student,bert-base-uncased,,0.8756578947368421,0.8754697188948728,109485316,5.993763666629093,417.66114807128906,0.9252050604754622,5,123,100,0.5,0.7,5,2e-05,8,128
student_bert-base-uncased_fs100_supp123_seed6_tau2.0_a0.5,student,bert-base-uncased,,0.8756578947368421,0.87525821883449,109485316,6.17478180041265,417.66114807128906,0.9252050604754622,6,123,100,2.0,0.5,5,2e-05,8,128
student_bert-base-uncased_fs100_supp123_seed7_tau0.1_a0.9,student,bert-base-uncased,,0.8756578947368421,0.8761174592362533,109485316,6.455762399127707,417.66114807128906,0.9252050604754622,7,123,100,0.1,0.9,5,2e-05,8,128
student_bert-base-uncased_fs100_supp123_seed2_tau1.0_a0.3,student,bert-base-uncased,,0.8755263157894737,0.8754736627257494,109485316,8.456960466961997,417.66114807128906,0.9250660364243015,2,123,100,1.0,0.3,5,2e-05,8,128
student_bert-base-uncased_fs100_supp123_seed4_tau2.5_a0.1,student,bert-base-uncased,,0.8755263157894737,0.8751606394239942,109485316,6.772743066539988,417.66114807128906,0.9250660364243015,4,123,100,2.5,0.1,5,2e-05,8,128
student_bert-base-uncased_fs100_supp123_seed8_tau1.0_a0.3,student,bert-base-uncased,,0.8755263157894737,0.8754337972032253,109485316,6.788265600334853,417.66114807128906,0.9250660364243015,8,123,100,1.0,0.3,5,2e-05,8,128
student_bert-base-uncased_fs100_supp123_seed8_tau2.5_a0.7,student,bert-base-uncased,,0.8753947368421052,0.8755780804522413,109485316,6.4039380667964,417.66114807128906,0.9249270123731406,8,123,100,2.5,0.7,5,2e-05,8,128
student_bert-base-uncased_fs100_supp123_seed1_tau3.0_a0.3,student,bert-base-uncased,,0.8752631578947369,0.8751165658517507,109485316,5.354646333580604,417.66114807128906,0.9247879883219797,1,123,100,3.0,0.3,5,2e-05,8,128
student_bert-base-uncased_fs100_supp123_seed2_tau2.0_a0.1,student,bert-base-uncased,,0.8752631578947369,0.8749545548885268,109485316,7.837787932900635,417.66114807128906,0.9247879883219797,2,123,100,2.0,0.1,5,2e-05,8,128
student_bert-base-uncased_fs100_supp123_seed2_tau2.0_a0.3,student,bert-base-uncased,,0.8752631578947369,0.8757150672219736,109485316,6.263251466346749,417.66114807128906,0.9247879883219797,2,123,100,2.0,0.3,5,2e-05,8,128
student_bert-base-uncased_fs100_supp123_seed2_tau3.0_a0.3,student,bert-base-uncased,,0.8752631578947369,0.8750810629484285,109485316,5.801629800407682,417.66114807128906,0.9247879883219797,2,123,100,3.0,0.3,5,2e-05,8,128
student_bert-base-uncased_fs100_supp123_seed5_tau0.5_a0.9,student,bert-base-uncased,,0.8752631578947369,0.875259429747867,109485316,6.124290133205553,417.66114807128906,0.9247879883219797,5,123,100,0.5,0.9,5,2e-05,8,128
student_bert-base-uncased_fs100_supp123_seed5_tau1.5_a0.3,student,bert-base-uncased,,0.8752631578947369,0.8749904328180658,109485316,6.5205049999349285,417.66114807128906,0.9247879883219797,5,123,100,1.5,0.3,5,2e-05,8,128
student_bert-base-uncased_fs100_supp123_seed1_tau3.0_a0.9,student,bert-base-uncased,,0.8751315789473684,0.8752124935854225,109485316,6.1724415999682,417.66114807128906,0.9246489642708189,1,123,100,3.0,0.9,5,2e-05,8,128
student_bert-base-uncased_fs100_supp123_seed5_tau0.1_a0.3,student,bert-base-uncased,,0.8751315789473684,0.8747993549023125,109485316,6.307489599809439,417.66114807128906,0.9246489642708189,5,123,100,0.1,0.3,5,2e-05,8,128
student_bert-base-uncased_fs100_supp123_seed5_tau0.1_a0.7,student,bert-base-uncased,,0.8751315789473684,0.8749312642345152,109485316,5.898215866424532,417.66114807128906,0.9246489642708189,5,123,100,0.1,0.7,5,2e-05,8,128
student_bert-base-uncased_fs100_supp123_seed7_tau0.1_a0.3,student,bert-base-uncased,,0.8751315789473684,0.8753881563292005,109485316,6.861918999250823,417.66114807128906,0.9246489642708189,7,123,100,0.1,0.3,5,2e-05,8,128
student_bert-base-uncased_fs100_supp123_seed7_tau0.1_a0.7,student,bert-base-uncased,,0.8751315789473684,0.8749984444246002,109485316,5.911221733792142,417.66114807128906,0.9246489642708189,7,123,100,0.1,0.7,5,2e-05,8,128
student_bert-base-uncased_fs100_supp123_seed8_tau0.1_a0.1,student,bert-base-uncased,,0.8751315789473684,0.8755802228392378,109485316,6.0453561328661936,417.66114807128906,0.9246489642708189,8,123,100,0.1,0.1,5,2e-05,8,128
student_bert-base-uncased_fs100_supp123_seed8_tau1.0_a0.1,student,bert-base-uncased,,0.8751315789473684,0.8751788096649901,109485316,6.2931229995835265,417.66114807128906,0.9246489642708189,8,123,100,1.0,0.1,5,2e-05,8,128
student_bert-base-uncased_fs100_supp123_seed1_tau0.1_a0.7,student,bert-base-uncased,,0.875,0.8750588966050691,109485316,5.320337600035903,417.66114807128906,0.924509940219658,1,123,100,0.1,0.7,5,2e-05,8,128
student_bert-base-uncased_fs100_supp123_seed1_tau2.5_a0.3,student,bert-base-uncased,,0.875,0.8750396081587741,109485316,5.925256199649691,417.66114807128906,0.924509940219658,1,123,100,2.5,0.3,5,2e-05,8,128
student_bert-base-uncased_fs100_supp123_seed2_tau3.0_a0.7,student,bert-base-uncased,,0.875,0.8752470481034789,109485316,9.216857866704231,417.66114807128906,0.924509940219658,2,123,100,3.0,0.7,5,2e-05,8,128
student_bert-base-uncased_fs100_supp123_seed8_tau0.1_a0.7,student,bert-base-uncased,,0.875,0.8751260126152651,109485316,8.243024334175667,417.66114807128906,0.924509940219658,8,123,100,0.1,0.7,5,2e-05,8,128
student_bert-base-uncased_fs100_supp123_seed8_tau3.0_a0.9,student,bert-base-uncased,,0.875,0.8753624254935102,109485316,8.06230300028498,417.66114807128906,0.924509940219658,8,123,100,3.0,0.9,5,2e-05,8,128
student_bert-base-uncased_fs100_supp123_seed9_tau1.0_a0.1,student,bert-base-uncased,,0.875,0.8748928515353728,109485316,8.142869199703759,417.66114807128906,0.924509940219658,9,123,100,1.0,0.1,5,2e-05,8,128
student_bert-base-uncased_fs100_supp123_seed0_tau0.1_a0.3,student,bert-base-uncased,,0.8748684210526316,0.8746544736014384,109485316,6.469273933422907,417.66114807128906,0.9243709161684972,0,123,100,0.1,0.3,5,2e-05,8,128
student_bert-base-uncased_fs100_supp123_seed2_tau2.5_a0.7,student,bert-base-uncased,,0.8748684210526316,0.8745026111286367,109485316,7.379907400172669,417.66114807128906,0.9243709161684972,2,123,100,2.5,0.7,5,2e-05,8,128
student_bert-base-uncased_fs100_supp123_seed8_tau2.5_a0.1,student,bert-base-uncased,,0.8748684210526316,0.8749852184080805,109485316,7.090991800456929,417.66114807128906,0.9243709161684972,8,123,100,2.5,0.1,5,2e-05,8,128
student_bert-base-uncased_fs100_supp123_seed8_tau1.5_a0.1,student,bert-base-uncased,,0.8747368421052631,0.8747184414462426,109485316,7.477091666078195,417.66114807128906,0.9242318921173364,8,123,100,1.5,0.1,5,2e-05,8,128
student_bert-base-uncased_fs100_supp123_seed8_tau1.5_a0.5,student,bert-base-uncased,,0.8747368421052631,0.8748603798948301,109485316,6.572446733965383,417.66114807128906,0.9242318921173364,8,123,100,1.5,0.5,5,2e-05,8,128
student_bert-base-uncased_fs100_supp123_seed5_tau1.0_a0.9,student,bert-base-uncased,,0.8746052631578948,0.874682687444051,109485316,7.681982533540577,417.66114807128906,0.9240928680661755,5,123,100,1.0,0.9,5,2e-05,8,128
student_bert-base-uncased_fs100_supp123_seed8_tau1.5_a0.9,student,bert-base-uncased,,0.8746052631578948,0.8748266692490156,109485316,5.734947066715297,417.66114807128906,0.9240928680661755,8,123,100,1.5,0.9,5,2e-05,8,128
student_bert-base-uncased_fs100_supp123_seed1_tau2.0_a0.3,student,bert-base-uncased,,0.8744736842105263,0.8745393315024437,109485316,5.448450066857428,417.66114807128906,0.9239538440150146,1,123,100,2.0,0.3,5,2e-05,8,128
student_bert-base-uncased_fs100_supp123_seed1_tau3.0_a0.7,student,bert-base-uncased,,0.8743421052631579,0.874331157927666,109485316,6.572204800371158,417.66114807128906,0.9238148199638538,1,123,100,3.0,0.7,5,2e-05,8,128
student_bert-base-uncased_fs100_supp123_seed5_tau0.1_a0.9,student,bert-base-uncased,,0.8743421052631579,0.8740000116338856,109485316,7.601815133481675,417.66114807128906,0.9238148199638538,5,123,100,0.1,0.9,5,2e-05,8,128
student_bert-base-uncased_fs100_supp123_seed8_tau2.5_a0.5,student,bert-base-uncased,,0.8742105263157894,0.8740892382746834,109485316,6.236336533523475,417.66114807128906,0.9236757959126929,8,123,100,2.5,0.5,5,2e-05,8,128
student_bert-base-uncased_fs100_supp123_seed1_tau1.0_a0.3,student,bert-base-uncased,,0.8740789473684211,0.8739878236187502,109485316,6.86555033341089,417.66114807128906,0.923536771861532,1,123,100,1.0,0.3,5,2e-05,8,128
student_bert-base-uncased_fs100_supp123_seed1_tau2.5_a0.1,student,bert-base-uncased,,0.8740789473684211,0.8743679034302069,109485316,8.058455933496589,417.66114807128906,0.923536771861532,1,123,100,2.5,0.1,5,2e-05,8,128
student_bert-base-uncased_fs100_supp123_seed1_tau3.0_a0.5,student,bert-base-uncased,,0.8740789473684211,0.8736707478954957,109485316,5.743294266721932,417.66114807128906,0.923536771861532,1,123,100,3.0,0.5,5,2e-05,8,128
student_bert-base-uncased_fs100_supp123_seed5_tau0.5_a0.5,student,bert-base-uncased,,0.8740789473684211,0.8737980900567575,109485316,6.377068266980738,417.66114807128906,0.923536771861532,5,123,100,0.5,0.5,5,2e-05,8,128
student_bert-base-uncased_fs100_supp123_seed5_tau1.0_a0.1,student,bert-base-uncased,,0.8740789473684211,0.8737819460934801,109485316,6.469213533515965,417.66114807128906,0.923536771861532,5,123,100,1.0,0.1,5,2e-05,8,128
student_bert-base-uncased_fs100_supp123_seed6_tau1.0_a0.1,student,bert-base-uncased,,0.8740789473684211,0.8737811065773775,109485316,5.937030599549568,417.66114807128906,0.923536771861532,6,123,100,1.0,0.1,5,2e-05,8,128
student_bert-base-uncased_fs100_supp123_seed1_tau1.0_a0.9,student,bert-base-uncased,,0.8739473684210526,0.8739479877505554,109485316,7.5232275332382414,417.66114807128906,0.9233977478103712,1,123,100,1.0,0.9,5,2e-05,8,128
student_bert-base-uncased_fs100_supp123_seed2_tau3.0_a0.1,student,bert-base-uncased,,0.8739473684210526,0.8737746365000778,109485316,6.171322266648834,417.66114807128906,0.9233977478103712,2,123,100,3.0,0.1,5,2e-05,8,128
student_bert-base-uncased_fs100_supp123_seed3_tau1.0_a0.1,student,bert-base-uncased,,0.8739473684210526,0.8739110134917217,109485316,5.8498217998324735,417.66114807128906,0.9233977478103712,3,123,100,1.0,0.1,5,2e-05,8,128
student_bert-base-uncased_fs100_supp123_seed5_tau1.0_a0.7,student,bert-base-uncased,,0.8739473684210526,0.8737541941499494,109485316,6.535411466757068,417.66114807128906,0.9233977478103712,5,123,100,1.0,0.7,5,2e-05,8,128
student_bert-base-uncased_fs100_supp123_seed2_tau1.5_a0.1,student,bert-base-uncased,,0.8738157894736842,0.8739957105856622,109485316,5.733461733325385,417.66114807128906,0.9232587237592104,2,123,100,1.5,0.1,5,2e-05,8,128
student_bert-base-uncased_fs100_supp123_seed4_tau1.5_a0.3,student,bert-base-uncased,,0.8738157894736842,0.873734097074877,109485316,7.619073466291108,417.66114807128906,0.9232587237592104,4,123,100,1.5,0.3,5,2e-05,8,128
student_bert-base-uncased_fs100_supp123_seed5_tau1.0_a0.5,student,bert-base-uncased,,0.8738157894736842,0.8734630264256302,109485316,7.757503800530685,417.66114807128906,0.9232587237592104,5,123,100,1.0,0.5,5,2e-05,8,128
student_bert-base-uncased_fs100_supp123_seed7_tau2.5_a0.5,student,bert-base-uncased,,0.8738157894736842,0.8743538316290967,109485316,6.4570117339220205,417.66114807128906,0.9232587237592104,7,123,100,2.5,0.5,5,2e-05,8,128
student_bert-base-uncased_fs100_supp123_seed8_tau0.5_a0.7,student,bert-base-uncased,,0.8738157894736842,0.8740162325000984,109485316,5.889202465186827,417.66114807128906,0.9232587237592104,8,123,100,0.5,0.7,5,2e-05,8,128
student_bert-base-uncased_fs100_supp123_seed2_tau0.5_a0.5,student,bert-base-uncased,,0.8736842105263158,0.8738482429714574,109485316,7.220464200266481,417.66114807128906,0.9231196997080496,2,123,100,0.5,0.5,5,2e-05,8,128
student_bert-base-uncased_fs100_supp123_seed2_tau0.5_a0.3,student,bert-base-uncased,,0.8735526315789474,0.8730466882539403,109485316,8.923235199957466,417.66114807128906,0.9229806756568887,2,123,100,0.5,0.3,5,2e-05,8,128
student_bert-base-uncased_fs100_supp123_seed2_tau1.5_a0.3,student,bert-base-uncased,,0.8735526315789474,0.8733415238865817,109485316,6.393160933657782,417.66114807128906,0.9229806756568887,2,123,100,1.5,0.3,5,2e-05,8,128
student_bert-base-uncased_fs100_supp123_seed5_tau3.0_a0.3,student,bert-base-uncased,,0.8735526315789474,0.8730111368862152,109485316,6.800729533764145,417.66114807128906,0.9229806756568887,5,123,100,3.0,0.3,5,2e-05,8,128
student_bert-base-uncased_fs100_supp123_seed5_tau3.0_a0.7,student,bert-base-uncased,,0.8735526315789474,0.873359146563082,109485316,5.954508399736369,417.66114807128906,0.9229806756568887,5,123,100,3.0,0.7,5,2e-05,8,128
student_bert-base-uncased_fs100_supp123_seed8_tau2.5_a0.3,student,bert-base-uncased,,0.8735526315789474,0.8737955985852381,109485316,8.519797199308718,417.66114807128906,0.9229806756568887,8,123,100,2.5,0.3,5,2e-05,8,128
student_bert-base-uncased_fs100_supp123_seed1_tau0.1_a0.3,student,bert-base-uncased,,0.873421052631579,0.8736457871249352,109485316,7.7607836001940695,417.66114807128906,0.9228416516057278,1,123,100,0.1,0.3,5,2e-05,8,128
student_bert-base-uncased_fs100_supp123_seed7_tau0.5_a0.5,student,bert-base-uncased,,0.873421052631579,0.8737210624996614,109485316,6.129765933049687,417.66114807128906,0.9228416516057278,7,123,100,0.5,0.5,5,2e-05,8,128
student_bert-base-uncased_fs100_supp123_seed7_tau1.0_a0.3,student,bert-base-uncased,,0.873421052631579,0.8738445827006657,109485316,6.183043667018258,417.66114807128906,0.9228416516057278,7,123,100,1.0,0.3,5,2e-05,8,128
student_bert-base-uncased_fs100_supp123_seed3_tau1.5_a0.3,student,bert-base-uncased,,0.8732894736842105,0.8733599775168475,109485316,6.660769800267492,417.66114807128906,0.922702627554567,3,123,100,1.5,0.3,5,2e-05,8,128
student_bert-base-uncased_fs100_supp123_seed7_tau3.0_a0.7,student,bert-base-uncased,,0.8731578947368421,0.8737988094978458,109485316,6.470893133276452,417.66114807128906,0.9225636035034062,7,123,100,3.0,0.7,5,2e-05,8,128
student_bert-base-uncased_fs100_supp123_seed8_tau1.0_a0.5,student,bert-base-uncased,,0.8731578947368421,0.8732051153545408,109485316,6.91897446619502,417.66114807128906,0.9225636035034062,8,123,100,1.0,0.5,5,2e-05,8,128
student_bert-base-uncased_fs100_supp123_seed1_tau0.5_a0.7,student,bert-base-uncased,,0.8730263157894737,0.8728396585615134,109485316,6.388240200127863,417.66114807128906,0.9224245794522452,1,123,100,0.5,0.7,5,2e-05,8,128
student_bert-base-uncased_fs100_supp123_seed2_tau2.5_a0.1,student,bert-base-uncased,,0.8730263157894737,0.8727723621098952,109485316,8.118281533340147,417.66114807128906,0.9224245794522452,2,123,100,2.5,0.1,5,2e-05,8,128
student_bert-base-uncased_fs100_supp123_seed4_tau2.5_a0.5,student,bert-base-uncased,,0.8730263157894737,0.8725761235907099,109485316,6.996883133009153,417.66114807128906,0.9224245794522452,4,123,100,2.5,0.5,5,2e-05,8,128
student_bert-base-uncased_fs100_supp123_seed7_tau3.0_a0.3,student,bert-base-uncased,,0.8730263157894737,0.8734487851264907,109485316,7.619584800462083,417.66114807128906,0.9224245794522452,7,123,100,3.0,0.3,5,2e-05,8,128
student_bert-base-uncased_fs100_supp123_seed2_tau1.5_a0.5,student,bert-base-uncased,,0.8728947368421053,0.8724111256073198,109485316,7.266932133158359,417.66114807128906,0.9222855554010845,2,123,100,1.5,0.5,5,2e-05,8,128
student_bert-base-uncased_fs100_supp123_seed7_tau1.0_a0.9,student,bert-base-uncased,,0.8728947368421053,0.8734455289788711,109485316,6.749487800698262,417.66114807128906,0.9222855554010845,7,123,100,1.0,0.9,5,2e-05,8,128
student_bert-base-uncased_fs100_supp123_seed0_tau3.0_a0.7,student,bert-base-uncased,,0.8727631578947368,0.8728609669214938,109485316,6.416502800008554,417.66114807128906,0.9221465313499235,0,123,100,3.0,0.7,5,2e-05,8,128
student_bert-base-uncased_fs100_supp123_seed1_tau2.0_a0.1,student,bert-base-uncased,,0.8727631578947368,0.8732905007209332,109485316,6.3394745329181506,417.66114807128906,0.9221465313499235,1,123,100,2.0,0.1,5,2e-05,8,128
student_bert-base-uncased_fs100_supp123_seed3_tau3.0_a0.3,student,bert-base-uncased,,0.8727631578947368,0.8727801417933974,109485316,6.068155399649792,417.66114807128906,0.9221465313499235,3,123,100,3.0,0.3,5,2e-05,8,128
student_bert-base-uncased_fs100_supp123_seed4_tau2.0_a0.3,student,bert-base-uncased,,0.8727631578947368,0.8722364117737293,109485316,6.55461013399569,417.66114807128906,0.9221465313499235,4,123,100,2.0,0.3,5,2e-05,8,128
student_bert-base-uncased_fs100_supp123_seed6_tau1.0_a0.5,student,bert-base-uncased,,0.8726315789473684,0.8718152707111747,109485316,6.247694400129451,417.66114807128906,0.9220075072987627,6,123,100,1.0,0.5,5,2e-05,8,128
student_bert-base-uncased_fs100_supp123_seed7_tau1.5_a0.1,student,bert-base-uncased,,0.8726315789473684,0.8731114248981577,109485316,7.566274134296691,417.66114807128906,0.9220075072987627,7,123,100,1.5,0.1,5,2e-05,8,128
student_bert-base-uncased_fs100_supp123_seed2_tau1.0_a0.9,student,bert-base-uncased,,0.8725,0.8729846697631226,109485316,7.740105199385046,417.66114807128906,0.921868483247602,2,123,100,1.0,0.9,5,2e-05,8,128
student_bert-base-uncased_fs100_supp123_seed7_tau2.0_a0.9,student,bert-base-uncased,,0.8725,0.8729157183730322,109485316,5.7631578665071475,417.66114807128906,0.921868483247602,7,123,100,2.0,0.9,5,2e-05,8,128
student_bert-base-uncased_fs100_supp123_seed1_tau0.5_a0.5,student,bert-base-uncased,,0.8723684210526316,0.8723631214255141,109485316,6.154997933238822,417.66114807128906,0.921729459196441,1,123,100,0.5,0.5,5,2e-05,8,128
student_bert-base-uncased_fs100_supp123_seed1_tau1.5_a0.3,student,bert-base-uncased,,0.8723684210526316,0.872455950963796,109485316,6.022424066516881,417.66114807128906,0.921729459196441,1,123,100,1.5,0.3,5,2e-05,8,128
student_bert-base-uncased_fs100_supp123_seed1_tau2.0_a0.5,student,bert-base-uncased,,0.8723684210526316,0.8725825959657847,109485316,7.209880266600521,417.66114807128906,0.921729459196441,1,123,100,2.0,0.5,5,2e-05,8,128
student_bert-base-uncased_fs100_supp123_seed3_tau1.0_a0.5,student,bert-base-uncased,,0.8723684210526316,0.8721670711777727,109485316,6.698750467088151,417.66114807128906,0.921729459196441,3,123,100,1.0,0.5,5,2e-05,8,128
student_bert-base-uncased_fs100_supp123_seed5_tau2.0_a0.7,student,bert-base-uncased,,0.8723684210526316,0.8721547765271032,109485316,7.050872200246279,417.66114807128906,0.921729459196441,5,123,100,2.0,0.7,5,2e-05,8,128
student_bert-base-uncased_fs100_supp123_seed7_tau1.5_a0.5,student,bert-base-uncased,,0.8723684210526316,0.8729056517459912,109485316,6.764946866072326,417.66114807128906,0.921729459196441,7,123,100,1.5,0.5,5,2e-05,8,128
student_bert-base-uncased_fs100_supp123_seed8_tau1.5_a0.3,student,bert-base-uncased,,0.8723684210526316,0.872296499198052,109485316,6.373479066921088,417.66114807128906,0.921729459196441,8,123,100,1.5,0.3,5,2e-05,8,128
student_bert-base-uncased_fs100_supp123_seed7_tau3.0_a0.5,student,bert-base-uncased,,0.8722368421052632,0.8724163814587622,109485316,6.131764733436285,417.66114807128906,0.9215904351452802,7,123,100,3.0,0.5,5,2e-05,8,128
student_bert-base-uncased_fs100_supp123_seed3_tau0.1_a0.3,student,bert-base-uncased,,0.8721052631578947,0.8717583277589441,109485316,5.9388666000207495,417.66114807128906,0.9214514110941193,3,123,100,0.1,0.3,5,2e-05,8,128
student_bert-base-uncased_fs100_supp123_seed3_tau0.1_a0.5,student,bert-base-uncased,,0.8721052631578947,0.8716408253798913,109485316,5.847638266762563,417.66114807128906,0.9214514110941193,3,123,100,0.1,0.5,5,2e-05,8,128
student_bert-base-uncased_fs100_supp123_seed3_tau1.0_a0.3,student,bert-base-uncased,,0.8721052631578947,0.8721737936155498,109485316,7.7749472662011,417.66114807128906,0.9214514110941193,3,123,100,1.0,0.3,5,2e-05,8,128
student_bert-base-uncased_fs100_supp123_seed4_tau1.0_a0.7,student,bert-base-uncased,,0.8721052631578947,0.8721228640567635,109485316,6.278164599643787,417.66114807128906,0.9214514110941193,4,123,100,1.0,0.7,5,2e-05,8,128
student_bert-base-uncased_fs100_supp123_seed4_tau1.5_a0.9,student,bert-base-uncased,,0.8721052631578947,0.8720664772070609,109485316,6.199064999964321,417.66114807128906,0.9214514110941193,4,123,100,1.5,0.9,5,2e-05,8,128
student_bert-base-uncased_fs100_supp123_seed7_tau0.5_a0.7,student,bert-base-uncased,,0.8721052631578947,0.8722849035421021,109485316,6.921076933455576,417.66114807128906,0.9214514110941193,7,123,100,0.5,0.7,5,2e-05,8,128
student_bert-base-uncased_fs100_supp123_seed8_tau2.5_a0.9,student,bert-base-uncased,,0.8721052631578947,0.8722961519525524,109485316,7.0640426662672935,417.66114807128906,0.9214514110941193,8,123,100,2.5,0.9,5,2e-05,8,128
student_bert-base-uncased_fs100_supp123_seed1_tau0.1_a0.9,student,bert-base-uncased,,0.8719736842105263,0.8721676770084099,109485316,7.859130132904586,417.66114807128906,0.9213123870429585,1,123,100,0.1,0.9,5,2e-05,8,128
student_bert-base-uncased_fs100_supp123_seed4_tau1.0_a0.5,student,bert-base-uncased,,0.8719736842105263,0.8715818084914099,109485316,6.2847310000506695,417.66114807128906,0.9213123870429585,4,123,100,1.0,0.5,5,2e-05,8,128
student_bert-base-uncased_fs100_supp123_seed4_tau2.5_a0.3,student,bert-base-uncased,,0.8718421052631579,0.8715501755826607,109485316,7.060909600356051,417.66114807128906,0.9211733629917976,4,123,100,2.5,0.3,5,2e-05,8,128
student_bert-base-uncased_fs100_supp123_seed5_tau1.5_a0.7,student,bert-base-uncased,,0.8718421052631579,0.871924414348479,109485316,6.3878600000559045,417.66114807128906,0.9211733629917976,5,123,100,1.5,0.7,5,2e-05,8,128
student_bert-base-uncased_fs100_supp123_seed9_tau2.5_a0.3,student,bert-base-uncased,,0.8718421052631579,0.8714559809906799,109485316,6.622615666128695,417.66114807128906,0.9211733629917976,9,123,100,2.5,0.3,5,2e-05,8,128
student_bert-base-uncased_fs100_supp123_seed6_tau1.0_a0.7,student,bert-base-uncased,,0.8717105263157895,0.8716553944811699,109485316,7.426307799808758,417.66114807128906,0.9210343389406368,6,123,100,1.0,0.7,5,2e-05,8,128
student_bert-base-uncased_fs100_supp123_seed7_tau0.1_a0.5,student,bert-base-uncased,,0.8717105263157895,0.8717282268713427,109485316,6.9410989330208395,417.66114807128906,0.9210343389406368,7,123,100,0.1,0.5,5,2e-05,8,128
student_bert-base-uncased_fs100_supp123_seed8_tau0.5_a0.9,student,bert-base-uncased,,0.8717105263157895,0.8719229047408366,109485316,8.309327066429736,417.66114807128906,0.9210343389406368,8,123,100,0.5,0.9,5,2e-05,8,128
student_bert-base-uncased_fs100_supp123_seed1_tau1.0_a0.1,student,bert-base-uncased,,0.871578947368421,0.8717586907788774,109485316,5.695697200280847,417.66114807128906,0.9208953148894758,1,123,100,1.0,0.1,5,2e-05,8,128
student_bert-base-uncased_fs100_supp123_seed3_tau2.5_a0.7,student,bert-base-uncased,,0.871578947368421,0.8713342162148536,109485316,7.20720320023247,417.66114807128906,0.9208953148894758,3,123,100,2.5,0.7,5,2e-05,8,128
student_bert-base-uncased_fs100_supp123_seed7_tau2.5_a0.1,student,bert-base-uncased,,0.871578947368421,0.8719522676351206,109485316,6.619737732883853,417.66114807128906,0.9208953148894758,7,123,100,2.5,0.1,5,2e-05,8,128
student_bert-base-uncased_fs100_supp123_seed9_tau3.0_a0.1,student,bert-base-uncased,,0.871578947368421,0.8711555463851487,109485316,5.989397400117014,417.66114807128906,0.9208953148894758,9,123,100,3.0,0.1,5,2e-05,8,128
student_bert-base-uncased_fs100_supp123_seed9_tau3.0_a0.5,student,bert-base-uncased,,0.871578947368421,0.8712852397060777,109485316,6.835009000496939,417.66114807128906,0.9208953148894758,9,123,100,3.0,0.5,5,2e-05,8,128
student_bert-base-uncased_fs100_supp123_seed2_tau1.5_a0.7,student,bert-base-uncased,,0.8714473684210526,0.8716749798729485,109485316,6.4739828669795925,417.66114807128906,0.9207562908383151,2,123,100,1.5,0.7,5,2e-05,8,128
student_bert-base-uncased_fs100_supp123_seed3_tau3.0_a0.1,student,bert-base-uncased,,0.8714473684210526,0.871533572968298,109485316,8.442623799783178,417.66114807128906,0.9207562908383151,3,123,100,3.0,0.1,5,2e-05,8,128
student_bert-base-uncased_fs100_supp123_seed7_tau2.0_a0.5,student,bert-base-uncased,,0.8714473684210526,0.8716356160687795,109485316,6.1777999326295685,417.66114807128906,0.9207562908383151,7,123,100,2.0,0.5,5,2e-05,8,128
student_bert-base-uncased_fs100_supp123_seed9_tau0.5_a0.5,student,bert-base-uncased,,0.8714473684210526,0.8715450080853713,109485316,6.607718798719968,417.66114807128906,0.9207562908383151,9,123,100,0.5,0.5,5,2e-05,8,128
student_bert-base-uncased_fs100_supp123_seed1_tau1.5_a0.1,student,bert-base-uncased,,0.8713157894736843,0.8715485420064486,109485316,6.396026534154468,417.66114807128906,0.9206172667871543,1,123,100,1.5,0.1,5,2e-05,8,128
student_bert-base-uncased_fs100_supp123_seed7_tau2.0_a0.3,student,bert-base-uncased,,0.8713157894736843,0.8716936959474522,109485316,6.00491206641891,417.66114807128906,0.9206172667871543,7,123,100,2.0,0.3,5,2e-05,8,128
student_bert-base-uncased_fs100_supp123_seed9_tau0.5_a0.1,student,bert-base-uncased,,0.8713157894736843,0.8713165508696847,109485316,7.230575068388134,417.66114807128906,0.9206172667871543,9,123,100,0.5,0.1,5,2e-05,8,128
student_bert-base-uncased_fs100_supp123_seed9_tau2.0_a0.1,student,bert-base-uncased,,0.8713157894736843,0.8709982917665917,109485316,6.971688666089904,417.66114807128906,0.9206172667871543,9,123,100,2.0,0.1,5,2e-05,8,128
student_bert-base-uncased_fs100_supp123_seed8_tau1.0_a0.9,student,bert-base-uncased,,0.8711842105263158,0.8708278781549983,109485316,5.738962733206184,417.66114807128906,0.9204782427359933,8,123,100,1.0,0.9,5,2e-05,8,128
student_bert-base-uncased_fs100_supp123_seed0_tau3.0_a0.5,student,bert-base-uncased,,0.8710526315789474,0.8711659153834058,109485316,6.994404333211908,417.66114807128906,0.9203392186848326,0,123,100,3.0,0.5,5,2e-05,8,128
student_bert-base-uncased_fs100_supp123_seed1_tau1.5_a0.7,student,bert-base-uncased,,0.8710526315789474,0.870692731488439,109485316,6.058952266660829,417.66114807128906,0.9203392186848326,1,123,100,1.5,0.7,5,2e-05,8,128
student_bert-base-uncased_fs100_supp123_seed2_tau2.5_a0.3,student,bert-base-uncased,,0.8710526315789474,0.8709018634127766,109485316,8.825694933572473,417.66114807128906,0.9203392186848326,2,123,100,2.5,0.3,5,2e-05,8,128
student_bert-base-uncased_fs100_supp123_seed5_tau2.5_a0.7,student,bert-base-uncased,,0.8710526315789474,0.8704521123441019,109485316,8.070311133390836,417.66114807128906,0.9203392186848326,5,123,100,2.5,0.7,5,2e-05,8,128
student_bert-base-uncased_fs100_supp123_seed8_tau0.1_a0.3,student,bert-base-uncased,,0.8710526315789474,0.8714586217071085,109485316,7.516674866201356,417.66114807128906,0.9203392186848326,8,123,100,0.1,0.3,5,2e-05,8,128
student_bert-base-uncased_fs100_supp123_seed9_tau1.5_a0.1,student,bert-base-uncased,,0.8710526315789474,0.8706381175257916,109485316,6.5177733995369636,417.66114807128906,0.9203392186848326,9,123,100,1.5,0.1,5,2e-05,8,128
student_bert-base-uncased_fs100_supp123_seed1_tau2.0_a0.7,student,bert-base-uncased,,0.8709210526315789,0.8710715169543319,109485316,5.632052000631423,417.66114807128906,0.9202001946336716,1,123,100,2.0,0.7,5,2e-05,8,128
student_bert-base-uncased_fs100_supp123_seed3_tau2.0_a0.1,student,bert-base-uncased,,0.8709210526315789,0.8709626747809266,109485316,5.841924933580837,417.66114807128906,0.9202001946336716,3,123,100,2.0,0.1,5,2e-05,8,128
student_bert-base-uncased_fs100_supp123_seed5_tau1.5_a0.9,student,bert-base-uncased,,0.8709210526315789,0.8701928330915885,109485316,8.142272466405606,417.66114807128906,0.9202001946336716,5,123,100,1.5,0.9,5,2e-05,8,128
student_bert-base-uncased_fs100_supp123_seed7_tau1.0_a0.1,student,bert-base-uncased,,0.8709210526315789,0.8713127420135899,109485316,7.138162334255564,417.66114807128906,0.9202001946336716,7,123,100,1.0,0.1,5,2e-05,8,128
student_bert-base-uncased_fs100_supp123_seed9_tau2.0_a0.5,student,bert-base-uncased,,0.8709210526315789,0.8707330223790944,109485316,7.891958132677246,417.66114807128906,0.9202001946336716,9,123,100,2.0,0.5,5,2e-05,8,128
student_bert-base-uncased_fs100_supp123_seed4_tau3.0_a0.7,student,bert-base-uncased,,0.8706578947368421,0.8703586453461005,109485316,6.3175036664082045,417.66114807128906,0.91992214653135,4,123,100,3.0,0.7,5,2e-05,8,128
student_bert-base-uncased_fs100_supp123_seed7_tau1.5_a0.3,student,bert-base-uncased,,0.8706578947368421,0.8712090601654552,109485316,6.400815267018818,417.66114807128906,0.91992214653135,7,123,100,1.5,0.3,5,2e-05,8,128
student_bert-base-uncased_fs100_supp123_seed1_tau0.1_a0.5,student,bert-base-uncased,,0.8705263157894737,0.8707733028186007,109485316,5.853146332810866,417.66114807128906,0.9197831224801891,1,123,100,0.1,0.5,5,2e-05,8,128
student_bert-base-uncased_fs100_supp123_seed2_tau0.5_a0.9,student,bert-base-uncased,,0.8705263157894737,0.8696249140382195,109485316,7.78869326726029,417.66114807128906,0.9197831224801891,2,123,100,0.5,0.9,5,2e-05,8,128
student_bert-base-uncased_fs100_supp123_seed4_tau2.5_a0.7,student,bert-base-uncased,,0.8705263157894737,0.870001397096367,109485316,5.718718199932482,417.66114807128906,0.9197831224801891,4,123,100,2.5,0.7,5,2e-05,8,128
student_bert-base-uncased_fs100_supp123_seed6_tau0.1_a0.3,student,bert-base-uncased,,0.8705263157894737,0.8708582476075231,109485316,7.459549200333034,417.66114807128906,0.9197831224801891,6,123,100,0.1,0.3,5,2e-05,8,128
student_bert-base-uncased_fs100_supp123_seed8_tau1.0_a0.7,student,bert-base-uncased,,0.8705263157894737,0.8705935715757357,109485316,8.214719132714285,417.66114807128906,0.9197831224801891,8,123,100,1.0,0.7,5,2e-05,8,128
student_bert-base-uncased_fs100_supp123_seed9_tau1.5_a0.5,student,bert-base-uncased,,0.8705263157894737,0.8702942922423345,109485316,6.793608800217044,417.66114807128906,0.9197831224801891,9,123,100,1.5,0.5,5,2e-05,8,128
student_bert-base-uncased_fs100_supp123_seed2_tau2.5_a0.9,student,bert-base-uncased,,0.8703947368421052,0.8707686224910756,109485316,7.22187660066993,417.66114807128906,0.9196440984290282,2,123,100,2.5,0.9,5,2e-05,8,128
student_bert-base-uncased_fs100_supp123_seed2_tau3.0_a0.9,student,bert-base-uncased,,0.8703947368421052,0.8705413547390239,109485316,7.917291800307187,417.66114807128906,0.9196440984290282,2,123,100,3.0,0.9,5,2e-05,8,128
student_bert-base-uncased_fs100_supp123_seed3_tau2.5_a0.1,student,bert-base-uncased,,0.8703947368421052,0.8704457245388981,109485316,6.772448666743003,417.66114807128906,0.9196440984290282,3,123,100,2.5,0.1,5,2e-05,8,128
student_bert-base-uncased_fs100_supp123_seed5_tau2.0_a0.9,student,bert-base-uncased,,0.8703947368421052,0.870321031158061,109485316,7.283270400269733,417.66114807128906,0.9196440984290282,5,123,100,2.0,0.9,5,2e-05,8,128
student_bert-base-uncased_fs100_supp123_seed7_tau3.0_a0.1,student,bert-base-uncased,,0.8703947368421052,0.8706164915596111,109485316,7.579696800288123,417.66114807128906,0.9196440984290282,7,123,100,3.0,0.1,5,2e-05,8,128
student_bert-base-uncased_fs100_supp123_seed1_tau1.0_a0.5,student,bert-base-uncased,,0.8702631578947368,0.8703712811185674,109485316,5.2900834001775365,417.66114807128906,0.9195050743778674,1,123,100,1.0,0.5,5,2e-05,8,128
student_bert-base-uncased_fs100_supp123_seed1_tau2.5_a0.7,student,bert-base-uncased,,0.8702631578947368,0.8702811413632885,109485316,6.752507933560992,417.66114807128906,0.9195050743778674,1,123,100,2.5,0.7,5,2e-05,8,128
student_bert-base-uncased_fs100_supp123_seed3_tau0.1_a0.9,student,bert-base-uncased,,0.8702631578947368,0.8698826910466037,109485316,6.662236067253009,417.66114807128906,0.9195050743778674,3,123,100,0.1,0.9,5,2e-05,8,128
student_bert-base-uncased_fs100_supp123_seed9_tau2.5_a0.1,student,bert-base-uncased,,0.8702631578947368,0.8699207827847096,109485316,6.019284466553169,417.66114807128906,0.9195050743778674,9,123,100,2.5,0.1,5,2e-05,8,128
student_bert-base-uncased_fs100_supp123_seed1_tau0.5_a0.9,student,bert-base-uncased,,0.8701315789473684,0.8701383013976535,109485316,5.788261200117025,417.66114807128906,0.9193660503267065,1,123,100,0.5,0.9,5,2e-05,8,128
student_bert-base-uncased_fs100_supp123_seed3_tau3.0_a0.5,student,bert-base-uncased,,0.8701315789473684,0.8701723190416872,109485316,6.51603406634725,417.66114807128906,0.9193660503267065,3,123,100,3.0,0.5,5,2e-05,8,128
student_bert-base-uncased_fs100_supp123_seed3_tau2.0_a0.5,student,bert-base-uncased,,0.87,0.869873914985809,109485316,5.937222865759395,417.66114807128906,0.9192270262755458,3,123,100,2.0,0.5,5,2e-05,8,128
student_bert-base-uncased_fs100_supp123_seed7_tau1.0_a0.7,student,bert-base-uncased,,0.87,0.8703586339261055,109485316,6.082296200232425,417.66114807128906,0.9192270262755458,7,123,100,1.0,0.7,5,2e-05,8,128
student_bert-base-uncased_fs100_supp123_seed4_tau0.1_a0.1,student,bert-base-uncased,,0.8698684210526316,0.8695639510450762,109485316,7.682433199806837,417.66114807128906,0.9190880022243849,4,123,100,0.1,0.1,5,2e-05,8,128
student_bert-base-uncased_fs100_supp123_seed7_tau1.5_a0.9,student,bert-base-uncased,,0.8698684210526316,0.8706054831012127,109485316,7.1418536666897126,417.66114807128906,0.9190880022243849,7,123,100,1.5,0.9,5,2e-05,8,128
student_bert-base-uncased_fs100_supp123_seed1_tau0.1_a0.1,student,bert-base-uncased,,0.8697368421052631,0.8699495517971004,109485316,5.886441134498455,417.66114807128906,0.918948978173224,1,123,100,0.1,0.1,5,2e-05,8,128
student_bert-base-uncased_fs100_supp123_seed5_tau3.0_a0.9,student,bert-base-uncased,,0.8697368421052631,0.8697318661520798,109485316,5.984447466471465,417.66114807128906,0.918948978173224,5,123,100,3.0,0.9,5,2e-05,8,128
student_bert-base-uncased_fs100_supp123_seed7_tau2.0_a0.7,student,bert-base-uncased,,0.8697368421052631,0.8701123724887287,109485316,7.281763533198197,417.66114807128906,0.918948978173224,7,123,100,2.0,0.7,5,2e-05,8,128
student_bert-base-uncased_fs100_supp123_seed1_tau2.0_a0.9,student,bert-base-uncased,,0.8696052631578948,0.8694368169797962,109485316,7.614261266280664,417.66114807128906,0.9188099541220632,1,123,100,2.0,0.9,5,2e-05,8,128
student_bert-base-uncased_fs100_supp123_seed4_tau3.0_a0.5,student,bert-base-uncased,,0.8696052631578948,0.8692989018849053,109485316,6.207146667535805,417.66114807128906,0.9188099541220632,4,123,100,3.0,0.5,5,2e-05,8,128
student_bert-base-uncased_fs100_supp123_seed9_tau1.0_a0.7,student,bert-base-uncased,,0.8696052631578948,0.869108525269038,109485316,7.1352225335431285,417.66114807128906,0.9188099541220632,9,123,100,1.0,0.7,5,2e-05,8,128
student_bert-base-uncased_fs100_supp123_seed7_tau2.5_a0.3,student,bert-base-uncased,,0.8693421052631579,0.8697691218338415,109485316,5.75200079959662,417.66114807128906,0.9185319060197414,7,123,100,2.5,0.3,5,2e-05,8,128
student_bert-base-uncased_fs100_supp123_seed1_tau1.0_a0.7,student,bert-base-uncased,,0.8692105263157894,0.8692194238644646,109485316,5.791651000375471,417.66114807128906,0.9183928819685806,1,123,100,1.0,0.7,5,2e-05,8,128
student_bert-base-uncased_fs100_supp123_seed1_tau1.5_a0.9,student,bert-base-uncased,,0.8692105263157894,0.8692603300381728,109485316,7.571698133445655,417.66114807128906,0.9183928819685806,1,123,100,1.5,0.9,5,2e-05,8,128
student_bert-base-uncased_fs100_supp123_seed5_tau0.1_a0.1,student,bert-base-uncased,,0.8692105263157894,0.8691190898146526,109485316,7.571634133394885,417.66114807128906,0.9183928819685806,5,123,100,0.1,0.1,5,2e-05,8,128
student_bert-base-uncased_fs100_supp123_seed4_tau3.0_a0.9,student,bert-base-uncased,,0.8690789473684211,0.8696141047540776,109485316,7.26812833333194,417.66114807128906,0.9182538579174198,4,123,100,3.0,0.9,5,2e-05,8,128
student_bert-base-uncased_fs100_supp123_seed8_tau0.5_a0.1,student,bert-base-uncased,,0.8690789473684211,0.8688322266602708,109485316,6.998174600691224,417.66114807128906,0.9182538579174198,8,123,100,0.5,0.1,5,2e-05,8,128
student_bert-base-uncased_fs100_supp123_seed9_tau0.1_a0.3,student,bert-base-uncased,,0.8690789473684211,0.8687600177243484,109485316,6.295341200408681,417.66114807128906,0.9182538579174198,9,123,100,0.1,0.3,5,2e-05,8,128
student_bert-base-uncased_fs100_supp123_seed9_tau1.0_a0.3,student,bert-base-uncased,,0.8690789473684211,0.8689666756511367,109485316,6.080961199768353,417.66114807128906,0.9182538579174198,9,123,100,1.0,0.3,5,2e-05,8,128
student_bert-base-uncased_fs100_supp123_seed1_tau0.5_a0.1,student,bert-base-uncased,,0.8689473684210526,0.8694790028334197,109485316,5.546465733156462,417.66114807128906,0.9181148338662588,1,123,100,0.5,0.1,5,2e-05,8,128
student_bert-base-uncased_fs100_supp123_seed3_tau2.5_a0.5,student,bert-base-uncased,,0.8689473684210526,0.8688809172069875,109485316,7.098243799312816,417.66114807128906,0.9181148338662588,3,123,100,2.5,0.5,5,2e-05,8,128
student_bert-base-uncased_fs100_supp123_seed5_tau2.5_a0.9,student,bert-base-uncased,,0.8689473684210526,0.8688895346509302,109485316,7.088970267310894,417.66114807128906,0.9181148338662588,5,123,100,2.5,0.9,5,2e-05,8,128
student_bert-base-uncased_fs100_supp123_seed4_tau0.5_a0.3,student,bert-base-uncased,,0.8688157894736842,0.8686241550618217,109485316,6.007054800526627,417.66114807128906,0.9179758098150981,4,123,100,0.5,0.3,5,2e-05,8,128
student_bert-base-uncased_fs100_supp123_seed8_tau0.5_a0.3,student,bert-base-uncased,,0.8688157894736842,0.869537098400682,109485316,7.361451333175258,417.66114807128906,0.9179758098150981,8,123,100,0.5,0.3,5,2e-05,8,128
student_bert-base-uncased_fs100_supp123_seed2_tau0.1_a0.5,student,bert-base-uncased,,0.868421052631579,0.8683898369672706,109485316,8.161177666139944,417.66114807128906,0.9175587376616156,2,123,100,0.1,0.5,5,2e-05,8,128
student_bert-base-uncased_fs100_supp123_seed2_tau2.0_a0.9,student,bert-base-uncased,,0.868421052631579,0.8686062255418321,109485316,6.780392133320372,417.66114807128906,0.9175587376616156,2,123,100,2.0,0.9,5,2e-05,8,128
student_bert-base-uncased_fs100_supp123_seed0_tau0.5_a0.9,student,bert-base-uncased,,0.8682894736842105,0.8676247315544049,109485316,6.301401466771495,417.66114807128906,0.9174197136104546,0,123,100,0.5,0.9,5,2e-05,8,128
student_bert-base-uncased_fs100_supp123_seed3_tau1.5_a0.5,student,bert-base-uncased,,0.8682894736842105,0.8679872010469158,109485316,6.8790546666908385,417.66114807128906,0.9174197136104546,3,123,100,1.5,0.5,5,2e-05,8,128
student_bert-base-uncased_fs100_supp123_seed4_tau1.0_a0.3,student,bert-base-uncased,,0.8682894736842105,0.8674127049544573,109485316,6.948876532987924,417.66114807128906,0.9174197136104546,4,123,100,1.0,0.3,5,2e-05,8,128
student_bert-base-uncased_fs100_supp123_seed3_tau1.5_a0.1,student,bert-base-uncased,,0.8681578947368421,0.8681685337051794,109485316,8.059763733520716,417.66114807128906,0.9172806895592939,3,123,100,1.5,0.1,5,2e-05,8,128
student_bert-base-uncased_fs100_supp123_seed4_tau1.5_a0.1,student,bert-base-uncased,,0.8681578947368421,0.8678122909928037,109485316,8.24519380039419,417.66114807128906,0.9172806895592939,4,123,100,1.5,0.1,5,2e-05,8,128
student_bert-base-uncased_fs100_supp123_seed4_tau2.0_a0.5,student,bert-base-uncased,,0.8681578947368421,0.8672385424303299,109485316,6.744908466983664,417.66114807128906,0.9172806895592939,4,123,100,2.0,0.5,5,2e-05,8,128
student_bert-base-uncased_fs100_supp123_seed8_tau0.1_a0.5,student,bert-base-uncased,,0.8680263157894736,0.8685799771289898,109485316,6.706794866477139,417.66114807128906,0.9171416655081329,8,123,100,0.1,0.5,5,2e-05,8,128
student_bert-base-uncased_fs100_supp123_seed8_tau2.0_a0.9,student,bert-base-uncased,,0.8680263157894736,0.8683420126418276,109485316,5.944800534052774,417.66114807128906,0.9171416655081329,8,123,100,2.0,0.9,5,2e-05,8,128
student_bert-base-uncased_fs100_supp123_seed4_tau1.5_a0.5,student,bert-base-uncased,,0.8676315789473684,0.866953624356763,109485316,9.342603733481761,417.66114807128906,0.9167245933546504,4,123,100,1.5,0.5,5,2e-05,8,128
student_bert-base-uncased_fs100_supp123_seed0_tau0.5_a0.7,student,bert-base-uncased,,0.8675,0.8670514614736277,109485316,7.742322866639976,417.66114807128906,0.9165855693034896,0,123,100,0.5,0.7,5,2e-05,8,128
student_bert-base-uncased_fs100_supp123_seed3_tau2.5_a0.9,student,bert-base-uncased,,0.8675,0.8669194963917496,109485316,6.639927866247793,417.66114807128906,0.9165855693034896,3,123,100,2.5,0.9,5,2e-05,8,128
student_bert-base-uncased_fs100_supp123_seed3_tau3.0_a0.7,student,bert-base-uncased,,0.8675,0.8671938337283627,109485316,7.4453472666694624,417.66114807128906,0.9165855693034896,3,123,100,3.0,0.7,5,2e-05,8,128
student_bert-base-uncased_fs100_supp123_seed5_tau0.1_a0.5,student,bert-base-uncased,,0.8673684210526316,0.8666649763692724,109485316,5.713111333413205,417.66114807128906,0.9164465452523287,5,123,100,0.1,0.5,5,2e-05,8,128
student_bert-base-uncased_fs100_supp123_seed7_tau0.1_a0.1,student,bert-base-uncased,,0.8673684210526316,0.8674090432658521,109485316,6.111823399745238,417.66114807128906,0.9164465452523287,7,123,100,0.1,0.1,5,2e-05,8,128
student_bert-base-uncased_fs100_supp123_seed9_tau0.1_a0.5,student,bert-base-uncased,,0.8673684210526316,0.8669289513391507,109485316,6.902240466054839,417.66114807128906,0.9164465452523287,9,123,100,0.1,0.5,5,2e-05,8,128
student_bert-base-uncased_fs100_supp123_seed9_tau2.5_a0.7,student,bert-base-uncased,,0.8673684210526316,0.8665204445639233,109485316,6.187747199146543,417.66114807128906,0.9164465452523287,9,123,100,2.5,0.7,5,2e-05,8,128
student_bert-base-uncased_fs100_supp123_seed9_tau3.0_a0.7,student,bert-base-uncased,,0.8673684210526316,0.8669329244753181,109485316,8.440501065342687,417.66114807128906,0.9164465452523287,9,123,100,3.0,0.7,5,2e-05,8,128
student_bert-base-uncased_fs100_supp123_seed4_tau0.1_a0.9,student,bert-base-uncased,,0.8668421052631579,0.866581640269516,109485316,6.150936799531337,417.66114807128906,0.9158904490476852,4,123,100,0.1,0.9,5,2e-05,8,128
student_bert-base-uncased_fs100_supp123_seed4_tau2.0_a0.1,student,bert-base-uncased,,0.8668421052631579,0.8663531017138014,109485316,7.498973666224629,417.66114807128906,0.9158904490476852,4,123,100,2.0,0.1,5,2e-05,8,128
student_bert-base-uncased_fs100_supp123_seed3_tau1.0_a0.7,student,bert-base-uncased,,0.8667105263157895,0.8662044245719585,109485316,5.964214866738378,417.66114807128906,0.9157514249965244,3,123,100,1.0,0.7,5,2e-05,8,128
student_bert-base-uncased_fs100_supp123_seed3_tau0.5_a0.7,student,bert-base-uncased,,0.866578947368421,0.8660364555433894,109485316,6.088338866781366,417.66114807128906,0.9156124009453636,3,123,100,0.5,0.7,5,2e-05,8,128
student_bert-base-uncased_fs100_supp123_seed4_tau1.5_a0.7,student,bert-base-uncased,,0.8664473684210526,0.8659728687639259,109485316,8.332668532966636,417.66114807128906,0.9154733768942027,4,123,100,1.5,0.7,5,2e-05,8,128
student_bert-base-uncased_fs100_supp123_seed1_tau0.5_a0.3,student,bert-base-uncased,,0.8663157894736843,0.8664426076118281,109485316,6.434959600301227,417.66114807128906,0.915334352843042,1,123,100,0.5,0.3,5,2e-05,8,128
student_bert-base-uncased_fs100_supp123_seed3_tau0.5_a0.3,student,bert-base-uncased,,0.8663157894736843,0.8658718815015638,109485316,7.153233267066146,417.66114807128906,0.915334352843042,3,123,100,0.5,0.3,5,2e-05,8,128
student_bert-base-uncased_fs100_supp123_seed4_tau3.0_a0.1,student,bert-base-uncased,,0.8663157894736843,0.8663860794630874,109485316,8.469379799983775,417.66114807128906,0.915334352843042,4,123,100,3.0,0.1,5,2e-05,8,128
student_bert-base-uncased_fs100_supp123_seed6_tau2.5_a0.9,student,bert-base-uncased,,0.8661842105263158,0.8646622394632149,109485316,6.380612799936595,417.66114807128906,0.915195328791881,6,123,100,2.5,0.9,5,2e-05,8,128
student_bert-base-uncased_fs100_supp123_seed3_tau0.1_a0.1,student,bert-base-uncased,,0.8660526315789474,0.8655559316373225,109485316,6.66768493319978,417.66114807128906,0.9150563047407202,3,123,100,0.1,0.1,5,2e-05,8,128
student_bert-base-uncased_fs100_supp123_seed4_tau2.0_a0.7,student,bert-base-uncased,,0.8660526315789474,0.8655928193964808,109485316,7.268206399749033,417.66114807128906,0.9150563047407202,4,123,100,2.0,0.7,5,2e-05,8,128
student_bert-base-uncased_fs100_supp123_seed4_tau0.5_a0.5,student,bert-base-uncased,,0.8659210526315789,0.865509667468935,109485316,7.785059134039329,417.66114807128906,0.9149172806895594,4,123,100,0.5,0.5,5,2e-05,8,128
student_bert-base-uncased_fs100_supp123_seed3_tau0.5_a0.1,student,bert-base-uncased,,0.8655263157894737,0.8652249029976363,109485316,7.479979333099133,417.66114807128906,0.9145002085360768,3,123,100,0.5,0.1,5,2e-05,8,128
student_bert-base-uncased_fs100_supp123_seed4_tau3.0_a0.3,student,bert-base-uncased,,0.8655263157894737,0.8652669946369158,109485316,7.108585533084503,417.66114807128906,0.9145002085360768,4,123,100,3.0,0.3,5,2e-05,8,128
student_bert-base-uncased_fs100_supp123_seed2_tau0.1_a0.7,student,bert-base-uncased,,0.8653947368421052,0.8642941839939916,109485316,5.553291600517696,417.66114807128906,0.9143611844849159,2,123,100,0.1,0.7,5,2e-05,8,128
student_bert-base-uncased_fs100_supp123_seed3_tau3.0_a0.9,student,bert-base-uncased,,0.8653947368421052,0.8646140751434251,109485316,7.534200066826695,417.66114807128906,0.9143611844849159,3,123,100,3.0,0.9,5,2e-05,8,128
student_bert-base-uncased_fs100_supp123_seed7_tau0.5_a0.1,student,bert-base-uncased,,0.8652631578947368,0.865277562842415,109485316,5.817980599628451,417.66114807128906,0.914222160433755,7,123,100,0.5,0.1,5,2e-05,8,128
student_bert-base-uncased_fs100_supp123_seed3_tau1.5_a0.9,student,bert-base-uncased,,0.8651315789473685,0.8642530510083792,109485316,6.8643964662139,417.66114807128906,0.9140831363825943,3,123,100,1.5,0.9,5,2e-05,8,128
student_bert-base-uncased_fs100_supp123_seed4_tau2.0_a0.9,student,bert-base-uncased,,0.8651315789473685,0.8646434029600033,109485316,6.375166734020847,417.66114807128906,0.9140831363825943,4,123,100,2.0,0.9,5,2e-05,8,128
student_bert-base-uncased_fs100_supp123_seed2_tau0.5_a0.1,student,bert-base-uncased,,0.865,0.8648401919402048,109485316,6.253418466318787,417.66114807128906,0.9139441123314334,2,123,100,0.5,0.1,5,2e-05,8,128
student_bert-base-uncased_fs100_supp123_seed7_tau1.0_a0.5,student,bert-base-uncased,,0.865,0.8649354625193653,109485316,6.908014333506192,417.66114807128906,0.9139441123314334,7,123,100,1.0,0.5,5,2e-05,8,128
student_bert-base-uncased_fs100_supp123_seed3_tau0.5_a0.5,student,bert-base-uncased,,0.8648684210526316,0.8641245154493962,109485316,6.76418620084102,417.66114807128906,0.9138050882802725,3,123,100,0.5,0.5,5,2e-05,8,128
student_bert-base-uncased_fs100_supp123_seed6_tau0.1_a0.7,student,bert-base-uncased,,0.8646052631578948,0.864294352892963,109485316,6.393339999825305,417.66114807128906,0.9135270401779508,6,123,100,0.1,0.7,5,2e-05,8,128
student_bert-base-uncased_fs100_supp123_seed0_tau2.5_a0.9,student,bert-base-uncased,,0.8642105263157894,0.863090944085124,109485316,4.983931466752741,417.66114807128906,0.9131099680244682,0,123,100,2.5,0.9,5,2e-05,8,128
student_bert-base-uncased_fs100_supp123_seed3_tau2.0_a0.7,student,bert-base-uncased,,0.8639473684210527,0.8634094921167794,109485316,5.8091196668101475,417.66114807128906,0.9128319199221466,3,123,100,2.0,0.7,5,2e-05,8,128
student_bert-base-uncased_fs100_supp123_seed3_tau2.0_a0.9,student,bert-base-uncased,,0.8639473684210527,0.8629502643480457,109485316,7.398780799849192,417.66114807128906,0.9128319199221466,3,123,100,2.0,0.9,5,2e-05,8,128
student_bert-base-uncased_fs100_supp123_seed3_tau0.5_a0.9,student,bert-base-uncased,,0.8636842105263158,0.8630480152380388,109485316,7.696691799355904,417.66114807128906,0.912553871819825,3,123,100,0.5,0.9,5,2e-05,8,128
student_bert-base-uncased_fs100_supp123_seed2_tau0.1_a0.1,student,bert-base-uncased,,0.8635526315789473,0.8634124802899745,109485316,5.655999599791055,417.66114807128906,0.912414847768664,2,123,100,0.1,0.1,5,2e-05,8,128
student_bert-base-uncased_fs100_supp123_seed2_tau0.1_a0.9,student,bert-base-uncased,,0.863421052631579,0.8629113907189851,109485316,7.234130399835219,417.66114807128906,0.9122758237175032,2,123,100,0.1,0.9,5,2e-05,8,128
student_bert-base-uncased_fs100_supp123_seed4_tau2.5_a0.9,student,bert-base-uncased,,0.863421052631579,0.8627739370020202,109485316,6.689375000375246,417.66114807128906,0.9122758237175032,4,123,100,2.5,0.9,5,2e-05,8,128
student_bert-base-uncased_fs100_supp123_seed2_tau0.5_a0.7,student,bert-base-uncased,,0.8630263157894736,0.8623356818654556,109485316,6.726701066751654,417.66114807128906,0.9118587515640205,2,123,100,0.5,0.7,5,2e-05,8,128
student_bert-base-uncased_fs100_supp123_seed9_tau1.5_a0.9,student,bert-base-uncased,,0.8626315789473684,0.8618185071937743,109485316,6.882019266292143,417.66114807128906,0.9114416794105381,9,123,100,1.5,0.9,5,2e-05,8,128
student_bert-base-uncased_fs100_supp123_seed3_tau1.0_a0.9,student,bert-base-uncased,,0.8622368421052632,0.8611708443331261,109485316,6.572392133724255,417.66114807128906,0.9110246072570556,3,123,100,1.0,0.9,5,2e-05,8,128
student_bert-base-uncased_fs100_supp123_seed4_tau0.5_a0.7,student,bert-base-uncased,,0.8621052631578947,0.860449946818179,109485316,7.63782520055732,417.66114807128906,0.9108855832058946,4,123,100,0.5,0.7,5,2e-05,8,128
student_bert-base-uncased_fs100_supp123_seed3_tau2.5_a0.3,student,bert-base-uncased,,0.8618421052631579,0.8615557075307118,109485316,7.748682333961672,417.66114807128906,0.910607535103573,3,123,100,2.5,0.3,5,2e-05,8,128
student_bert-base-uncased_fs100_supp123_seed4_tau0.5_a0.9,student,bert-base-uncased,,0.8618421052631579,0.8606070652080509,109485316,8.493240399548085,417.66114807128906,0.910607535103573,4,123,100,0.5,0.9,5,2e-05,8,128
student_bert-base-uncased_fs100_supp123_seed3_tau1.5_a0.7,student,bert-base-uncased,,0.8607894736842105,0.8600133207460509,109485316,8.249827200779691,417.66114807128906,0.9094953426942862,3,123,100,1.5,0.7,5,2e-05,8,128
student_bert-base-uncased_fs100_supp123_seed4_tau0.1_a0.5,student,bert-base-uncased,,0.8601315789473685,0.8604864975658032,109485316,6.8331321999721695,417.66114807128906,0.9088002224384819,4,123,100,0.1,0.5,5,2e-05,8,128
student_bert-base-uncased_fs100_supp123_seed4_tau1.0_a0.1,student,bert-base-uncased,,0.8594736842105263,0.8576023173113868,109485316,7.337695666501531,417.66114807128906,0.9081051021826776,4,123,100,1.0,0.1,5,2e-05,8,128
student_bert-base-uncased_fs100_supp123_seed0_tau3.0_a0.9,student,bert-base-uncased,,0.8592105263157894,0.8577072792976438,109485316,7.320898800026043,417.66114807128906,0.9078270540803559,0,123,100,3.0,0.9,5,2e-05,8,128
student_bert-base-uncased_fs100_supp123_seed3_tau2.0_a0.3,student,bert-base-uncased,,0.859078947368421,0.8587879101136786,109485316,6.016374733007979,417.66114807128906,0.9076880300291951,3,123,100,2.0,0.3,5,2e-05,8,128
student_bert-base-uncased_fs100_supp123_seed4_tau0.5_a0.1,student,bert-base-uncased,,0.8589473684210527,0.8588870229900156,109485316,6.9719301332952455,417.66114807128906,0.9075490059780343,4,123,100,0.5,0.1,5,2e-05,8,128
student_bert-base-uncased_fs100_supp123_seed9_tau0.5_a0.7,student,bert-base-uncased,,0.8588157894736842,0.8568743891304084,109485316,6.817186130986859,417.66114807128906,0.9074099819268734,9,123,100,0.5,0.7,5,2e-05,8,128
student_bert-base-uncased_fs100_supp123_seed7_tau2.5_a0.7,student,bert-base-uncased,,0.8582894736842105,0.85958526778027,109485316,6.001918666637114,417.66114807128906,0.9068538857222299,7,123,100,2.5,0.7,5,2e-05,8,128
student_bert-base-uncased_fs100_supp123_seed9_tau1.0_a0.5,student,bert-base-uncased,,0.8582894736842105,0.857611529086165,109485316,6.951331466552801,417.66114807128906,0.9068538857222299,9,123,100,1.0,0.5,5,2e-05,8,128
student_bert-base-uncased_fs100_supp123_seed9_tau0.1_a0.7,student,bert-base-uncased,,0.8557894736842105,0.8538290081861365,109485316,8.38533353380626,417.66114807128906,0.9042124287501738,9,123,100,0.1,0.7,5,2e-05,8,128
student_bert-base-uncased_fs100_supp123_seed3_tau0.1_a0.7,student,bert-base-uncased,,0.8553947368421052,0.853825115543581,109485316,6.238756000069164,417.66114807128906,0.9037953565966912,3,123,100,0.1,0.7,5,2e-05,8,128
student_bert-base-uncased_fs100_supp123_seed4_tau0.1_a0.7,student,bert-base-uncased,,0.8538157894736842,0.8528679347739208,109485316,6.190014000458177,417.66114807128906,0.902127067982761,4,123,100,0.1,0.7,5,2e-05,8,128
student_bert-base-uncased_fs100_supp123_seed9_tau0.1_a0.9,student,bert-base-uncased,,0.8538157894736842,0.852199045062254,109485316,6.264678267082975,417.66114807128906,0.902127067982761,9,123,100,0.1,0.9,5,2e-05,8,128
student_bert-base-uncased_fs100_supp123_seed5_tau0.5_a0.1,student,bert-base-uncased,,0.8522368421052632,0.850331333771933,109485316,6.993668666351975,417.66114807128906,0.9004587793688309,5,123,100,0.5,0.1,5,2e-05,8,128
student_bert-base-uncased_fs100_supp123_seed9_tau2.0_a0.7,student,bert-base-uncased,,0.8518421052631578,0.8499001477802366,109485316,7.9346606667968445,417.66114807128906,0.9000417072153483,9,123,100,2.0,0.7,5,2e-05,8,128
student_bert-base-uncased_fs100_supp123_seed4_tau0.1_a0.3,student,bert-base-uncased,,0.8517105263157895,0.850372421821195,109485316,5.81984106611344,417.66114807128906,0.8999026831641874,4,123,100,0.1,0.3,5,2e-05,8,128
student_bert-base-uncased_fs100_supp123_seed9_tau1.5_a0.7,student,bert-base-uncased,,0.8517105263157895,0.8495602609932801,109485316,6.752024400338996,417.66114807128906,0.8999026831641874,9,123,100,1.5,0.7,5,2e-05,8,128
student_bert-base-uncased_fs100_supp123_seed9_tau2.5_a0.9,student,bert-base-uncased,,0.8505263157894737,0.8485485765571019,109485316,7.265706733839276,417.66114807128906,0.8986514667037397,9,123,100,2.5,0.9,5,2e-05,8,128
student_bert-base-uncased_fs100_supp123_seed9_tau3.0_a0.9,student,bert-base-uncased,,0.8503947368421053,0.8469739631319004,109485316,7.778798399764734,417.66114807128906,0.898512442652579,9,123,100,3.0,0.9,5,2e-05,8,128
student_bert-base-uncased_fs100_supp123_seed7_tau0.5_a0.9,student,bert-base-uncased,,0.849078947368421,0.8483773035426225,109485316,7.723555066089223,417.66114807128906,0.8971222021409704,7,123,100,0.5,0.9,5,2e-05,8,128
student_bert-base-uncased_fs100_supp123_seed9_tau1.0_a0.9,student,bert-base-uncased,,0.8476315789473684,0.8442098632641085,109485316,6.115037600102369,417.66114807128906,0.895592937578201,9,123,100,1.0,0.9,5,2e-05,8,128
student_bert-base-uncased_fs100_supp123_seed0_tau1.5_a0.9,student,bert-base-uncased,,0.8465789473684211,0.844759713216808,109485316,7.128476266370853,417.66114807128906,0.8944807451689143,0,123,100,1.5,0.9,5,2e-05,8,128
student_bert-base-uncased_fs100_supp123_seed9_tau0.5_a0.3,student,bert-base-uncased,,0.8396052631578947,0.8369173213668117,109485316,5.790079199262739,417.66114807128906,0.8871124704573892,9,123,100,0.5,0.3,5,2e-05,8,128
student_bert-base-uncased_fs100_supp123_seed9_tau2.0_a0.9,student,bert-base-uncased,,0.8378947368421052,0.8346592632735919,109485316,6.5879812008158,417.66114807128906,0.8853051577922981,9,123,100,2.0,0.9,5,2e-05,8,128
student_bert-base-uncased_fs100_supp123_seed9_tau0.1_a0.1,student,bert-base-uncased,,0.8346052631578947,0.8302086356458079,109485316,7.664632667244102,417.66114807128906,0.8818295565132769,9,123,100,0.1,0.1,5,2e-05,8,128
student_bert-base-uncased_fs100_supp123_seed7_tau2.5_a0.9,student,bert-base-uncased,,0.8332894736842106,0.8333487024468664,109485316,7.975575866051561,417.66114807128906,0.8804393160016684,7,123,100,2.5,0.9,5,2e-05,8,128
student_bert-base-uncased_fs100_supp123_seed7_tau0.5_a0.3,student,bert-base-uncased,,0.8225,0.822530239754511,109485316,6.109048466411575,417.66114807128906,0.8690393438064785,7,123,100,0.5,0.3,5,2e-05,8,128
student_bert-base-uncased_fs100_supp123_seed9_tau0.5_a0.9,student,bert-base-uncased,,0.8161842105263157,0.8118435068288229,109485316,6.574747934064362,417.66114807128906,0.8623661893507577,9,123,100,0.5,0.9,5,2e-05,8,128
student_bert-base-uncased_fs100_supp123_seed0_tau1.0_a0.9,student,bert-base-uncased,,0.809078947368421,0.8024102783228554,109485316,5.550751666669385,417.66114807128906,0.8548588905880717,0,123,100,1.0,0.9,5,2e-05,8,128
student_bert-base-uncased_fs10_supp123_seed6_tau1.5_a0.1,student,bert-base-uncased,,0.7475,0.7427992110340362,109485316,8.82766440014772,417.66114807128906,0.7897956346447936,6,123,10,1.5,0.1,5,2e-05,8,128
student_bert-base-uncased_fs10_supp123_seed6_tau2.0_a0.1,student,bert-base-uncased,,0.7446052631578948,0.7396101710686142,109485316,6.837069799924696,417.66114807128906,0.7867371055192549,6,123,10,2.0,0.1,5,2e-05,8,128
student_bert-base-uncased_fs10_supp123_seed6_tau3.0_a0.1,student,bert-base-uncased,,0.7431578947368421,0.7382450681032712,109485316,6.455790600193723,417.66114807128906,0.7852078409564855,6,123,10,3.0,0.1,5,2e-05,8,128
student_bert-base-uncased_fs10_supp123_seed6_tau2.5_a0.1,student,bert-base-uncased,,0.7428947368421053,0.7379404970535857,109485316,6.9814775333725265,417.66114807128906,0.7849297928541639,6,123,10,2.5,0.1,5,2e-05,8,128
student_bert-base-uncased_fs10_supp123_seed6_tau1.0_a0.1,student,bert-base-uncased,,0.7246052631578948,0.7184985832166291,109485316,8.819122599985954,417.66114807128906,0.7656054497428055,6,123,10,1.0,0.1,5,2e-05,8,128
student_bert-base-uncased_fs10_supp123_seed6_tau0.5_a0.1,student,bert-base-uncased,,0.7213157894736842,0.7156776176768669,109485316,9.284672066799734,417.66114807128906,0.7621298484637843,6,123,10,0.5,0.1,5,2e-05,8,128
student_bert-base-uncased_fs10_supp123_seed6_tau0.5_a0.7,student,bert-base-uncased,,0.7161842105263158,0.7105900245989561,109485316,5.528785666744322,417.66114807128906,0.756707910468511,6,123,10,0.5,0.7,5,2e-05,8,128
student_bert-base-uncased_fs10_supp123_seed6_tau3.0_a0.5,student,bert-base-uncased,,0.7144736842105263,0.7088028092331277,109485316,6.938680799976282,417.66114807128906,0.75490059780342,6,123,10,3.0,0.5,5,2e-05,8,128
student_bert-base-uncased_fs10_supp123_seed6_tau2.0_a0.5,student,bert-base-uncased,,0.7119736842105263,0.7052620579959712,109485316,8.40496806667943,417.66114807128906,0.7522591408313638,6,123,10,2.0,0.5,5,2e-05,8,128
student_bert-base-uncased_fs10_supp123_seed5_tau0.1_a0.9,student,bert-base-uncased,,0.7102631578947368,0.6981154073380436,109485316,5.448302333358394,417.66114807128906,0.7504518281662728,5,123,10,0.1,0.9,5,2e-05,8,128
student_bert-base-uncased_fs10_supp123_seed1_tau2.0_a0.3,student,bert-base-uncased,,0.7101315789473684,0.693950090028111,109485316,7.4972674668970285,417.66114807128906,0.7503128041151119,1,123,10,2.0,0.3,5,2e-05,8,128
student_bert-base-uncased_fs10_supp123_seed1_tau1.0_a0.3,student,bert-base-uncased,,0.71,0.6962696072163249,109485316,6.77587079978063,417.66114807128906,0.7501737800639511,1,123,10,1.0,0.3,5,2e-05,8,128
student_bert-base-uncased_fs10_supp123_seed6_tau1.5_a0.5,student,bert-base-uncased,,0.7098684210526316,0.7043655520677731,109485316,7.799117800035067,417.66114807128906,0.7500347560127902,6,123,10,1.5,0.5,5,2e-05,8,128
student_bert-base-uncased_fs10_supp123_seed5_tau1.0_a0.9,student,bert-base-uncased,,0.7094736842105264,0.6940204088917542,109485316,6.8198268665886035,417.66114807128906,0.7496176838593077,5,123,10,1.0,0.9,5,2e-05,8,128
student_bert-base-uncased_fs10_supp123_seed5_tau1.5_a0.9,student,bert-base-uncased,,0.7094736842105264,0.6941459287058342,109485316,8.733752799950404,417.66114807128906,0.7496176838593077,5,123,10,1.5,0.9,5,2e-05,8,128
student_bert-base-uncased_fs10_supp123_seed1_tau2.5_a0.3,student,bert-base-uncased,,0.7086842105263158,0.6918350661275059,109485316,7.1039208002427285,417.66114807128906,0.7487835395523426,1,123,10,2.5,0.3,5,2e-05,8,128
student_bert-base-uncased_fs10_supp123_seed5_tau2.0_a0.9,student,bert-base-uncased,,0.708421052631579,0.6932107321836188,109485316,5.862895333363364,417.66114807128906,0.7485054914500209,5,123,10,2.0,0.9,5,2e-05,8,128
student_bert-base-uncased_fs10_supp123_seed5_tau2.5_a0.9,student,bert-base-uncased,,0.7081578947368421,0.6930275791994714,109485316,8.753601933373526,417.66114807128906,0.7482274433476992,5,123,10,2.5,0.9,5,2e-05,8,128
student_bert-base-uncased_fs10_supp123_seed5_tau3.0_a0.9,student,bert-base-uncased,,0.7080263157894737,0.6929240818796449,109485316,8.89047386663151,417.66114807128906,0.7480884192965384,5,123,10,3.0,0.9,5,2e-05,8,128
student_bert-base-uncased_fs10_supp123_seed1_tau3.0_a0.3,student,bert-base-uncased,,0.7075,0.6911131691466299,109485316,6.943404800040298,417.66114807128906,0.747532323091895,1,123,10,3.0,0.3,5,2e-05,8,128
student_bert-base-uncased_fs10_supp123_seed5_tau1.0_a0.1,student,bert-base-uncased,,0.7075,0.6886626534877243,109485316,6.087230599981315,417.66114807128906,0.747532323091895,5,123,10,1.0,0.1,5,2e-05,8,128
student_bert-base-uncased_fs10_supp123_seed5_tau0.5_a0.9,student,bert-base-uncased,,0.7072368421052632,0.6909654154968246,109485316,6.483973866700883,417.66114807128906,0.7472542749895732,5,123,10,0.5,0.9,5,2e-05,8,128
student_bert-base-uncased_fs10_supp123_seed4_tau2.0_a0.3,student,bert-base-uncased,,0.7044736842105264,0.70172489762696,109485316,5.920492400036892,417.66114807128906,0.7443347699151954,4,123,10,2.0,0.3,5,2e-05,8,128
student_bert-base-uncased_fs10_supp123_seed4_tau1.5_a0.3,student,bert-base-uncased,,0.7031578947368421,0.7002657899163172,109485316,6.67146559997794,417.66114807128906,0.7429445294035868,4,123,10,1.5,0.3,5,2e-05,8,128
student_bert-base-uncased_fs10_supp123_seed1_tau1.0_a0.1,student,bert-base-uncased,,0.7025,0.6897507017604173,109485316,7.1421925332591245,417.66114807128906,0.7422494091477826,1,123,10,1.0,0.1,5,2e-05,8,128
student_bert-base-uncased_fs10_supp123_seed1_tau1.5_a0.3,student,bert-base-uncased,,0.7025,0.682354734528975,109485316,6.128987200039167,417.66114807128906,0.7422494091477826,1,123,10,1.5,0.3,5,2e-05,8,128
student_bert-base-uncased_fs10_supp123_seed4_tau1.5_a0.1,student,bert-base-uncased,,0.7021052631578948,0.6930914244070429,109485316,6.906129266675028,417.66114807128906,0.7418323369943001,4,123,10,1.5,0.1,5,2e-05,8,128
student_bert-base-uncased_fs10_supp123_seed6_tau0.5_a0.5,student,bert-base-uncased,,0.7003947368421053,0.694659356959628,109485316,6.298573000033987,417.66114807128906,0.740025024329209,6,123,10,0.5,0.5,5,2e-05,8,128
student_bert-base-uncased_fs10_supp123_seed4_tau3.0_a0.1,student,bert-base-uncased,,0.7002631578947368,0.6919433184561607,109485316,7.447973999963627,417.66114807128906,0.7398860002780481,4,123,10,3.0,0.1,5,2e-05,8,128
student_bert-base-uncased_fs10_supp123_seed6_tau2.5_a0.5,student,bert-base-uncased,,0.7002631578947368,0.6934925875214214,109485316,8.1301333333613,417.66114807128906,0.7398860002780481,6,123,10,2.5,0.5,5,2e-05,8,128
student_bert-base-uncased_fs10_supp123_seed5_tau0.1_a0.1,student,bert-base-uncased,,0.7001315789473684,0.6857837519940353,109485316,6.3245917999665835,417.66114807128906,0.7397469762268873,5,123,10,0.1,0.1,5,2e-05,8,128
student_bert-base-uncased_fs10_supp123_seed1_tau3.0_a0.1,student,bert-base-uncased,,0.7,0.6870285227283366,109485316,7.813686399943738,417.66114807128906,0.7396079521757264,1,123,10,3.0,0.1,5,2e-05,8,128
student_bert-base-uncased_fs10_supp123_seed8_tau1.5_a0.9,student,bert-base-uncased,,0.7,0.7013637693530745,109485316,6.113819666400862,417.66114807128906,0.7396079521757264,8,123,10,1.5,0.9,5,2e-05,8,128
student_bert-base-uncased_fs10_supp123_seed4_tau1.0_a0.3,student,bert-base-uncased,,0.6993421052631579,0.6956029623853106,109485316,5.646812733327049,417.66114807128906,0.7389128319199222,4,123,10,1.0,0.3,5,2e-05,8,128
student_bert-base-uncased_fs10_supp123_seed4_tau2.0_a0.1,student,bert-base-uncased,,0.6993421052631579,0.6904018290950256,109485316,5.91454733333497,417.66114807128906,0.7389128319199222,4,123,10,2.0,0.1,5,2e-05,8,128
student_bert-base-uncased_fs10_supp123_seed4_tau2.5_a0.3,student,bert-base-uncased,,0.6992105263157895,0.6966272164028016,109485316,7.81226606668497,417.66114807128906,0.7387738078687613,4,123,10,2.5,0.3,5,2e-05,8,128
student_bert-base-uncased_fs10_supp123_seed1_tau0.5_a0.7,student,bert-base-uncased,,0.699078947368421,0.6934512075199868,109485316,7.378984333263361,417.66114807128906,0.7386347838176004,1,123,10,0.5,0.7,5,2e-05,8,128
student_bert-base-uncased_fs10_supp123_seed5_tau3.0_a0.1,student,bert-base-uncased,,0.699078947368421,0.678413835649027,109485316,7.135739399988476,417.66114807128906,0.7386347838176004,5,123,10,3.0,0.1,5,2e-05,8,128
student_bert-base-uncased_fs10_supp123_seed1_tau2.5_a0.1,student,bert-base-uncased,,0.6989473684210527,0.6858212699426783,109485316,6.432968599983724,417.66114807128906,0.7384957597664397,1,123,10,2.5,0.1,5,2e-05,8,128
student_bert-base-uncased_fs10_supp123_seed4_tau1.0_a0.1,student,bert-base-uncased,,0.6986842105263158,0.688541789401131,109485316,6.29529733335706,417.66114807128906,0.738217711664118,4,123,10,1.0,0.1,5,2e-05,8,128
student_bert-base-uncased_fs10_supp123_seed4_tau2.5_a0.1,student,bert-base-uncased,,0.6986842105263158,0.6898878250599698,109485316,7.475285066660338,417.66114807128906,0.738217711664118,4,123,10,2.5,0.1,5,2e-05,8,128
student_bert-base-uncased_fs10_supp123_seed4_tau3.0_a0.3,student,bert-base-uncased,,0.6985526315789473,0.696481921719426,109485316,6.24193013330417,417.66114807128906,0.738078687612957,4,123,10,3.0,0.3,5,2e-05,8,128
student_bert-base-uncased_fs10_supp123_seed1_tau0.5_a0.1,student,bert-base-uncased,,0.6984210526315789,0.6813006121992946,109485316,6.735856933422231,417.66114807128906,0.7379396635617962,1,123,10,0.5,0.1,5,2e-05,8,128
student_bert-base-uncased_fs10_supp123_seed4_tau0.5_a0.1,student,bert-base-uncased,,0.6981578947368421,0.6870986789900173,109485316,6.305466133320199,417.66114807128906,0.7376616154594745,4,123,10,0.5,0.1,5,2e-05,8,128
student_bert-base-uncased_fs10_supp123_seed1_tau1.5_a0.1,student,bert-base-uncased,,0.6972368421052632,0.6836016222273176,109485316,7.976084866459132,417.66114807128906,0.7366884471013485,1,123,10,1.5,0.1,5,2e-05,8,128
student_bert-base-uncased_fs10_supp123_seed1_tau2.0_a0.1,student,bert-base-uncased,,0.6965789473684211,0.6830470733036357,109485316,6.809699999939767,417.66114807128906,0.7359933268455443,1,123,10,2.0,0.1,5,2e-05,8,128
student_bert-base-uncased_fs10_supp123_seed0_tau0.1_a0.3,student,bert-base-uncased,,0.695921052631579,0.676834289998913,109485316,7.140489533170087,417.66114807128906,0.7352982065897401,0,123,10,0.1,0.3,5,2e-05,8,128
student_bert-base-uncased_fs10_supp123_seed6_tau1.0_a0.5,student,bert-base-uncased,,0.6957894736842105,0.6920603695784633,109485316,7.464527066622395,417.66114807128906,0.7351591825385791,6,123,10,1.0,0.5,5,2e-05,8,128
student_bert-base-uncased_fs10_supp123_seed4_tau2.5_a0.5,student,bert-base-uncased,,0.6953947368421053,0.6917056569276854,109485316,6.317504599989358,417.66114807128906,0.7347421103850966,4,123,10,2.5,0.5,5,2e-05,8,128
student_bert-base-uncased_fs10_supp123_seed4_tau0.5_a0.3,student,bert-base-uncased,,0.6939473684210526,0.6908191175288796,109485316,6.002901533338445,417.66114807128906,0.7332128458223273,4,123,10,0.5,0.3,5,2e-05,8,128
student_bert-base-uncased_fs10_supp123_seed4_tau3.0_a0.5,student,bert-base-uncased,,0.6939473684210526,0.6900335352120828,109485316,7.029323666665732,417.66114807128906,0.7332128458223273,4,123,10,3.0,0.5,5,2e-05,8,128
student_bert-base-uncased_fs10_supp123_seed4_tau2.0_a0.5,student,bert-base-uncased,,0.6934210526315789,0.6891594298337428,109485316,5.982395999975172,417.66114807128906,0.7326567496176839,4,123,10,2.0,0.5,5,2e-05,8,128
student_bert-base-uncased_fs10_supp123_seed8_tau0.1_a0.9,student,bert-base-uncased,,0.6934210526315789,0.6950382467108329,109485316,7.148516333351533,417.66114807128906,0.7326567496176839,8,123,10,0.1,0.9,5,2e-05,8,128
student_bert-base-uncased_fs10_supp123_seed4_tau3.0_a0.7,student,bert-base-uncased,,0.6927631578947369,0.6901321680849497,109485316,6.527577800018965,417.66114807128906,0.7319616293618797,4,123,10,3.0,0.7,5,2e-05,8,128
student_bert-base-uncased_fs10_supp123_seed6_tau2.0_a0.3,student,bert-base-uncased,,0.6927631578947369,0.6859257648587853,109485316,6.2345145333893015,417.66114807128906,0.7319616293618797,6,123,10,2.0,0.3,5,2e-05,8,128
student_bert-base-uncased_fs10_supp123_seed8_tau2.0_a0.9,student,bert-base-uncased,,0.6926315789473684,0.694482960236316,109485316,5.875766600123218,417.66114807128906,0.7318226053107187,8,123,10,2.0,0.9,5,2e-05,8,128
student_bert-base-uncased_fs10_supp123_seed8_tau0.1_a0.7,student,bert-base-uncased,,0.6922368421052632,0.6946698559739507,109485316,6.643514066793917,417.66114807128906,0.7314055331572362,8,123,10,0.1,0.7,5,2e-05,8,128
student_bert-base-uncased_fs10_supp123_seed5_tau0.5_a0.1,student,bert-base-uncased,,0.6921052631578948,0.6621345997223389,109485316,8.62390153333763,417.66114807128906,0.7312665091060754,5,123,10,0.5,0.1,5,2e-05,8,128
student_bert-base-uncased_fs10_supp123_seed4_tau2.5_a0.7,student,bert-base-uncased,,0.6919736842105263,0.689162055634179,109485316,7.265639666654049,417.66114807128906,0.7311274850549145,4,123,10,2.5,0.7,5,2e-05,8,128
student_bert-base-uncased_fs10_supp123_seed4_tau1.5_a0.5,student,bert-base-uncased,,0.6917105263157894,0.6875387998794944,109485316,5.632737400007197,417.66114807128906,0.7308494369525927,4,123,10,1.5,0.5,5,2e-05,8,128
student_bert-base-uncased_fs10_supp123_seed8_tau1.0_a0.9,student,bert-base-uncased,,0.6917105263157894,0.6939057865474443,109485316,7.721465400027228,417.66114807128906,0.7308494369525927,8,123,10,1.0,0.9,5,2e-05,8,128
student_bert-base-uncased_fs10_supp123_seed8_tau3.0_a0.9,student,bert-base-uncased,,0.6910526315789474,0.6935429216674474,109485316,5.963100733424653,417.66114807128906,0.7301543166967885,8,123,10,3.0,0.9,5,2e-05,8,128
student_bert-base-uncased_fs10_supp123_seed8_tau0.5_a0.9,student,bert-base-uncased,,0.6906578947368421,0.6919428982275222,109485316,6.149027466987415,417.66114807128906,0.729737244543306,8,123,10,0.5,0.9,5,2e-05,8,128
student_bert-base-uncased_fs10_supp123_seed6_tau3.0_a0.3,student,bert-base-uncased,,0.6894736842105263,0.6808683404008522,109485316,7.0667412000451195,417.66114807128906,0.7284860280828585,6,123,10,3.0,0.3,5,2e-05,8,128
student_bert-base-uncased_fs10_supp123_seed1_tau2.0_a0.5,student,bert-base-uncased,,0.6889473684210526,0.6705050018961166,109485316,7.911989399750989,417.66114807128906,0.727929931878215,1,123,10,2.0,0.5,5,2e-05,8,128
student_bert-base-uncased_fs10_supp123_seed4_tau2.0_a0.7,student,bert-base-uncased,,0.6886842105263158,0.685742681531095,109485316,7.36571053331924,417.66114807128906,0.7276518837758933,4,123,10,2.0,0.7,5,2e-05,8,128
student_bert-base-uncased_fs10_supp123_seed8_tau0.1_a0.5,student,bert-base-uncased,,0.6885526315789474,0.6904726824548608,109485316,6.81036960001317,417.66114807128906,0.7275128597247325,8,123,10,0.1,0.5,5,2e-05,8,128
student_bert-base-uncased_fs10_supp123_seed4_tau1.0_a0.5,student,bert-base-uncased,,0.6882894736842106,0.6833520523321265,109485316,6.378415599965592,417.66114807128906,0.7272348116224108,4,123,10,1.0,0.5,5,2e-05,8,128
student_bert-base-uncased_fs10_supp123_seed4_tau1.5_a0.7,student,bert-base-uncased,,0.6880263157894737,0.6849390843084078,109485316,7.457815066679056,417.66114807128906,0.726956763520089,4,123,10,1.5,0.7,5,2e-05,8,128
student_bert-base-uncased_fs10_supp123_seed4_tau0.5_a0.5,student,bert-base-uncased,,0.6871052631578948,0.6807761016477503,109485316,7.351980066656931,417.66114807128906,0.7259835951619631,4,123,10,0.5,0.5,5,2e-05,8,128
student_bert-base-uncased_fs10_supp123_seed0_tau0.1_a0.1,student,bert-base-uncased,,0.6869736842105263,0.6776461766099316,109485316,7.947584066763132,417.66114807128906,0.7258445711108021,0,123,10,0.1,0.1,5,2e-05,8,128
student_bert-base-uncased_fs10_supp123_seed1_tau2.5_a0.5,student,bert-base-uncased,,0.6868421052631579,0.6683937211096991,109485316,7.2414415331877535,417.66114807128906,0.7257055470596414,1,123,10,2.5,0.5,5,2e-05,8,128
student_bert-base-uncased_fs10_supp123_seed8_tau2.5_a0.9,student,bert-base-uncased,,0.6868421052631579,0.6892078932504495,109485316,7.871025933369917,417.66114807128906,0.7257055470596414,8,123,10,2.5,0.9,5,2e-05,8,128
student_bert-base-uncased_fs10_supp123_seed4_tau0.5_a0.7,student,bert-base-uncased,,0.6861842105263158,0.6826406173533031,109485316,5.938454333287761,417.66114807128906,0.7250104268038371,4,123,10,0.5,0.7,5,2e-05,8,128
student_bert-base-uncased_fs10_supp123_seed1_tau0.1_a0.7,student,bert-base-uncased,,0.6855263157894737,0.6785653687840271,109485316,8.516324600107813,417.66114807128906,0.7243153065480328,1,123,10,0.1,0.7,5,2e-05,8,128
student_bert-base-uncased_fs10_supp123_seed9_tau0.1_a0.9,student,bert-base-uncased,,0.6853947368421053,0.6850375023655115,109485316,8.049274866546815,417.66114807128906,0.724176282496872,9,123,10,0.1,0.9,5,2e-05,8,128
student_bert-base-uncased_fs10_supp123_seed4_tau2.0_a0.9,student,bert-base-uncased,,0.6846052631578947,0.6806455813110579,109485316,7.084911199990529,417.66114807128906,0.7233421381899069,4,123,10,2.0,0.9,5,2e-05,8,128
student_bert-base-uncased_fs10_supp123_seed4_tau1.0_a0.7,student,bert-base-uncased,,0.6842105263157895,0.6808128048041618,109485316,6.469668999989153,417.66114807128906,0.7229250660364244,4,123,10,1.0,0.7,5,2e-05,8,128
student_bert-base-uncased_fs10_supp123_seed4_tau2.5_a0.9,student,bert-base-uncased,,0.6839473684210526,0.6801043659404795,109485316,6.097937199986821,417.66114807128906,0.7226470179341027,4,123,10,2.5,0.9,5,2e-05,8,128
student_bert-base-uncased_fs10_supp123_seed8_tau0.5_a0.7,student,bert-base-uncased,,0.6834210526315789,0.6788603625789831,109485316,6.655920333408479,417.66114807128906,0.7220909217294592,8,123,10,0.5,0.7,5,2e-05,8,128
student_bert-base-uncased_fs10_supp123_seed4_tau0.1_a0.7,student,bert-base-uncased,,0.6827631578947368,0.680419776034434,109485316,8.2674244666426,417.66114807128906,0.721395801473655,4,123,10,0.1,0.7,5,2e-05,8,128
student_bert-base-uncased_fs10_supp123_seed4_tau3.0_a0.9,student,bert-base-uncased,,0.6827631578947368,0.6787583883139825,109485316,6.913298000017676,417.66114807128906,0.721395801473655,4,123,10,3.0,0.9,5,2e-05,8,128
student_bert-base-uncased_fs10_supp123_seed9_tau0.1_a0.3,student,bert-base-uncased,,0.6827631578947368,0.6809734805565872,109485316,5.695664599867693,417.66114807128906,0.721395801473655,9,123,10,0.1,0.3,5,2e-05,8,128
student_bert-base-uncased_fs10_supp123_seed4_tau1.5_a0.9,student,bert-base-uncased,,0.6821052631578948,0.677736182048348,109485316,6.548581733310736,417.66114807128906,0.7207006812178508,4,123,10,1.5,0.9,5,2e-05,8,128
student_bert-base-uncased_fs10_supp123_seed4_tau1.0_a0.9,student,bert-base-uncased,,0.6819736842105263,0.6775698368544668,109485316,6.467424400004044,417.66114807128906,0.7205616571666899,4,123,10,1.0,0.9,5,2e-05,8,128
student_bert-base-uncased_fs10_supp123_seed4_tau0.5_a0.9,student,bert-base-uncased,,0.6788157894736843,0.6736754197772781,109485316,6.865480466619071,417.66114807128906,0.7172250799388294,4,123,10,0.5,0.9,5,2e-05,8,128
student_bert-base-uncased_fs10_supp123_seed6_tau2.5_a0.3,student,bert-base-uncased,,0.6784210526315789,0.6712988900302133,109485316,6.376561066766347,417.66114807128906,0.7168080077853469,6,123,10,2.5,0.3,5,2e-05,8,128
student_bert-base-uncased_fs10_supp123_seed4_tau0.1_a0.5,student,bert-base-uncased,,0.6780263157894737,0.6761248753086845,109485316,8.879406933328937,417.66114807128906,0.7163909356318644,4,123,10,0.1,0.5,5,2e-05,8,128
student_bert-base-uncased_fs10_supp123_seed9_tau1.0_a0.9,student,bert-base-uncased,,0.6778947368421052,0.6773708847646529,109485316,5.616016466471289,417.66114807128906,0.7162519115807034,9,123,10,1.0,0.9,5,2e-05,8,128
student_bert-base-uncased_fs10_supp123_seed0_tau3.0_a0.7,student,bert-base-uncased,,0.6777631578947368,0.6347748508676447,109485316,7.443513733354242,417.66114807128906,0.7161128875295426,0,123,10,3.0,0.7,5,2e-05,8,128
student_bert-base-uncased_fs10_supp123_seed5_tau0.1_a0.7,student,bert-base-uncased,,0.6772368421052631,0.6558863187572816,109485316,5.613608133414043,417.66114807128906,0.7155567913248992,5,123,10,0.1,0.7,5,2e-05,8,128
student_bert-base-uncased_fs10_supp123_seed0_tau2.5_a0.7,student,bert-base-uncased,,0.6771052631578948,0.6339032930677065,109485316,7.307399266755965,417.66114807128906,0.7154177672737384,0,123,10,2.5,0.7,5,2e-05,8,128
student_bert-base-uncased_fs10_supp123_seed9_tau2.0_a0.9,student,bert-base-uncased,,0.6768421052631579,0.6760362294276263,109485316,7.032789533574639,417.66114807128906,0.7151397191714167,9,123,10,2.0,0.9,5,2e-05,8,128
student_bert-base-uncased_fs10_supp123_seed6_tau0.1_a0.3,student,bert-base-uncased,,0.6765789473684211,0.6736276892880163,109485316,8.620749399839648,417.66114807128906,0.714861671069095,6,123,10,0.1,0.3,5,2e-05,8,128
student_bert-base-uncased_fs10_supp123_seed0_tau2.0_a0.7,student,bert-base-uncased,,0.6761842105263158,0.632442614546781,109485316,6.643135533340683,417.66114807128906,0.7144445989156125,0,123,10,2.0,0.7,5,2e-05,8,128
student_bert-base-uncased_fs10_supp123_seed0_tau1.5_a0.7,student,bert-base-uncased,,0.6757894736842105,0.631794132150522,109485316,9.269401733157187,417.66114807128906,0.7140275267621299,0,123,10,1.5,0.7,5,2e-05,8,128
student_bert-base-uncased_fs10_supp123_seed9_tau0.1_a0.7,student,bert-base-uncased,,0.6752631578947368,0.6746478975688317,109485316,5.792822666868839,417.66114807128906,0.7134714305574864,9,123,10,0.1,0.7,5,2e-05,8,128
student_bert-base-uncased_fs10_supp123_seed9_tau1.5_a0.9,student,bert-base-uncased,,0.6752631578947368,0.6748731537903125,109485316,7.641075133142294,417.66114807128906,0.7134714305574864,9,123,10,1.5,0.9,5,2e-05,8,128
student_bert-base-uncased_fs10_supp123_seed0_tau1.0_a0.7,student,bert-base-uncased,,0.6751315789473684,0.6318192448275007,109485316,6.99373819995041,417.66114807128906,0.7133324065063256,0,123,10,1.0,0.7,5,2e-05,8,128
student_bert-base-uncased_fs10_supp123_seed1_tau1.0_a0.5,student,bert-base-uncased,,0.675,0.657628934282685,109485316,8.054402066894303,417.66114807128906,0.7131933824551648,1,123,10,1.0,0.5,5,2e-05,8,128
student_bert-base-uncased_fs10_supp123_seed7_tau2.0_a0.5,student,bert-base-uncased,,0.6748684210526316,0.6769996344038102,109485316,6.31051546697563,417.66114807128906,0.7130543584040039,7,123,10,2.0,0.5,5,2e-05,8,128
student_bert-base-uncased_fs10_supp123_seed5_tau1.0_a0.7,student,bert-base-uncased,,0.6730263157894737,0.6542726060661159,109485316,6.269164266662604,417.66114807128906,0.711108021687752,5,123,10,1.0,0.7,5,2e-05,8,128
student_bert-base-uncased_fs10_supp123_seed5_tau3.0_a0.5,student,bert-base-uncased,,0.6730263157894737,0.649520287163919,109485316,5.891352733245488,417.66114807128906,0.711108021687752,5,123,10,3.0,0.5,5,2e-05,8,128
student_bert-base-uncased_fs10_supp123_seed4_tau0.1_a0.3,student,bert-base-uncased,,0.6727631578947368,0.671730138996991,109485316,7.537087999996099,417.66114807128906,0.7108299735854303,4,123,10,0.1,0.3,5,2e-05,8,128
student_bert-base-uncased_fs10_supp123_seed1_tau0.5_a0.3,student,bert-base-uncased,,0.6725,0.644769216322263,109485316,7.396348799981449,417.66114807128906,0.7105519254831086,1,123,10,0.5,0.3,5,2e-05,8,128
student_bert-base-uncased_fs10_supp123_seed7_tau2.0_a0.7,student,bert-base-uncased,,0.6725,0.673461223010086,109485316,6.613708133227192,417.66114807128906,0.7105519254831086,7,123,10,2.0,0.7,5,2e-05,8,128
student_bert-base-uncased_fs10_supp123_seed6_tau0.1_a0.9,student,bert-base-uncased,,0.6723684210526316,0.6671255158285037,109485316,7.133859333286334,417.66114807128906,0.7104129014319478,6,123,10,0.1,0.9,5,2e-05,8,128
student_bert-base-uncased_fs10_supp123_seed5_tau1.5_a0.1,student,bert-base-uncased,,0.6722368421052631,0.6440639172633731,109485316,10.206248933294168,417.66114807128906,0.7102738773807868,5,123,10,1.5,0.1,5,2e-05,8,128
student_bert-base-uncased_fs10_supp123_seed5_tau2.5_a0.1,student,bert-base-uncased,,0.6721052631578948,0.644206596444631,109485316,8.788736800246019,417.66114807128906,0.7101348533296261,5,123,10,2.5,0.1,5,2e-05,8,128
student_bert-base-uncased_fs10_supp123_seed3_tau0.5_a0.1,student,bert-base-uncased,,0.6711842105263158,0.6522049732447951,109485316,6.441257466940442,417.66114807128906,0.7091616849715001,3,123,10,0.5,0.1,5,2e-05,8,128
student_bert-base-uncased_fs10_supp123_seed7_tau0.5_a0.3,student,bert-base-uncased,,0.670921052631579,0.6710924238630218,109485316,5.551960399801222,417.66114807128906,0.7088836368691784,7,123,10,0.5,0.3,5,2e-05,8,128
student_bert-base-uncased_fs10_supp123_seed9_tau0.5_a0.9,student,bert-base-uncased,,0.6701315789473684,0.6692899289039891,109485316,6.491350933356443,417.66114807128906,0.7080494925622133,9,123,10,0.5,0.9,5,2e-05,8,128
student_bert-base-uncased_fs10_supp123_seed9_tau1.0_a0.7,student,bert-base-uncased,,0.6701315789473684,0.6688501565725834,109485316,7.219626933268349,417.66114807128906,0.7080494925622133,9,123,10,1.0,0.7,5,2e-05,8,128
student_bert-base-uncased_fs10_supp123_seed6_tau0.1_a0.1,student,bert-base-uncased,,0.6698684210526316,0.666626026440463,109485316,8.599847800178395,417.66114807128906,0.7077714444598916,6,123,10,0.1,0.1,5,2e-05,8,128
student_bert-base-uncased_fs10_supp123_seed4_tau0.1_a0.9,student,bert-base-uncased,,0.6693421052631578,0.662461370737104,109485316,5.472395799991621,417.66114807128906,0.7072153482552481,4,123,10,0.1,0.9,5,2e-05,8,128
student_bert-base-uncased_fs10_supp123_seed5_tau1.5_a0.5,student,bert-base-uncased,,0.6686842105263158,0.6469518935021463,109485316,8.70972193339791,417.66114807128906,0.7065202279994439,5,123,10,1.5,0.5,5,2e-05,8,128
student_bert-base-uncased_fs10_supp123_seed5_tau2.5_a0.5,student,bert-base-uncased,,0.6686842105263158,0.6450043753342323,109485316,5.53135953329426,417.66114807128906,0.7065202279994439,5,123,10,2.5,0.5,5,2e-05,8,128
student_bert-base-uncased_fs10_supp123_seed6_tau3.0_a0.7,student,bert-base-uncased,,0.6685526315789474,0.6603194947755033,109485316,9.47375626686456,417.66114807128906,0.7063812039482831,6,123,10,3.0,0.7,5,2e-05,8,128
student_bert-base-uncased_fs10_supp123_seed0_tau0.5_a0.7,student,bert-base-uncased,,0.6682894736842105,0.6279263864532868,109485316,9.961177533114096,417.66114807128906,0.7061031558459614,0,123,10,0.5,0.7,5,2e-05,8,128
student_bert-base-uncased_fs10_supp123_seed6_tau1.5_a0.7,student,bert-base-uncased,,0.6678947368421052,0.6610754208750935,109485316,6.405135733196706,417.66114807128906,0.7056860836924788,6,123,10,1.5,0.7,5,2e-05,8,128
student_bert-base-uncased_fs10_supp123_seed5_tau0.5_a0.7,student,bert-base-uncased,,0.6677631578947368,0.6463174190890816,109485316,8.313795066593835,417.66114807128906,0.7055470596413179,5,123,10,0.5,0.7,5,2e-05,8,128
student_bert-base-uncased_fs10_supp123_seed1_tau0.1_a0.5,student,bert-base-uncased,,0.6672368421052631,0.657750319760424,109485316,7.821729733404936,417.66114807128906,0.7049909634366746,1,123,10,0.1,0.5,5,2e-05,8,128
student_bert-base-uncased_fs10_supp123_seed8_tau1.0_a0.3,student,bert-base-uncased,,0.6671052631578948,0.6737741245620494,109485316,6.428962199788657,417.66114807128906,0.7048519393855137,8,123,10,1.0,0.3,5,2e-05,8,128
student_bert-base-uncased_fs10_supp123_seed7_tau1.0_a0.3,student,bert-base-uncased,,0.6667105263157894,0.6670259630072863,109485316,8.074471133659245,417.66114807128906,0.7044348672320311,7,123,10,1.0,0.3,5,2e-05,8,128
student_bert-base-uncased_fs10_supp123_seed9_tau0.5_a0.7,student,bert-base-uncased,,0.666578947368421,0.6659330788779023,109485316,7.266968200080252,417.66114807128906,0.7042958431808704,9,123,10,0.5,0.7,5,2e-05,8,128
student_bert-base-uncased_fs10_supp123_seed3_tau2.0_a0.3,student,bert-base-uncased,,0.6664473684210527,0.6394517023449243,109485316,7.6323276667001965,417.66114807128906,0.7041568191297095,3,123,10,2.0,0.3,5,2e-05,8,128
student_bert-base-uncased_fs10_supp123_seed7_tau0.5_a0.7,student,bert-base-uncased,,0.6664473684210527,0.668603163226608,109485316,7.353894799962291,417.66114807128906,0.7041568191297095,7,123,10,0.5,0.7,5,2e-05,8,128
student_bert-base-uncased_fs10_supp123_seed6_tau2.0_a0.7,student,bert-base-uncased,,0.6660526315789473,0.6582525491233421,109485316,9.176209733353366,417.66114807128906,0.7037397469762269,6,123,10,2.0,0.7,5,2e-05,8,128
student_bert-base-uncased_fs10_supp123_seed1_tau0.1_a0.1,student,bert-base-uncased,,0.6653947368421053,0.6516332220787594,109485316,7.688588933766975,417.66114807128906,0.7030446267204227,1,123,10,0.1,0.1,5,2e-05,8,128
student_bert-base-uncased_fs10_supp123_seed8_tau3.0_a0.1,student,bert-base-uncased,,0.6651315789473684,0.6737188907189011,109485316,7.121976666530827,417.66114807128906,0.702766578618101,8,123,10,3.0,0.1,5,2e-05,8,128
student_bert-base-uncased_fs10_supp123_seed9_tau0.5_a0.1,student,bert-base-uncased,,0.6651315789473684,0.6476730929448431,109485316,6.009066466504009,417.66114807128906,0.702766578618101,9,123,10,0.5,0.1,5,2e-05,8,128
student_bert-base-uncased_fs10_supp123_seed7_tau2.5_a0.7,student,bert-base-uncased,,0.6643421052631578,0.6655144858527666,109485316,7.1824601337236045,417.66114807128906,0.7019324343111358,7,123,10,2.5,0.7,5,2e-05,8,128
student_bert-base-uncased_fs10_supp123_seed8_tau1.5_a0.3,student,bert-base-uncased,,0.6642105263157895,0.6701923534640666,109485316,5.810492733265467,417.66114807128906,0.701793410259975,8,123,10,1.5,0.3,5,2e-05,8,128
student_bert-base-uncased_fs10_supp123_seed7_tau2.5_a0.5,student,bert-base-uncased,,0.6635526315789474,0.6683035910346165,109485316,7.737229866688722,417.66114807128906,0.7010982900041708,7,123,10,2.5,0.5,5,2e-05,8,128
student_bert-base-uncased_fs10_supp123_seed0_tau0.1_a0.5,student,bert-base-uncased,,0.6632894736842105,0.6300800123856025,109485316,6.824750999900668,417.66114807128906,0.7008202419018491,0,123,10,0.1,0.5,5,2e-05,8,128
student_bert-base-uncased_fs10_supp123_seed7_tau3.0_a0.7,student,bert-base-uncased,,0.6631578947368421,0.6640475796913288,109485316,5.551297733351627,417.66114807128906,0.7006812178506882,7,123,10,3.0,0.7,5,2e-05,8,128
student_bert-base-uncased_fs10_supp123_seed2_tau1.0_a0.3,student,bert-base-uncased,,0.6623684210526316,0.6510498306800623,109485316,8.160844066393716,417.66114807128906,0.6998470735437231,2,123,10,1.0,0.3,5,2e-05,8,128
student_bert-base-uncased_fs10_supp123_seed6_tau1.0_a0.7,student,bert-base-uncased,,0.6623684210526316,0.6556004300914353,109485316,9.699967133322692,417.66114807128906,0.6998470735437231,6,123,10,1.0,0.7,5,2e-05,8,128
student_bert-base-uncased_fs10_supp123_seed7_tau1.0_a0.7,student,bert-base-uncased,,0.6622368421052631,0.6611447960505372,109485316,7.012427533481969,417.66114807128906,0.6997080494925622,7,123,10,1.0,0.7,5,2e-05,8,128
student_bert-base-uncased_fs10_supp123_seed8_tau1.5_a0.7,student,bert-base-uncased,,0.6622368421052631,0.6641246670789919,109485316,6.555702133482555,417.66114807128906,0.6997080494925622,8,123,10,1.5,0.7,5,2e-05,8,128
student_bert-base-uncased_fs10_supp123_seed3_tau1.0_a0.1,student,bert-base-uncased,,0.661578947368421,0.6416788460304381,109485316,8.842769866775294,417.66114807128906,0.699012929236758,3,123,10,1.0,0.1,5,2e-05,8,128
student_bert-base-uncased_fs10_supp123_seed3_tau1.5_a0.1,student,bert-base-uncased,,0.661578947368421,0.6416061719602457,109485316,5.115309399722416,417.66114807128906,0.699012929236758,3,123,10,1.5,0.1,5,2e-05,8,128
student_bert-base-uncased_fs10_supp123_seed7_tau1.5_a0.5,student,bert-base-uncased,,0.661578947368421,0.6645056287143498,109485316,7.69435979964328,417.66114807128906,0.699012929236758,7,123,10,1.5,0.5,5,2e-05,8,128
student_bert-base-uncased_fs10_supp123_seed9_tau0.1_a0.5,student,bert-base-uncased,,0.661578947368421,0.6601656785136596,109485316,6.633078666588214,417.66114807128906,0.699012929236758,9,123,10,0.1,0.5,5,2e-05,8,128
student_bert-base-uncased_fs10_supp123_seed2_tau2.5_a0.5,student,bert-base-uncased,,0.6611842105263158,0.6576983103754139,109485316,7.234977200035549,417.66114807128906,0.6985958570832754,2,123,10,2.5,0.5,5,2e-05,8,128
student_bert-base-uncased_fs10_supp123_seed2_tau3.0_a0.5,student,bert-base-uncased,,0.660921052631579,0.6571934090219266,109485316,6.083783466480479,417.66114807128906,0.6983178089809537,2,123,10,3.0,0.5,5,2e-05,8,128
student_bert-base-uncased_fs10_supp123_seed5_tau0.1_a0.3,student,bert-base-uncased,,0.6607894736842105,0.6397230434020984,109485316,6.47838980000112,417.66114807128906,0.6981787849297928,5,123,10,0.1,0.3,5,2e-05,8,128
student_bert-base-uncased_fs10_supp123_seed5_tau2.0_a0.1,student,bert-base-uncased,,0.6607894736842105,0.6298135162857537,109485316,7.8937029333246755,417.66114807128906,0.6981787849297928,5,123,10,2.0,0.1,5,2e-05,8,128
student_bert-base-uncased_fs10_supp123_seed3_tau2.5_a0.1,student,bert-base-uncased,,0.6605263157894737,0.6430234399517283,109485316,6.202874799782876,417.66114807128906,0.6979007368274712,3,123,10,2.5,0.1,5,2e-05,8,128
student_bert-base-uncased_fs10_supp123_seed2_tau0.1_a0.1,student,bert-base-uncased,,0.6601315789473684,0.6524216651110861,109485316,7.342023533419706,417.66114807128906,0.6974836646739886,2,123,10,0.1,0.1,5,2e-05,8,128
student_bert-base-uncased_fs10_supp123_seed3_tau0.1_a0.5,student,bert-base-uncased,,0.6601315789473684,0.6562266886227831,109485316,5.520908733524266,417.66114807128906,0.6974836646739886,3,123,10,0.1,0.5,5,2e-05,8,128
student_bert-base-uncased_fs10_supp123_seed7_tau1.0_a0.5,student,bert-base-uncased,,0.6598684210526315,0.6625539807478582,109485316,6.764313333042082,417.66114807128906,0.6972056165716669,7,123,10,1.0,0.5,5,2e-05,8,128
student_bert-base-uncased_fs10_supp123_seed0_tau3.0_a0.1,student,bert-base-uncased,,0.6597368421052632,0.6070838013792079,109485316,8.158622666693796,417.66114807128906,0.6970665925205061,0,123,10,3.0,0.1,5,2e-05,8,128
student_bert-base-uncased_fs10_supp123_seed0_tau2.5_a0.1,student,bert-base-uncased,,0.6594736842105263,0.6051093122819847,109485316,9.314866133354371,417.66114807128906,0.6967885444181844,0,123,10,2.5,0.1,5,2e-05,8,128
student_bert-base-uncased_fs10_supp123_seed5_tau2.0_a0.5,student,bert-base-uncased,,0.6590789473684211,0.6336360175547516,109485316,7.672678066531565,417.66114807128906,0.6963714722647019,5,123,10,2.0,0.5,5,2e-05,8,128
student_bert-base-uncased_fs10_supp123_seed0_tau2.0_a0.1,student,bert-base-uncased,,0.658157894736842,0.6014425830960749,109485316,8.030609266703928,417.66114807128906,0.6953983039065759,0,123,10,2.0,0.1,5,2e-05,8,128
student_bert-base-uncased_fs10_supp123_seed7_tau0.1_a0.1,student,bert-base-uncased,,0.658157894736842,0.6628244132048626,109485316,5.414581933534161,417.66114807128906,0.6953983039065759,7,123,10,0.1,0.1,5,2e-05,8,128
student_bert-base-uncased_fs10_supp123_seed9_tau2.5_a0.9,student,bert-base-uncased,,0.6580263157894737,0.6581357913278499,109485316,5.963406133378157,417.66114807128906,0.695259279855415,9,123,10,2.5,0.9,5,2e-05,8,128
student_bert-base-uncased_fs10_supp123_seed9_tau3.0_a0.9,student,bert-base-uncased,,0.6577631578947368,0.657846556949013,109485316,5.700150733415891,417.66114807128906,0.6949812317530933,9,123,10,3.0,0.9,5,2e-05,8,128
student_bert-base-uncased_fs10_supp123_seed3_tau3.0_a0.3,student,bert-base-uncased,,0.6568421052631579,0.6280709147630612,109485316,6.970521066250512,417.66114807128906,0.6940080633949673,3,123,10,3.0,0.3,5,2e-05,8,128
student_bert-base-uncased_fs10_supp123_seed0_tau1.5_a0.1,student,bert-base-uncased,,0.6564473684210527,0.598088997068584,109485316,8.885750733376577,417.66114807128906,0.6935909912414848,0,123,10,1.5,0.1,5,2e-05,8,128
student_bert-base-uncased_fs10_supp123_seed0_tau0.1_a0.7,student,bert-base-uncased,,0.6560526315789473,0.6172760163072167,109485316,8.106186666797536,417.66114807128906,0.6931739190880022,0,123,10,0.1,0.7,5,2e-05,8,128
student_bert-base-uncased_fs10_supp123_seed5_tau1.0_a0.5,student,bert-base-uncased,,0.6560526315789473,0.630319302323487,109485316,7.167849333260771,417.66114807128906,0.6931739190880022,5,123,10,1.0,0.5,5,2e-05,8,128
student_bert-base-uncased_fs10_supp123_seed3_tau2.0_a0.1,student,bert-base-uncased,,0.655921052631579,0.6364944366290862,109485316,6.792429666772175,417.66114807128906,0.6930348950368415,3,123,10,2.0,0.1,5,2e-05,8,128
student_bert-base-uncased_fs10_supp123_seed4_tau0.1_a0.1,student,bert-base-uncased,,0.6556578947368421,0.6517259810344919,109485316,5.351453866645291,417.66114807128906,0.6927568469345197,4,123,10,0.1,0.1,5,2e-05,8,128
student_bert-base-uncased_fs10_supp123_seed0_tau1.0_a0.1,student,bert-base-uncased,,0.6555263157894737,0.5970365181593894,109485316,8.975177600101839,417.66114807128906,0.6926178228833589,0,123,10,1.0,0.1,5,2e-05,8,128
student_bert-base-uncased_fs10_supp123_seed0_tau3.0_a0.9,student,bert-base-uncased,,0.6548684210526315,0.6098546900185381,109485316,6.245731466757813,417.66114807128906,0.6919227026275545,0,123,10,3.0,0.9,5,2e-05,8,128
student_bert-base-uncased_fs10_supp123_seed9_tau1.0_a0.1,student,bert-base-uncased,,0.6548684210526315,0.6385404419534234,109485316,6.5159993332296535,417.66114807128906,0.6919227026275545,9,123,10,1.0,0.1,5,2e-05,8,128
student_bert-base-uncased_fs10_supp123_seed3_tau3.0_a0.1,student,bert-base-uncased,,0.654342105263158,0.6356659323755496,109485316,6.737785132766779,417.66114807128906,0.6913666064229113,3,123,10,3.0,0.1,5,2e-05,8,128
student_bert-base-uncased_fs10_supp123_seed0_tau2.5_a0.9,student,bert-base-uncased,,0.6539473684210526,0.60885683418467,109485316,8.529756199944435,417.66114807128906,0.6909495342694286,0,123,10,2.5,0.9,5,2e-05,8,128
student_bert-base-uncased_fs10_supp123_seed3_tau0.5_a0.9,student,bert-base-uncased,,0.6539473684210526,0.6507554398969466,109485316,6.609701133614483,417.66114807128906,0.6909495342694286,3,123,10,0.5,0.9,5,2e-05,8,128
student_bert-base-uncased_fs10_supp123_seed0_tau2.0_a0.9,student,bert-base-uncased,,0.6536842105263158,0.60851173555817,109485316,8.795362266573648,417.66114807128906,0.6906714861671069,0,123,10,2.0,0.9,5,2e-05,8,128
student_bert-base-uncased_fs10_supp123_seed8_tau1.0_a0.7,student,bert-base-uncased,,0.6536842105263158,0.6581889161540638,109485316,7.840584866911134,417.66114807128906,0.6906714861671069,8,123,10,1.0,0.7,5,2e-05,8,128
student_bert-base-uncased_fs10_supp123_seed0_tau1.5_a0.9,student,bert-base-uncased,,0.6535526315789474,0.6084989829212126,109485316,8.979153733343992,417.66114807128906,0.6905324621159461,0,123,10,1.5,0.9,5,2e-05,8,128
student_bert-base-uncased_fs10_supp123_seed0_tau0.5_a0.3,student,bert-base-uncased,,0.6534210526315789,0.6024400950645252,109485316,8.833893133244905,417.66114807128906,0.6903934380647851,0,123,10,0.5,0.3,5,2e-05,8,128
student_bert-base-uncased_fs10_supp123_seed6_tau2.5_a0.7,student,bert-base-uncased,,0.6531578947368422,0.644171547781981,109485316,7.396680000177487,417.66114807128906,0.6901153899624636,6,123,10,2.5,0.7,5,2e-05,8,128
student_bert-base-uncased_fs10_supp123_seed8_tau0.5_a0.3,student,bert-base-uncased,,0.6530263157894737,0.6585912882799021,109485316,5.618077799954335,417.66114807128906,0.6899763659113026,8,123,10,0.5,0.3,5,2e-05,8,128
student_bert-base-uncased_fs10_supp123_seed0_tau1.0_a0.9,student,bert-base-uncased,,0.6525,0.6076427031699986,109485316,7.066977066582088,417.66114807128906,0.6894202697066593,0,123,10,1.0,0.9,5,2e-05,8,128
student_bert-base-uncased_fs10_supp123_seed2_tau2.0_a0.5,student,bert-base-uncased,,0.6521052631578947,0.6474267423277629,109485316,5.83297453316239,417.66114807128906,0.6890031975531767,2,123,10,2.0,0.5,5,2e-05,8,128
student_bert-base-uncased_fs10_supp123_seed6_tau1.0_a0.9,student,bert-base-uncased,,0.6519736842105263,0.645152410117073,109485316,8.378143133207535,417.66114807128906,0.6888641735020158,6,123,10,1.0,0.9,5,2e-05,8,128
student_bert-base-uncased_fs10_supp123_seed8_tau2.0_a0.3,student,bert-base-uncased,,0.651578947368421,0.6587482027059832,109485316,6.165932600197266,417.66114807128906,0.6884471013485333,8,123,10,2.0,0.3,5,2e-05,8,128
student_bert-base-uncased_fs10_supp123_seed5_tau0.5_a0.3,student,bert-base-uncased,,0.6513157894736842,0.6105170993595517,109485316,6.564108066686458,417.66114807128906,0.6881690532462116,5,123,10,0.5,0.3,5,2e-05,8,128
student_bert-base-uncased_fs10_supp123_seed3_tau0.1_a0.7,student,bert-base-uncased,,0.6511842105263158,0.6468815847204505,109485316,6.2205332669691416,417.66114807128906,0.6880300291950507,3,123,10,0.1,0.7,5,2e-05,8,128
student_bert-base-uncased_fs10_supp123_seed7_tau0.1_a0.3,student,bert-base-uncased,,0.6510526315789473,0.6489733296551847,109485316,6.875869466724301,417.66114807128906,0.6878910051438899,7,123,10,0.1,0.3,5,2e-05,8,128
student_bert-base-uncased_fs10_supp123_seed7_tau2.0_a0.3,student,bert-base-uncased,,0.650921052631579,0.6536048401206048,109485316,6.078602266885961,417.66114807128906,0.6877519810927291,7,123,10,2.0,0.3,5,2e-05,8,128
student_bert-base-uncased_fs10_supp123_seed3_tau2.5_a0.3,student,bert-base-uncased,,0.6507894736842105,0.6227551109718994,109485316,7.120298000033169,417.66114807128906,0.6876129570415682,3,123,10,2.5,0.3,5,2e-05,8,128
student_bert-base-uncased_fs10_supp123_seed3_tau0.1_a0.1,student,bert-base-uncased,,0.65,0.643353561298251,109485316,6.281454799924783,417.66114807128906,0.6867788127346032,3,123,10,0.1,0.1,5,2e-05,8,128
student_bert-base-uncased_fs10_supp123_seed8_tau3.0_a0.5,student,bert-base-uncased,,0.65,0.6520898258276602,109485316,6.108287800088874,417.66114807128906,0.6867788127346032,8,123,10,3.0,0.5,5,2e-05,8,128
student_bert-base-uncased_fs10_supp123_seed5_tau1.5_a0.3,student,bert-base-uncased,,0.6497368421052632,0.613293677102468,109485316,11.718245733421403,417.66114807128906,0.6865007646322814,5,123,10,1.5,0.3,5,2e-05,8,128
student_bert-base-uncased_fs10_supp123_seed3_tau3.0_a0.5,student,bert-base-uncased,,0.6494736842105263,0.6268755136060997,109485316,7.0064671330328565,417.66114807128906,0.6862227165299597,3,123,10,3.0,0.5,5,2e-05,8,128
student_bert-base-uncased_fs10_supp123_seed5_tau1.0_a0.3,student,bert-base-uncased,,0.6492105263157895,0.6111106814516816,109485316,6.7013149999790285,417.66114807128906,0.685944668427638,5,123,10,1.0,0.3,5,2e-05,8,128
student_bert-base-uncased_fs10_supp123_seed3_tau1.0_a0.9,student,bert-base-uncased,,0.6490789473684211,0.6459267168981356,109485316,5.93366340084079,417.66114807128906,0.6858056443764772,3,123,10,1.0,0.9,5,2e-05,8,128
student_bert-base-uncased_fs10_supp123_seed3_tau0.5_a0.5,student,bert-base-uncased,,0.6489473684210526,0.6371369757788165,109485316,5.6765796670030495,417.66114807128906,0.6856666203253163,3,123,10,0.5,0.5,5,2e-05,8,128
student_bert-base-uncased_fs10_supp123_seed7_tau2.5_a0.3,student,bert-base-uncased,,0.6488157894736842,0.6531870557818747,109485316,7.096379666836583,417.66114807128906,0.6855275962741555,7,123,10,2.5,0.3,5,2e-05,8,128
student_bert-base-uncased_fs10_supp123_seed5_tau2.5_a0.7,student,bert-base-uncased,,0.6486842105263158,0.6292563995527097,109485316,9.482548133322174,417.66114807128906,0.6853885722229945,5,123,10,2.5,0.7,5,2e-05,8,128
student_bert-base-uncased_fs10_supp123_seed8_tau1.0_a0.1,student,bert-base-uncased,,0.6484210526315789,0.6541057154755008,109485316,7.777297599386657,417.66114807128906,0.6851105241206729,8,123,10,1.0,0.1,5,2e-05,8,128
student_bert-base-uncased_fs10_supp123_seed8_tau2.0_a0.7,student,bert-base-uncased,,0.6482894736842105,0.65222631644281,109485316,5.947310133463664,417.66114807128906,0.684971500069512,8,123,10,2.0,0.7,5,2e-05,8,128
student_bert-base-uncased_fs10_supp123_seed3_tau1.0_a0.3,student,bert-base-uncased,,0.6477631578947368,0.6184704370384231,109485316,7.776582600005592,417.66114807128906,0.6844154038648687,3,123,10,1.0,0.3,5,2e-05,8,128
student_bert-base-uncased_fs10_supp123_seed5_tau2.0_a0.7,student,bert-base-uncased,,0.6467105263157895,0.6265385416775215,109485316,9.783478933483517,417.66114807128906,0.6833032114555819,5,123,10,2.0,0.7,5,2e-05,8,128
student_bert-base-uncased_fs10_supp123_seed7_tau0.5_a0.5,student,bert-base-uncased,,0.6461842105263158,0.6467343454929485,109485316,7.004651733344265,417.66114807128906,0.6827471152509385,7,123,10,0.5,0.5,5,2e-05,8,128
student_bert-base-uncased_fs10_supp123_seed6_tau0.1_a0.7,student,bert-base-uncased,,0.645921052631579,0.6409501354296174,109485316,5.802430933241946,417.66114807128906,0.6824690671486168,6,123,10,0.1,0.7,5,2e-05,8,128
student_bert-base-uncased_fs10_supp123_seed3_tau2.0_a0.9,student,bert-base-uncased,,0.6457894736842106,0.6423695942326002,109485316,6.787480399604344,417.66114807128906,0.6823300430974559,3,123,10,2.0,0.9,5,2e-05,8,128
student_bert-base-uncased_fs10_supp123_seed0_tau0.1_a0.9,student,bert-base-uncased,,0.6456578947368421,0.6027757774595902,109485316,9.134356200047478,417.66114807128906,0.682191019046295,0,123,10,0.1,0.9,5,2e-05,8,128
student_bert-base-uncased_fs10_supp123_seed3_tau2.5_a0.5,student,bert-base-uncased,,0.6456578947368421,0.6229737267452422,109485316,7.3755443331416854,417.66114807128906,0.682191019046295,3,123,10,2.5,0.5,5,2e-05,8,128
student_bert-base-uncased_fs10_supp123_seed5_tau2.0_a0.3,student,bert-base-uncased,,0.6455263157894737,0.6074402954942666,109485316,6.127718066697223,417.66114807128906,0.6820519949951342,5,123,10,2.0,0.3,5,2e-05,8,128
student_bert-base-uncased_fs10_supp123_seed3_tau0.5_a0.3,student,bert-base-uncased,,0.6453947368421052,0.6216417100295906,109485316,5.472413932875497,417.66114807128906,0.6819129709439733,3,123,10,0.5,0.3,5,2e-05,8,128
student_bert-base-uncased_fs10_supp123_seed9_tau0.5_a0.5,student,bert-base-uncased,,0.6451315789473684,0.6413747368861671,109485316,5.593962133207242,417.66114807128906,0.6816349228416516,9,123,10,0.5,0.5,5,2e-05,8,128
student_bert-base-uncased_fs10_supp123_seed3_tau1.0_a0.5,student,bert-base-uncased,,0.6448684210526315,0.6251065409439976,109485316,4.980614400119521,417.66114807128906,0.6813568747393299,3,123,10,1.0,0.5,5,2e-05,8,128
student_bert-base-uncased_fs10_supp123_seed3_tau1.5_a0.9,student,bert-base-uncased,,0.6448684210526315,0.6414033686689384,109485316,6.44176199954624,417.66114807128906,0.6813568747393299,3,123,10,1.5,0.9,5,2e-05,8,128
student_bert-base-uncased_fs10_supp123_seed3_tau1.5_a0.7,student,bert-base-uncased,,0.6444736842105263,0.6394500412958468,109485316,6.393528867435331,417.66114807128906,0.6809398025858474,3,123,10,1.5,0.7,5,2e-05,8,128
student_bert-base-uncased_fs10_supp123_seed0_tau0.5_a0.1,student,bert-base-uncased,,0.6439473684210526,0.5787774719639849,109485316,8.391162933245747,417.66114807128906,0.6803837063812039,0,123,10,0.5,0.1,5,2e-05,8,128
student_bert-base-uncased_fs10_supp123_seed1_tau0.5_a0.5,student,bert-base-uncased,,0.6439473684210526,0.6379054026011044,109485316,6.144588533546387,417.66114807128906,0.6803837063812039,1,123,10,0.5,0.5,5,2e-05,8,128
student_bert-base-uncased_fs10_supp123_seed0_tau0.5_a0.9,student,bert-base-uncased,,0.6438157894736842,0.5990603314123051,109485316,6.022394800190038,417.66114807128906,0.6802446823300431,0,123,10,0.5,0.9,5,2e-05,8,128
student_bert-base-uncased_fs10_supp123_seed7_tau1.5_a0.3,student,bert-base-uncased,,0.6430263157894737,0.6480037309154791,109485316,5.7454148001852445,417.66114807128906,0.679410538023078,7,123,10,1.5,0.3,5,2e-05,8,128
student_bert-base-uncased_fs10_supp123_seed3_tau1.5_a0.3,student,bert-base-uncased,,0.6423684210526316,0.6114979985028043,109485316,6.788531199951346,417.66114807128906,0.6787154177672737,3,123,10,1.5,0.3,5,2e-05,8,128
student_bert-base-uncased_fs10_supp123_seed3_tau2.0_a0.7,student,bert-base-uncased,,0.6423684210526316,0.6368041129536826,109485316,6.9991930669251206,417.66114807128906,0.6787154177672737,3,123,10,2.0,0.7,5,2e-05,8,128
student_bert-base-uncased_fs10_supp123_seed3_tau2.5_a0.9,student,bert-base-uncased,,0.6422368421052631,0.6387538543616398,109485316,5.787508666010884,417.66114807128906,0.6785763937161129,3,123,10,2.5,0.9,5,2e-05,8,128
student_bert-base-uncased_fs10_supp123_seed7_tau0.1_a0.5,student,bert-base-uncased,,0.6418421052631579,0.6417505181078216,109485316,6.810282533236507,417.66114807128906,0.6781593215626304,7,123,10,0.1,0.5,5,2e-05,8,128
student_bert-base-uncased_fs10_supp123_seed8_tau2.5_a0.1,student,bert-base-uncased,,0.6418421052631579,0.6509738019570188,109485316,5.589514333284266,417.66114807128906,0.6781593215626304,8,123,10,2.5,0.1,5,2e-05,8,128
student_bert-base-uncased_fs10_supp123_seed5_tau3.0_a0.7,student,bert-base-uncased,,0.6414473684210527,0.6193541162474723,109485316,7.384715399833415,417.66114807128906,0.6777422494091478,5,123,10,3.0,0.7,5,2e-05,8,128
student_bert-base-uncased_fs10_supp123_seed3_tau3.0_a0.9,student,bert-base-uncased,,0.6413157894736842,0.6377580650825612,109485316,6.38137200003257,417.66114807128906,0.6776032253579869,3,123,10,3.0,0.9,5,2e-05,8,128
student_bert-base-uncased_fs10_supp123_seed1_tau0.1_a0.3,student,bert-base-uncased,,0.6407894736842106,0.6237682028214298,109485316,5.639277466616477,417.66114807128906,0.6770471291533436,1,123,10,0.1,0.3,5,2e-05,8,128
student_bert-base-uncased_fs10_supp123_seed3_tau3.0_a0.7,student,bert-base-uncased,,0.6407894736842106,0.6348573076764722,109485316,5.4137973333126865,417.66114807128906,0.6770471291533436,3,123,10,3.0,0.7,5,2e-05,8,128
student_bert-base-uncased_fs10_supp123_seed5_tau2.5_a0.3,student,bert-base-uncased,,0.6406578947368421,0.6012194993626587,109485316,8.987805333345023,417.66114807128906,0.6769081051021827,5,123,10,2.5,0.3,5,2e-05,8,128
student_bert-base-uncased_fs10_supp123_seed7_tau3.0_a0.5,student,bert-base-uncased,,0.6406578947368421,0.6469381899582319,109485316,6.161858600050134,417.66114807128906,0.6769081051021827,7,123,10,3.0,0.5,5,2e-05,8,128
student_bert-base-uncased_fs10_supp123_seed3_tau0.5_a0.7,student,bert-base-uncased,,0.6402631578947369,0.6371790080364869,109485316,6.040527599301034,417.66114807128906,0.6764910329487002,3,123,10,0.5,0.7,5,2e-05,8,128
student_bert-base-uncased_fs10_supp123_seed3_tau0.1_a0.3,student,bert-base-uncased,,0.64,0.6316925355746656,109485316,5.683105666563885,417.66114807128906,0.6762129848463785,3,123,10,0.1,0.3,5,2e-05,8,128
student_bert-base-uncased_fs10_supp123_seed3_tau1.0_a0.7,student,bert-base-uncased,,0.64,0.6358976660987604,109485316,5.3036044000085285,417.66114807128906,0.6762129848463785,3,123,10,1.0,0.7,5,2e-05,8,128
student_bert-base-uncased_fs10_supp123_seed7_tau0.1_a0.9,student,bert-base-uncased,,0.6398684210526315,0.6447545188490791,109485316,6.8304940667682486,417.66114807128906,0.6760739607952175,7,123,10,0.1,0.9,5,2e-05,8,128
student_bert-base-uncased_fs10_supp123_seed3_tau2.0_a0.5,student,bert-base-uncased,,0.6396052631578948,0.6164685564538861,109485316,7.674053666657225,417.66114807128906,0.675795912692896,3,123,10,2.0,0.5,5,2e-05,8,128
student_bert-base-uncased_fs10_supp123_seed5_tau1.5_a0.7,student,bert-base-uncased,,0.6388157894736842,0.6139944836720193,109485316,6.797473599999648,417.66114807128906,0.6749617683859308,5,123,10,1.5,0.7,5,2e-05,8,128
student_bert-base-uncased_fs10_supp123_seed0_tau2.5_a0.5,student,bert-base-uncased,,0.6381578947368421,0.5993715726283831,109485316,6.755626733138342,417.66114807128906,0.6742666481301266,0,123,10,2.5,0.5,5,2e-05,8,128
student_bert-base-uncased_fs10_supp123_seed2_tau0.5_a0.1,student,bert-base-uncased,,0.6381578947368421,0.6286519209417802,109485316,5.545932266977616,417.66114807128906,0.6742666481301266,2,123,10,0.5,0.1,5,2e-05,8,128
student_bert-base-uncased_fs10_supp123_seed0_tau1.5_a0.5,student,bert-base-uncased,,0.6380263157894737,0.5986955062610702,109485316,6.726695800110368,417.66114807128906,0.6741276240789656,0,123,10,1.5,0.5,5,2e-05,8,128
student_bert-base-uncased_fs10_supp123_seed0_tau2.0_a0.5,student,bert-base-uncased,,0.6380263157894737,0.599150497883133,109485316,9.89539860026222,417.66114807128906,0.6741276240789656,0,123,10,2.0,0.5,5,2e-05,8,128
student_bert-base-uncased_fs10_supp123_seed0_tau3.0_a0.5,student,bert-base-uncased,,0.6380263157894737,0.5995569892803699,109485316,7.654985600129294,417.66114807128906,0.6741276240789656,0,123,10,3.0,0.5,5,2e-05,8,128
student_bert-base-uncased_fs10_supp123_seed5_tau3.0_a0.3,student,bert-base-uncased,,0.6373684210526316,0.5977834931014675,109485316,8.038406599977558,417.66114807128906,0.6734325038231614,5,123,10,3.0,0.3,5,2e-05,8,128
student_bert-base-uncased_fs10_supp123_seed8_tau3.0_a0.7,student,bert-base-uncased,,0.6373684210526316,0.6432103513129741,109485316,6.096616466796452,417.66114807128906,0.6734325038231614,8,123,10,3.0,0.7,5,2e-05,8,128
student_bert-base-uncased_fs10_supp123_seed0_tau1.5_a0.3,student,bert-base-uncased,,0.6372368421052632,0.5945595416166716,109485316,8.886450266739606,417.66114807128906,0.6732934797720006,0,123,10,1.5,0.3,5,2e-05,8,128
student_bert-base-uncased_fs10_supp123_seed7_tau3.0_a0.3,student,bert-base-uncased,,0.6372368421052632,0.6421426836278468,109485316,6.038476733495675,417.66114807128906,0.6732934797720006,7,123,10,3.0,0.3,5,2e-05,8,128
student_bert-base-uncased_fs10_supp123_seed0_tau2.0_a0.3,student,bert-base-uncased,,0.6368421052631579,0.5951033093652862,109485316,6.851689333416289,417.66114807128906,0.672876407618518,0,123,10,2.0,0.3,5,2e-05,8,128
student_bert-base-uncased_fs10_supp123_seed8_tau0.5_a0.5,student,bert-base-uncased,,0.6367105263157895,0.64282658098031,109485316,6.380609866149219,417.66114807128906,0.6727373835673572,8,123,10,0.5,0.5,5,2e-05,8,128
student_bert-base-uncased_fs10_supp123_seed2_tau3.0_a0.1,student,bert-base-uncased,,0.6357894736842106,0.6257951377477344,109485316,7.236763532637269,417.66114807128906,0.6717642152092312,2,123,10,3.0,0.1,5,2e-05,8,128
student_bert-base-uncased_fs10_supp123_seed1_tau1.5_a0.5,student,bert-base-uncased,,0.6355263157894737,0.6282158238162349,109485316,7.581528599863911,417.66114807128906,0.6714861671069096,1,123,10,1.5,0.5,5,2e-05,8,128
student_bert-base-uncased_fs10_supp123_seed0_tau2.5_a0.3,student,bert-base-uncased,,0.6352631578947369,0.5941671412603389,109485316,7.771484000052927,417.66114807128906,0.6712081190045879,0,123,10,2.5,0.3,5,2e-05,8,128
student_bert-base-uncased_fs10_supp123_seed0_tau1.0_a0.5,student,bert-base-uncased,,0.6346052631578948,0.5921195108541185,109485316,7.188516199918619,417.66114807128906,0.6705129987487836,0,123,10,1.0,0.5,5,2e-05,8,128
student_bert-base-uncased_fs10_supp123_seed0_tau3.0_a0.3,student,bert-base-uncased,,0.6344736842105263,0.5935562851724739,109485316,7.2167614000742715,417.66114807128906,0.6703739746976227,0,123,10,3.0,0.3,5,2e-05,8,128
student_bert-base-uncased_fs10_supp123_seed7_tau1.5_a0.7,student,bert-base-uncased,,0.6342105263157894,0.6355016134892811,109485316,6.440961866489185,417.66114807128906,0.670095926595301,7,123,10,1.5,0.7,5,2e-05,8,128
student_bert-base-uncased_fs10_supp123_seed7_tau3.0_a0.9,student,bert-base-uncased,,0.6342105263157894,0.6362142803175426,109485316,5.723769200509802,417.66114807128906,0.670095926595301,7,123,10,3.0,0.9,5,2e-05,8,128
student_bert-base-uncased_fs10_supp123_seed3_tau2.5_a0.7,student,bert-base-uncased,,0.6339473684210526,0.627862208067571,109485316,6.81344793313959,417.66114807128906,0.6698178784929792,3,123,10,2.5,0.7,5,2e-05,8,128
student_bert-base-uncased_fs10_supp123_seed9_tau1.5_a0.1,student,bert-base-uncased,,0.6336842105263157,0.6086559051435327,109485316,7.143597266743503,417.66114807128906,0.6695398303906576,9,123,10,1.5,0.1,5,2e-05,8,128
student_bert-base-uncased_fs10_supp123_seed0_tau0.5_a0.5,student,bert-base-uncased,,0.6335526315789474,0.5887865522131578,109485316,6.611897000099513,417.66114807128906,0.6694008063394967,0,123,10,0.5,0.5,5,2e-05,8,128
student_bert-base-uncased_fs10_supp123_seed7_tau2.0_a0.9,student,bert-base-uncased,,0.6331578947368421,0.6344844797615039,109485316,7.937657933143782,417.66114807128906,0.6689837341860142,7,123,10,2.0,0.9,5,2e-05,8,128
student_bert-base-uncased_fs10_supp123_seed6_tau1.5_a0.9,student,bert-base-uncased,,0.6328947368421053,0.6236462060583507,109485316,8.2271807333503,417.66114807128906,0.6687056860836925,6,123,10,1.5,0.9,5,2e-05,8,128
student_bert-base-uncased_fs10_supp123_seed0_tau1.0_a0.3,student,bert-base-uncased,,0.6314473684210526,0.5865631522476396,109485316,8.253302066683924,417.66114807128906,0.6671764215209232,0,123,10,1.0,0.3,5,2e-05,8,128
student_bert-base-uncased_fs10_supp123_seed8_tau1.0_a0.5,student,bert-base-uncased,,0.6310526315789474,0.6387188455069361,109485316,6.353486600225248,417.66114807128906,0.6667593493674406,8,123,10,1.0,0.5,5,2e-05,8,128
student_bert-base-uncased_fs10_supp123_seed3_tau0.1_a0.9,student,bert-base-uncased,,0.6303947368421052,0.6237723146465208,109485316,5.603596266761694,417.66114807128906,0.6660642291116363,3,123,10,0.1,0.9,5,2e-05,8,128
student_bert-base-uncased_fs10_supp123_seed8_tau0.1_a0.3,student,bert-base-uncased,,0.6303947368421052,0.6357581876466326,109485316,6.744417333296345,417.66114807128906,0.6660642291116363,8,123,10,0.1,0.3,5,2e-05,8,128
student_bert-base-uncased_fs10_supp123_seed9_tau2.0_a0.7,student,bert-base-uncased,,0.6297368421052632,0.6313832948969662,109485316,6.775240333445254,417.66114807128906,0.6653691088558321,9,123,10,2.0,0.7,5,2e-05,8,128
student_bert-base-uncased_fs10_supp123_seed3_tau1.5_a0.5,student,bert-base-uncased,,0.6293421052631579,0.6071251591190476,109485316,6.932933265973891,417.66114807128906,0.6649520367023496,3,123,10,1.5,0.5,5,2e-05,8,128
student_bert-base-uncased_fs10_supp123_seed8_tau2.0_a0.5,student,bert-base-uncased,,0.6290789473684211,0.6308800683010688,109485316,7.204377333255252,417.66114807128906,0.6646739886000278,8,123,10,2.0,0.5,5,2e-05,8,128
student_bert-base-uncased_fs10_supp123_seed1_tau3.0_a0.9,student,bert-base-uncased,,0.6289473684210526,0.6190049196661911,109485316,7.380701466536266,417.66114807128906,0.664534964548867,1,123,10,3.0,0.9,5,2e-05,8,128
student_bert-base-uncased_fs10_supp123_seed7_tau1.0_a0.1,student,bert-base-uncased,,0.6285526315789474,0.6288743921727015,109485316,6.825776866996118,417.66114807128906,0.6641178923953844,7,123,10,1.0,0.1,5,2e-05,8,128
student_bert-base-uncased_fs10_supp123_seed7_tau1.5_a0.9,student,bert-base-uncased,,0.6285526315789474,0.629816335531203,109485316,5.8727667334702955,417.66114807128906,0.6641178923953844,7,123,10,1.5,0.9,5,2e-05,8,128
student_bert-base-uncased_fs10_supp123_seed1_tau1.0_a0.9,student,bert-base-uncased,,0.628421052631579,0.6186392186980009,109485316,6.1583479331602575,417.66114807128906,0.6639788683442236,1,123,10,1.0,0.9,5,2e-05,8,128
student_bert-base-uncased_fs10_supp123_seed7_tau2.5_a0.9,student,bert-base-uncased,,0.6280263157894737,0.6299872449794994,109485316,6.16355333319613,417.66114807128906,0.663561796190741,7,123,10,2.5,0.9,5,2e-05,8,128
student_bert-base-uncased_fs10_supp123_seed9_tau3.0_a0.3,student,bert-base-uncased,,0.6277631578947368,0.624376658304118,109485316,5.741701333439171,417.66114807128906,0.6632837480884193,9,123,10,3.0,0.3,5,2e-05,8,128
student_bert-base-uncased_fs10_supp123_seed9_tau1.5_a0.7,student,bert-base-uncased,,0.6276315789473684,0.6293376362334252,109485316,5.826932799876279,417.66114807128906,0.6631447240372584,9,123,10,1.5,0.7,5,2e-05,8,128
student_bert-base-uncased_fs10_supp123_seed7_tau1.0_a0.9,student,bert-base-uncased,,0.6275,0.6292877127268084,109485316,6.508726399988518,417.66114807128906,0.6630056999860976,7,123,10,1.0,0.9,5,2e-05,8,128
student_bert-base-uncased_fs10_supp123_seed9_tau2.0_a0.5,student,bert-base-uncased,,0.6275,0.6300608137462448,109485316,8.113095600250139,417.66114807128906,0.6630056999860976,9,123,10,2.0,0.5,5,2e-05,8,128
student_bert-base-uncased_fs10_supp123_seed1_tau2.0_a0.9,student,bert-base-uncased,,0.6273684210526316,0.6166179392588861,109485316,7.694242333551908,417.66114807128906,0.6628666759349368,1,123,10,2.0,0.9,5,2e-05,8,128
student_bert-base-uncased_fs10_supp123_seed7_tau0.5_a0.9,student,bert-base-uncased,,0.626578947368421,0.6288176430386252,109485316,5.682416000005712,417.66114807128906,0.6620325316279716,7,123,10,0.5,0.9,5,2e-05,8,128
student_bert-base-uncased_fs10_supp123_seed9_tau3.0_a0.7,student,bert-base-uncased,,0.626578947368421,0.6283321495838581,109485316,6.3670401997417985,417.66114807128906,0.6620325316279716,9,123,10,3.0,0.7,5,2e-05,8,128
student_bert-base-uncased_fs10_supp123_seed7_tau0.5_a0.1,student,bert-base-uncased,,0.6261842105263158,0.6356644730023179,109485316,7.51379939999121,417.66114807128906,0.6616154594744891,7,123,10,0.5,0.1,5,2e-05,8,128
student_bert-base-uncased_fs10_supp123_seed9_tau1.5_a0.3,student,bert-base-uncased,,0.6259210526315789,0.6229138263191663,109485316,7.8744782001498,417.66114807128906,0.6613374113721674,9,123,10,1.5,0.3,5,2e-05,8,128
student_bert-base-uncased_fs10_supp123_seed9_tau2.0_a0.3,student,bert-base-uncased,,0.6253947368421052,0.6224204713257989,109485316,7.17651693339576,417.66114807128906,0.6607813151675239,9,123,10,2.0,0.3,5,2e-05,8,128
student_bert-base-uncased_fs10_supp123_seed9_tau0.1_a0.1,student,bert-base-uncased,,0.6252631578947369,0.6187317593232686,109485316,7.279289400078899,417.66114807128906,0.6606422911163632,9,123,10,0.1,0.1,5,2e-05,8,128
student_bert-base-uncased_fs10_supp123_seed9_tau2.5_a0.7,student,bert-base-uncased,,0.6252631578947369,0.6269403267509341,109485316,8.02846606663176,417.66114807128906,0.6606422911163632,9,123,10,2.5,0.7,5,2e-05,8,128
student_bert-base-uncased_fs10_supp123_seed6_tau0.5_a0.9,student,bert-base-uncased,,0.6251315789473684,0.615829658278668,109485316,8.2821925333216,417.66114807128906,0.6605032670652022,6,123,10,0.5,0.9,5,2e-05,8,128
student_bert-base-uncased_fs10_supp123_seed8_tau2.5_a0.7,student,bert-base-uncased,,0.6246052631578948,0.6285804207249625,109485316,6.576961666845212,417.66114807128906,0.659947170860559,8,123,10,2.5,0.7,5,2e-05,8,128
student_bert-base-uncased_fs10_supp123_seed6_tau2.0_a0.9,student,bert-base-uncased,,0.6243421052631579,0.6138374791734902,109485316,7.61623619976793,417.66114807128906,0.6596691227582372,6,123,10,2.0,0.9,5,2e-05,8,128
student_bert-base-uncased_fs10_supp123_seed6_tau2.5_a0.9,student,bert-base-uncased,,0.623421052631579,0.6126443141923077,109485316,6.244226799935859,417.66114807128906,0.6586959544001113,6,123,10,2.5,0.9,5,2e-05,8,128
student_bert-base-uncased_fs10_supp123_seed6_tau3.0_a0.9,student,bert-base-uncased,,0.6230263157894737,0.6124599301834651,109485316,8.990141533407344,417.66114807128906,0.6582788822466287,6,123,10,3.0,0.9,5,2e-05,8,128
student_bert-base-uncased_fs10_supp123_seed8_tau0.1_a0.1,student,bert-base-uncased,,0.6222368421052632,0.6295325803785254,109485316,5.792817533316945,417.66114807128906,0.6574447379396636,8,123,10,0.1,0.1,5,2e-05,8,128
student_bert-base-uncased_fs10_supp123_seed9_tau2.5_a0.5,student,bert-base-uncased,,0.621578947368421,0.6239316778196164,109485316,6.164532866629695,417.66114807128906,0.6567496176838593,9,123,10,2.5,0.5,5,2e-05,8,128
student_bert-base-uncased_fs10_supp123_seed1_tau2.0_a0.7,student,bert-base-uncased,,0.6207894736842106,0.6211247736016813,109485316,8.140842399855805,417.66114807128906,0.6559154733768943,1,123,10,2.0,0.7,5,2e-05,8,128
student_bert-base-uncased_fs10_supp123_seed9_tau1.5_a0.5,student,bert-base-uncased,,0.6202631578947368,0.6234065756083942,109485316,6.134092533344908,417.66114807128906,0.6553593771722508,9,123,10,1.5,0.5,5,2e-05,8,128
student_bert-base-uncased_fs10_supp123_seed9_tau3.0_a0.5,student,bert-base-uncased,,0.6192105263157894,0.621346133418704,109485316,5.934994466830783,417.66114807128906,0.654247184762964,9,123,10,3.0,0.5,5,2e-05,8,128
student_bert-base-uncased_fs10_supp123_seed1_tau2.5_a0.9,student,bert-base-uncased,,0.6181578947368421,0.6053790691353683,109485316,6.08011899991349,417.66114807128906,0.6531349923536772,1,123,10,2.5,0.9,5,2e-05,8,128
student_bert-base-uncased_fs10_supp123_seed9_tau2.5_a0.3,student,bert-base-uncased,,0.6168421052631579,0.6135621237636147,109485316,5.583537866793146,417.66114807128906,0.6517447518420687,9,123,10,2.5,0.3,5,2e-05,8,128
student_bert-base-uncased_fs10_supp123_seed9_tau0.5_a0.3,student,bert-base-uncased,,0.6167105263157895,0.6117849850715928,109485316,8.21891219978473,417.66114807128906,0.6516057277909079,9,123,10,0.5,0.3,5,2e-05,8,128
student_bert-base-uncased_fs10_supp123_seed2_tau1.0_a0.1,student,bert-base-uncased,,0.6161842105263158,0.6006450084254507,109485316,6.497208933312019,417.66114807128906,0.6510496315862644,2,123,10,1.0,0.1,5,2e-05,8,128
student_bert-base-uncased_fs10_supp123_seed2_tau1.5_a0.1,student,bert-base-uncased,,0.6157894736842106,0.6008481575632046,109485316,7.423260600262438,417.66114807128906,0.650632559432782,2,123,10,1.5,0.1,5,2e-05,8,128
student_bert-base-uncased_fs10_supp123_seed7_tau0.1_a0.7,student,bert-base-uncased,,0.6142105263157894,0.6114753327324385,109485316,6.393042666604742,417.66114807128906,0.6489642708188517,7,123,10,0.1,0.7,5,2e-05,8,128
student_bert-base-uncased_fs10_supp123_seed6_tau1.0_a0.3,student,bert-base-uncased,,0.6139473684210527,0.6088338992484252,109485316,6.962707333271585,417.66114807128906,0.6486862227165301,6,123,10,1.0,0.3,5,2e-05,8,128
student_bert-base-uncased_fs10_supp123_seed1_tau1.5_a0.9,student,bert-base-uncased,,0.6132894736842105,0.6026885646883068,109485316,7.536043799943097,417.66114807128906,0.6479911024607257,1,123,10,1.5,0.9,5,2e-05,8,128
student_bert-base-uncased_fs10_supp123_seed2_tau2.5_a0.1,student,bert-base-uncased,,0.6132894736842105,0.5978045098561826,109485316,5.698333266627742,417.66114807128906,0.6479911024607257,2,123,10,2.5,0.1,5,2e-05,8,128
student_bert-base-uncased_fs10_supp123_seed2_tau2.0_a0.1,student,bert-base-uncased,,0.6118421052631579,0.5987900928554097,109485316,7.269000133116303,417.66114807128906,0.6464618378979563,2,123,10,2.0,0.1,5,2e-05,8,128
student_bert-base-uncased_fs10_supp123_seed1_tau2.5_a0.7,student,bert-base-uncased,,0.6109210526315789,0.6117721187404337,109485316,6.722480733030049,417.66114807128906,0.6454886695398304,1,123,10,2.5,0.7,5,2e-05,8,128
student_bert-base-uncased_fs10_supp123_seed1_tau3.0_a0.5,student,bert-base-uncased,,0.6109210526315789,0.5936408499231676,109485316,6.745461999889812,417.66114807128906,0.6454886695398304,1,123,10,3.0,0.5,5,2e-05,8,128
student_bert-base-uncased_fs10_supp123_seed8_tau2.0_a0.1,student,bert-base-uncased,,0.6105263157894737,0.6184879941577668,109485316,6.5326809997107675,417.66114807128906,0.6450715973863479,8,123,10,2.0,0.1,5,2e-05,8,128
student_bert-base-uncased_fs10_supp123_seed8_tau2.5_a0.3,student,bert-base-uncased,,0.608421052631579,0.6165045695389206,109485316,6.68615720011682,417.66114807128906,0.6428472125677743,8,123,10,2.5,0.3,5,2e-05,8,128
student_bert-base-uncased_fs10_supp123_seed9_tau2.0_a0.1,student,bert-base-uncased,,0.6073684210526316,0.5794855943443951,109485316,6.536807000156841,417.66114807128906,0.6417350201584874,9,123,10,2.0,0.1,5,2e-05,8,128
student_bert-base-uncased_fs10_supp123_seed8_tau1.5_a0.5,student,bert-base-uncased,,0.6065789473684211,0.614799027659243,109485316,6.371647133346414,417.66114807128906,0.6409008758515224,8,123,10,1.5,0.5,5,2e-05,8,128
student_bert-base-uncased_fs10_supp123_seed9_tau1.0_a0.3,student,bert-base-uncased,,0.6064473684210526,0.6029606963923734,109485316,8.013865933389752,417.66114807128906,0.6407618518003615,9,123,10,1.0,0.3,5,2e-05,8,128
student_bert-base-uncased_fs10_supp123_seed1_tau3.0_a0.7,student,bert-base-uncased,,0.6056578947368421,0.6061188393955106,109485316,5.8223367331568925,417.66114807128906,0.6399277074933963,1,123,10,3.0,0.7,5,2e-05,8,128
student_bert-base-uncased_fs10_supp123_seed8_tau3.0_a0.3,student,bert-base-uncased,,0.6053947368421052,0.6130476468428906,109485316,6.314005000240286,417.66114807128906,0.6396496593910747,8,123,10,3.0,0.3,5,2e-05,8,128
student_bert-base-uncased_fs10_supp123_seed7_tau1.5_a0.1,student,bert-base-uncased,,0.6042105263157894,0.6106754245071926,109485316,8.174836333516092,417.66114807128906,0.638398442930627,7,123,10,1.5,0.1,5,2e-05,8,128
student_bert-base-uncased_fs10_supp123_seed8_tau1.5_a0.1,student,bert-base-uncased,,0.6038157894736842,0.5982987629246042,109485316,7.609986466801881,417.66114807128906,0.6379813707771445,8,123,10,1.5,0.1,5,2e-05,8,128
student_bert-base-uncased_fs10_supp123_seed9_tau1.0_a0.5,student,bert-base-uncased,,0.6036842105263158,0.6057588460035479,109485316,8.56552046655755,417.66114807128906,0.6378423467259836,9,123,10,1.0,0.5,5,2e-05,8,128
student_bert-base-uncased_fs10_supp123_seed6_tau1.5_a0.3,student,bert-base-uncased,,0.6010526315789474,0.5981041635685204,109485316,9.457479866614449,417.66114807128906,0.6350618657027667,6,123,10,1.5,0.3,5,2e-05,8,128
student_bert-base-uncased_fs10_supp123_seed1_tau1.0_a0.7,student,bert-base-uncased,,0.6005263157894737,0.5772079588643012,109485316,7.350169600006969,417.66114807128906,0.6345057694981232,1,123,10,1.0,0.7,5,2e-05,8,128
student_bert-base-uncased_fs10_supp123_seed2_tau0.5_a0.7,student,bert-base-uncased,,0.6,0.5952262303702469,109485316,5.0476162003178615,417.66114807128906,0.6339496732934797,2,123,10,0.5,0.7,5,2e-05,8,128
student_bert-base-uncased_fs10_supp123_seed2_tau2.0_a0.7,student,bert-base-uncased,,0.5997368421052631,0.5952319009033868,109485316,6.565876400054549,417.66114807128906,0.633671625191158,2,123,10,2.0,0.7,5,2e-05,8,128
student_bert-base-uncased_fs10_supp123_seed2_tau1.0_a0.7,student,bert-base-uncased,,0.5981578947368421,0.5930875028169659,109485316,7.259464400218955,417.66114807128906,0.6320033365772278,2,123,10,1.0,0.7,5,2e-05,8,128
student_bert-base-uncased_fs10_supp123_seed9_tau2.5_a0.1,student,bert-base-uncased,,0.5976315789473684,0.5687428035464704,109485316,8.303053599471847,417.66114807128906,0.6314472403725845,9,123,10,2.5,0.1,5,2e-05,8,128
student_bert-base-uncased_fs10_supp123_seed2_tau1.5_a0.7,student,bert-base-uncased,,0.5968421052631578,0.5923110456524509,109485316,7.042887532952591,417.66114807128906,0.6306130960656193,2,123,10,1.5,0.7,5,2e-05,8,128
student_bert-base-uncased_fs10_supp123_seed8_tau2.5_a0.5,student,bert-base-uncased,,0.5960526315789474,0.6047710873057262,109485316,6.645991933207067,417.66114807128906,0.6297789517586543,8,123,10,2.5,0.5,5,2e-05,8,128
student_bert-base-uncased_fs10_supp123_seed9_tau3.0_a0.1,student,bert-base-uncased,,0.5926315789473684,0.5633980710760292,109485316,6.7749491332506295,417.66114807128906,0.6261643264284721,9,123,10,3.0,0.1,5,2e-05,8,128
student_bert-base-uncased_fs10_supp123_seed7_tau2.0_a0.1,student,bert-base-uncased,,0.5898684210526316,0.5930813051178268,109485316,6.692163866803942,417.66114807128906,0.6232448213540943,7,123,10,2.0,0.1,5,2e-05,8,128
student_bert-base-uncased_fs10_supp123_seed5_tau0.5_a0.5,student,bert-base-uncased,,0.5855263157894737,0.5397937742127558,109485316,6.990803533274932,417.66114807128906,0.6186570276657862,5,123,10,0.5,0.5,5,2e-05,8,128
student_bert-base-uncased_fs10_supp123_seed5_tau0.1_a0.5,student,bert-base-uncased,,0.5843421052631579,0.5389553956779907,109485316,6.1612264666109695,417.66114807128906,0.6174058112053386,5,123,10,0.1,0.5,5,2e-05,8,128
student_bert-base-uncased_fs10_supp123_seed8_tau0.5_a0.1,student,bert-base-uncased,,0.579078947368421,0.583339299808431,109485316,7.313702200190164,417.66114807128906,0.6118448491589045,8,123,10,0.5,0.1,5,2e-05,8,128
student_bert-base-uncased_fs10_supp123_seed7_tau2.5_a0.1,student,bert-base-uncased,,0.5743421052631579,0.5771276042499001,109485316,5.768710066816614,417.66114807128906,0.6068399833171139,7,123,10,2.5,0.1,5,2e-05,8,128
student_bert-base-uncased_fs10_supp123_seed1_tau0.5_a0.9,student,bert-base-uncased,,0.5726315789473684,0.5495230829874227,109485316,7.707485933375817,417.66114807128906,0.6050326706520228,1,123,10,0.5,0.9,5,2e-05,8,128
student_bert-base-uncased_fs10_supp123_seed7_tau3.0_a0.1,student,bert-base-uncased,,0.5702631578947368,0.5687067185014809,109485316,6.5528152666956885,417.66114807128906,0.6025302377311275,7,123,10,3.0,0.1,5,2e-05,8,128
student_bert-base-uncased_fs10_supp123_seed1_tau0.1_a0.9,student,bert-base-uncased,,0.5653947368421053,0.5480192991642244,109485316,8.055779600060001,417.66114807128906,0.597386347838176,1,123,10,0.1,0.9,5,2e-05,8,128
student_bert-base-uncased_fs10_supp123_seed1_tau1.5_a0.7,student,bert-base-uncased,,0.5628947368421052,0.5447062567151499,109485316,6.533525933506705,417.66114807128906,0.5947448908661198,1,123,10,1.5,0.7,5,2e-05,8,128
student_bert-base-uncased_fs10_supp123_seed2_tau1.0_a0.5,student,bert-base-uncased,,0.5453947368421053,0.540781789745014,109485316,7.945966933160283,417.66114807128906,0.5762546920617267,2,123,10,1.0,0.5,5,2e-05,8,128
student_bert-base-uncased_fs10_supp123_seed2_tau0.1_a0.3,student,bert-base-uncased,,0.536578947368421,0.5347771392875631,109485316,6.332407733498258,417.66114807128906,0.5669400806339497,2,123,10,0.1,0.3,5,2e-05,8,128
student_bert-base-uncased_fs10_supp123_seed2_tau0.1_a0.9,student,bert-base-uncased,,0.5347368421052632,0.5192662699978916,109485316,5.584613933509293,417.66114807128906,0.5649937439176979,2,123,10,0.1,0.9,5,2e-05,8,128
student_bert-base-uncased_fs10_supp123_seed2_tau0.5_a0.3,student,bert-base-uncased,,0.5288157894736842,0.5322188129246195,109485316,5.81074420006189,417.66114807128906,0.5587376616154596,2,123,10,0.5,0.3,5,2e-05,8,128
student_bert-base-uncased_fs10_supp123_seed2_tau1.0_a0.9,student,bert-base-uncased,,0.5278947368421053,0.5102880205814375,109485316,5.536702666722704,417.66114807128906,0.5577644932573336,2,123,10,1.0,0.9,5,2e-05,8,128
student_bert-base-uncased_fs10_supp123_seed2_tau3.0_a0.9,student,bert-base-uncased,,0.5244736842105263,0.5068942868260058,109485316,6.359210133208156,417.66114807128906,0.5541498679271514,2,123,10,3.0,0.9,5,2e-05,8,128
student_bert-base-uncased_fs10_supp123_seed2_tau2.0_a0.3,student,bert-base-uncased,,0.5235526315789474,0.5217162275220533,109485316,8.485897666226569,417.66114807128906,0.5531766995690255,2,123,10,2.0,0.3,5,2e-05,8,128
student_bert-base-uncased_fs10_supp123_seed2_tau2.5_a0.9,student,bert-base-uncased,,0.5234210526315789,0.5056794755808747,109485316,4.65971886672681,417.66114807128906,0.5530376755178645,2,123,10,2.5,0.9,5,2e-05,8,128
student_bert-base-uncased_fs10_supp123_seed2_tau2.0_a0.9,student,bert-base-uncased,,0.5219736842105264,0.5040091814430988,109485316,7.041734333445977,417.66114807128906,0.5515084109550953,2,123,10,2.0,0.9,5,2e-05,8,128
student_bert-base-uncased_fs10_supp123_seed2_tau1.5_a0.9,student,bert-base-uncased,,0.5206578947368421,0.5023830760883347,109485316,5.644856266856853,417.66114807128906,0.5501181704434868,2,123,10,1.5,0.9,5,2e-05,8,128
student_bert-base-uncased_fs10_supp123_seed2_tau0.5_a0.9,student,bert-base-uncased,,0.5193421052631579,0.49959330972539095,109485316,4.923200333238735,417.66114807128906,0.5487279299318782,2,123,10,0.5,0.9,5,2e-05,8,128
student_bert-base-uncased_fs10_supp123_seed2_tau1.5_a0.5,student,bert-base-uncased,,0.5106578947368421,0.4967316484563602,109485316,6.1865902000135975,417.66114807128906,0.5395523425552621,2,123,10,1.5,0.5,5,2e-05,8,128
student_bert-base-uncased_fs10_supp123_seed2_tau3.0_a0.3,student,bert-base-uncased,,0.51,0.49711370575242286,109485316,6.894571999873733,417.66114807128906,0.5388572222994579,2,123,10,3.0,0.3,5,2e-05,8,128
student_bert-base-uncased_fs10_supp123_seed2_tau2.5_a0.3,student,bert-base-uncased,,0.5068421052631579,0.48680389960410375,109485316,5.878124133353897,417.66114807128906,0.5355206450715974,2,123,10,2.5,0.3,5,2e-05,8,128
student_bert-base-uncased_fs10_supp123_seed2_tau0.1_a0.5,student,bert-base-uncased,,0.5056578947368421,0.48700722687837766,109485316,7.386664066507365,417.66114807128906,0.5342694286111497,2,123,10,0.1,0.5,5,2e-05,8,128
student_bert-base-uncased_fs10_supp123_seed2_tau1.5_a0.3,student,bert-base-uncased,,0.5027631578947368,0.494288643382396,109485316,8.489850066932073,417.66114807128906,0.531210899485611,2,123,10,1.5,0.3,5,2e-05,8,128
student_bert-base-uncased_fs10_supp123_seed2_tau0.5_a0.5,student,bert-base-uncased,,0.5021052631578947,0.49361950317756453,109485316,6.7409636667434825,417.66114807128906,0.5305157792298067,2,123,10,0.5,0.5,5,2e-05,8,128
student_bert-base-uncased_fs10_supp123_seed6_tau0.1_a0.5,student,bert-base-uncased,,0.4992105263157895,0.4611819227821345,109485316,6.7482624668021645,417.66114807128906,0.527457250104268,6,123,10,0.1,0.5,5,2e-05,8,128
student_bert-base-uncased_fs10_supp123_seed2_tau0.1_a0.7,student,bert-base-uncased,,0.49355263157894735,0.48689041262599614,109485316,6.5609083332674345,417.66114807128906,0.5214792159043514,2,123,10,0.1,0.7,5,2e-05,8,128
student_bert-base-uncased_fs10_supp123_seed6_tau0.5_a0.3,student,bert-base-uncased,,0.48605263157894735,0.4755267820284147,109485316,6.967135266556094,417.66114807128906,0.5135548449881829,6,123,10,0.5,0.3,5,2e-05,8,128
student_bert-base-uncased_fs10_supp123_seed2_tau3.0_a0.7,student,bert-base-uncased,,0.4623684210526316,0.44544460907141137,109485316,6.532509066528291,417.66114807128906,0.48853051577922985,2,123,10,3.0,0.7,5,2e-05,8,128
student_bert-base-uncased_fs10_supp123_seed2_tau2.5_a0.7,student,bert-base-uncased,,0.4518421052631579,0.43311693952132657,109485316,5.499829466740873,417.66114807128906,0.47740859168636174,2,123,10,2.5,0.7,5,2e-05,8,128
student_distilbert-base-uncased_fs1000_supp123_seed7_tau1.0_a0.3,student,distilbert-base-uncased,,0.9128947368421053,0.9131295743797684,66956548,4.008155999084313,255.42286682128906,0.963878855237566,7,123,1000,1.0,0.3,5,2e-05,8,128
student_distilbert-base-uncased_fs1000_supp123_seed8_tau2.5_a0.7,student,distilbert-base-uncased,,0.9122368421052631,0.9121935440861214,66956548,4.478223733409929,255.42286682128906,0.9631842178382883,8,123,1000,2.5,0.7,5,2e-05,8,128
student_distilbert-base-uncased_fs1000_supp123_seed1_tau3.0_a0.3,student,distilbert-base-uncased,,0.9119736842105263,0.9118637959837532,66956548,4.441788933278683,255.42286682128906,0.9629063628785773,1,123,1000,3.0,0.3,5,2e-05,8,128
student_distilbert-base-uncased_fs1000_supp123_seed7_tau1.0_a0.9,student,distilbert-base-uncased,,0.9119736842105263,0.9119939129111264,66956548,4.1566637984942645,255.42286682128906,0.9629063628785773,7,123,1000,1.0,0.9,5,2e-05,8,128
student_distilbert-base-uncased_fs1000_supp123_seed5_tau1.0_a0.1,student,distilbert-base-uncased,,0.9117105263157895,0.9117191844555008,66956548,3.5495262641537315,255.42286682128906,0.9626285079188663,5,123,1000,1.0,0.1,5,2e-05,8,128
student_distilbert-base-uncased_fs1000_supp123_seed2_tau1.0_a0.3,student,distilbert-base-uncased,,0.911578947368421,0.9115780309645117,66956548,3.110362267276893,255.42286682128906,0.9624895804390108,2,123,1000,1.0,0.3,5,2e-05,8,128
student_distilbert-base-uncased_fs1000_supp123_seed5_tau2.5_a0.5,student,distilbert-base-uncased,,0.9114473684210527,0.9114416153251879,66956548,4.357177266501822,255.42286682128906,0.9623506529591553,5,123,1000,2.5,0.5,5,2e-05,8,128
student_distilbert-base-uncased_fs1000_supp123_seed1_tau1.5_a0.1,student,distilbert-base-uncased,,0.9113157894736842,0.9111778211149638,66956548,5.061777533652882,255.42286682128906,0.9622117254792998,1,123,1000,1.5,0.1,5,2e-05,8,128
student_distilbert-base-uncased_fs1000_supp123_seed1_tau1.5_a0.3,student,distilbert-base-uncased,,0.9110526315789473,0.910981386736111,66956548,4.293337199487723,255.42286682128906,0.9619338705195887,1,123,1000,1.5,0.3,5,2e-05,8,128
student_distilbert-base-uncased_fs1000_supp123_seed9_tau1.5_a0.5,student,distilbert-base-uncased,,0.9110526315789473,0.9109953558668342,66956548,3.509991536460196,255.42286682128906,0.9619338705195887,9,123,1000,1.5,0.5,5,2e-05,8,128
student_distilbert-base-uncased_fs1000_supp123_seed7_tau1.5_a0.3,student,distilbert-base-uncased,,0.9107894736842105,0.9107906077263741,66956548,4.768185730790719,255.42286682128906,0.9616560155598777,7,123,1000,1.5,0.3,5,2e-05,8,128
student_distilbert-base-uncased_fs1000_supp123_seed9_tau1.5_a0.3,student,distilbert-base-uncased,,0.9107894736842105,0.910775190376423,66956548,3.3312872711879513,255.42286682128906,0.9616560155598777,9,123,1000,1.5,0.3,5,2e-05,8,128
student_distilbert-base-uncased_fs1000_supp123_seed9_tau2.5_a0.3,student,distilbert-base-uncased,,0.9107894736842105,0.9107920367476744,66956548,4.478535399539396,255.42286682128906,0.9616560155598777,9,123,1000,2.5,0.3,5,2e-05,8,128
student_distilbert-base-uncased_fs1000_supp123_seed1_tau1.0_a0.3,student,distilbert-base-uncased,,0.9105263157894737,0.9105860861231505,66956548,4.228647932662473,255.42286682128906,0.9613781606001667,1,123,1000,1.0,0.3,5,2e-05,8,128
student_distilbert-base-uncased_fs1000_supp123_seed4_tau1.5_a0.3,student,distilbert-base-uncased,,0.9105263157894737,0.9103739317269356,66956548,3.578007799903086,255.42286682128906,0.9613781606001667,4,123,1000,1.5,0.3,5,2e-05,8,128
student_distilbert-base-uncased_fs1000_supp123_seed2_tau0.5_a0.1,student,distilbert-base-uncased,,0.9103947368421053,0.9103102344751424,66956548,4.83830060014346,255.42286682128906,0.9612392331203111,2,123,1000,0.5,0.1,5,2e-05,8,128
student_distilbert-base-uncased_fs1000_supp123_seed3_tau2.0_a0.5,student,distilbert-base-uncased,,0.9103947368421053,0.9103182562873102,66956548,3.8000866668880917,255.42286682128906,0.9612392331203111,3,123,1000,2.0,0.5,5,2e-05,8,128
student_distilbert-base-uncased_fs1000_supp123_seed3_tau1.5_a0.1,student,distilbert-base-uncased,,0.9102631578947369,0.9101049517860429,66956548,3.7958161997570037,255.42286682128906,0.9611003056404557,3,123,1000,1.5,0.1,5,2e-05,8,128
student_distilbert-base-uncased_fs1000_supp123_seed3_tau3.0_a0.5,student,distilbert-base-uncased,,0.9102631578947369,0.9100502444386387,66956548,4.300386533820226,255.42286682128906,0.9611003056404557,3,123,1000,3.0,0.5,5,2e-05,8,128
student_distilbert-base-uncased_fs1000_supp123_seed3_tau3.0_a0.7,student,distilbert-base-uncased,,0.9102631578947369,0.9100835786917952,66956548,3.6036087995550283,255.42286682128906,0.9611003056404557,3,123,1000,3.0,0.7,5,2e-05,8,128
student_distilbert-base-uncased_fs1000_supp123_seed5_tau2.0_a0.7,student,distilbert-base-uncased,,0.9102631578947369,0.9103341835667907,66956548,3.211168334625351,255.42286682128906,0.9611003056404557,5,123,1000,2.0,0.7,5,2e-05,8,128
student_distilbert-base-uncased_fs1000_supp123_seed9_tau1.5_a0.7,student,distilbert-base-uncased,,0.9102631578947369,0.910093713065738,66956548,3.1779677296678224,255.42286682128906,0.9611003056404557,9,123,1000,1.5,0.7,5,2e-05,8,128
student_distilbert-base-uncased_fs1000_supp123_seed8_tau1.0_a0.7,student,distilbert-base-uncased,,0.9101315789473684,0.9102343722952242,66956548,3.330985135592831,255.42286682128906,0.9609613781606001,8,123,1000,1.0,0.7,5,2e-05,8,128
student_distilbert-base-uncased_fs1000_supp123_seed4_tau1.0_a0.1,student,distilbert-base-uncased,,0.91,0.9099218374241604,66956548,4.3340751333744265,255.42286682128906,0.9608224506807447,4,123,1000,1.0,0.1,5,2e-05,8,128
student_distilbert-base-uncased_fs1000_supp123_seed2_tau1.0_a0.1,student,distilbert-base-uncased,,0.9098684210526315,0.9096257343651067,66956548,3.0727339355507866,255.42286682128906,0.960683523200889,2,123,1000,1.0,0.1,5,2e-05,8,128
student_distilbert-base-uncased_fs1000_supp123_seed2_tau3.0_a0.3,student,distilbert-base-uncased,,0.9098684210526315,0.9098381794996137,66956548,3.2548928652734808,255.42286682128906,0.960683523200889,2,123,1000,3.0,0.3,5,2e-05,8,128
student_distilbert-base-uncased_fs1000_supp123_seed3_tau3.0_a0.3,student,distilbert-base-uncased,,0.9098684210526315,0.9099787305966668,66956548,4.295438134189074,255.42286682128906,0.960683523200889,3,123,1000,3.0,0.3,5,2e-05,8,128
student_distilbert-base-uncased_fs1000_supp123_seed4_tau2.0_a0.9,student,distilbert-base-uncased,,0.9098684210526315,0.9099234985865092,66956548,3.3763611339963973,255.42286682128906,0.960683523200889,4,123,1000,2.0,0.9,5,2e-05,8,128
student_distilbert-base-uncased_fs1000_supp123_seed5_tau2.5_a0.3,student,distilbert-base-uncased,,0.9098684210526315,0.9096428716313991,66956548,3.8912153327449537,255.42286682128906,0.960683523200889,5,123,1000,2.5,0.3,5,2e-05,8,128
student_distilbert-base-uncased_fs1000_supp123_seed5_tau2.5_a0.7,student,distilbert-base-uncased,,0.9098684210526315,0.90967298959383,66956548,4.011622867741001,255.42286682128906,0.960683523200889,5,123,1000,2.5,0.7,5,2e-05,8,128
student_distilbert-base-uncased_fs1000_supp123_seed1_tau2.5_a0.5,student,distilbert-base-uncased,,0.9097368421052632,0.909664281839898,66956548,3.44527966468983,255.42286682128906,0.9605445957210336,1,123,1000,2.5,0.5,5,2e-05,8,128
student_distilbert-base-uncased_fs1000_supp123_seed1_tau3.0_a0.7,student,distilbert-base-uncased,,0.9097368421052632,0.9096409806918837,66956548,3.653731733599367,255.42286682128906,0.9605445957210336,1,123,1000,3.0,0.7,5,2e-05,8,128
student_distilbert-base-uncased_fs1000_supp123_seed5_tau1.0_a0.5,student,distilbert-base-uncased,,0.9097368421052632,0.9095794305267948,66956548,4.274531068707195,255.42286682128906,0.9605445957210336,5,123,1000,1.0,0.5,5,2e-05,8,128
student_distilbert-base-uncased_fs1000_supp123_seed8_tau1.0_a0.5,student,distilbert-base-uncased,,0.9097368421052632,0.9096993073503932,66956548,4.43060086593808,255.42286682128906,0.9605445957210336,8,123,1000,1.0,0.5,5,2e-05,8,128
student_distilbert-base-uncased_fs1000_supp123_seed9_tau1.0_a0.5,student,distilbert-base-uncased,,0.9097368421052632,0.9096050087674825,66956548,4.433109665599962,255.42286682128906,0.9605445957210336,9,123,1000,1.0,0.5,5,2e-05,8,128
student_distilbert-base-uncased_fs1000_supp123_seed4_tau1.5_a0.5,student,distilbert-base-uncased,,0.9096052631578947,0.9093880992814769,66956548,4.4565517334073474,255.42286682128906,0.960405668241178,4,123,1000,1.5,0.5,5,2e-05,8,128
student_distilbert-base-uncased_fs1000_supp123_seed4_tau1.5_a0.1,student,distilbert-base-uncased,,0.9094736842105263,0.9091297511379113,66956548,3.6396581349739185,255.42286682128906,0.9602667407613226,4,123,1000,1.5,0.1,5,2e-05,8,128
student_distilbert-base-uncased_fs1000_supp123_seed5_tau1.5_a0.3,student,distilbert-base-uncased,,0.9094736842105263,0.9091555605499073,66956548,4.180394333282796,255.42286682128906,0.9602667407613226,5,123,1000,1.5,0.3,5,2e-05,8,128
student_distilbert-base-uncased_fs1000_supp123_seed5_tau3.0_a0.5,student,distilbert-base-uncased,,0.9094736842105263,0.9091403870231836,66956548,4.093415267804327,255.42286682128906,0.9602667407613226,5,123,1000,3.0,0.5,5,2e-05,8,128
student_distilbert-base-uncased_fs1000_supp123_seed2_tau2.0_a0.5,student,distilbert-base-uncased,,0.9093421052631578,0.9093036508751613,66956548,3.41258973251873,255.42286682128906,0.960127813281467,2,123,1000,2.0,0.5,5,2e-05,8,128
student_distilbert-base-uncased_fs1000_supp123_seed5_tau1.0_a0.3,student,distilbert-base-uncased,,0.9093421052631578,0.9094357763675112,66956548,5.333651732265328,255.42286682128906,0.960127813281467,5,123,1000,1.0,0.3,5,2e-05,8,128
student_distilbert-base-uncased_fs1000_supp123_seed7_tau2.0_a0.7,student,distilbert-base-uncased,,0.9093421052631578,0.9091277051415368,66956548,4.150528329773806,255.42286682128906,0.960127813281467,7,123,1000,2.0,0.7,5,2e-05,8,128
student_distilbert-base-uncased_fs1000_supp123_seed8_tau2.5_a0.5,student,distilbert-base-uncased,,0.9093421052631578,0.909203687073779,66956548,3.6312470687941336,255.42286682128906,0.960127813281467,8,123,1000,2.5,0.5,5,2e-05,8,128
student_distilbert-base-uncased_fs1000_supp123_seed9_tau1.0_a0.3,student,distilbert-base-uncased,,0.9093421052631578,0.9095578214827129,66956548,3.5938640668367348,255.42286682128906,0.960127813281467,9,123,1000,1.0,0.3,5,2e-05,8,128
student_distilbert-base-uncased_fs1000_supp123_seed1_tau2.5_a0.3,student,distilbert-base-uncased,,0.9092105263157895,0.9090325021673753,66956548,3.152840800854998,255.42286682128906,0.9599888858016115,1,123,1000,2.5,0.3,5,2e-05,8,128
student_distilbert-base-uncased_fs1000_supp123_seed8_tau1.0_a0.1,student,distilbert-base-uncased,,0.9092105263157895,0.908941368720723,66956548,3.901164803149489,255.42286682128906,0.9599888858016115,8,123,1000,1.0,0.1,5,2e-05,8,128
student_distilbert-base-uncased_fs1000_supp123_seed9_tau2.5_a0.7,student,distilbert-base-uncased,,0.9092105263157895,0.9092127706688939,66956548,3.6899686655184873,255.42286682128906,0.9599888858016115,9,123,1000,2.5,0.7,5,2e-05,8,128
student_distilbert-base-uncased_fs1000_supp123_seed1_tau2.0_a0.3,student,distilbert-base-uncased,,0.9090789473684211,0.90904027140392,66956548,3.2836212655335353,255.42286682128906,0.959849958321756,1,123,1000,2.0,0.3,5,2e-05,8,128
student_distilbert-base-uncased_fs1000_supp123_seed4_tau2.5_a0.3,student,distilbert-base-uncased,,0.9090789473684211,0.9088580006186949,66956548,3.6867267335765064,255.42286682128906,0.959849958321756,4,123,1000,2.5,0.3,5,2e-05,8,128
student_distilbert-base-uncased_fs1000_supp123_seed4_tau2.5_a0.5,student,distilbert-base-uncased,,0.9090789473684211,0.908685882036643,66956548,3.9045928666989007,255.42286682128906,0.959849958321756,4,123,1000,2.5,0.5,5,2e-05,8,128
student_distilbert-base-uncased_fs1000_supp123_seed7_tau2.0_a0.5,student,distilbert-base-uncased,,0.9090789473684211,0.9091688166241473,66956548,3.5277434003849826,255.42286682128906,0.959849958321756,7,123,1000,2.0,0.5,5,2e-05,8,128
student_distilbert-base-uncased_fs1000_supp123_seed3_tau2.5_a0.7,student,distilbert-base-uncased,,0.9089473684210526,0.9089707784944077,66956548,4.118895599094685,255.42286682128906,0.9597110308419005,3,123,1000,2.5,0.7,5,2e-05,8,128
student_distilbert-base-uncased_fs1000_supp123_seed5_tau1.5_a0.7,student,distilbert-base-uncased,,0.9089473684210526,0.9086162507259965,66956548,4.049504266004078,255.42286682128906,0.9597110308419005,5,123,1000,1.5,0.7,5,2e-05,8,128
student_distilbert-base-uncased_fs1000_supp123_seed7_tau1.0_a0.5,student,distilbert-base-uncased,,0.9089473684210526,0.9087236906362162,66956548,5.457438536298771,255.42286682128906,0.9597110308419005,7,123,1000,1.0,0.5,5,2e-05,8,128
student_distilbert-base-uncased_fs1000_supp123_seed1_tau2.5_a0.1,student,distilbert-base-uncased,,0.9088157894736842,0.9084001099686118,66956548,5.324289066387185,255.42286682128906,0.959572103362045,1,123,1000,2.5,0.1,5,2e-05,8,128
student_distilbert-base-uncased_fs1000_supp123_seed2_tau2.5_a0.5,student,distilbert-base-uncased,,0.9088157894736842,0.9086626277457253,66956548,3.555705000568802,255.42286682128906,0.959572103362045,2,123,1000,2.5,0.5,5,2e-05,8,128
student_distilbert-base-uncased_fs1000_supp123_seed4_tau3.0_a0.5,student,distilbert-base-uncased,,0.9088157894736842,0.9084466359395469,66956548,5.3626368661449915,255.42286682128906,0.959572103362045,4,123,1000,3.0,0.5,5,2e-05,8,128
student_distilbert-base-uncased_fs1000_supp123_seed0_tau3.0_a0.5,student,distilbert-base-uncased,,0.9085526315789474,0.9085137551356935,66956548,3.0270074668806046,255.42286682128906,0.9592942484023339,0,123,1000,3.0,0.5,5,2e-05,8,128
student_distilbert-base-uncased_fs1000_supp123_seed1_tau1.5_a0.5,student,distilbert-base-uncased,,0.9085526315789474,0.9084501285994223,66956548,3.85602626677913,255.42286682128906,0.9592942484023339,1,123,1000,1.5,0.5,5,2e-05,8,128
student_distilbert-base-uncased_fs1000_supp123_seed4_tau0.5_a0.5,student,distilbert-base-uncased,,0.9085526315789474,0.9084141142270801,66956548,3.5765690670814365,255.42286682128906,0.9592942484023339,4,123,1000,0.5,0.5,5,2e-05,8,128
student_distilbert-base-uncased_fs1000_supp123_seed1_tau1.0_a0.7,student,distilbert-base-uncased,,0.9084210526315789,0.9086548610366887,66956548,3.83273759992638,255.42286682128906,0.9591553209224783,1,123,1000,1.0,0.7,5,2e-05,8,128
student_distilbert-base-uncased_fs1000_supp123_seed1_tau3.0_a0.1,student,distilbert-base-uncased,,0.9084210526315789,0.9083003579228535,66956548,3.369835266494192,255.42286682128906,0.9591553209224783,1,123,1000,3.0,0.1,5,2e-05,8,128
student_distilbert-base-uncased_fs1000_supp123_seed1_tau3.0_a0.5,student,distilbert-base-uncased,,0.9084210526315789,0.9082567451204492,66956548,3.9584240003023297,255.42286682128906,0.9591553209224783,1,123,1000,3.0,0.5,5,2e-05,8,128
student_distilbert-base-uncased_fs1000_supp123_seed4_tau0.5_a0.9,student,distilbert-base-uncased,,0.9084210526315789,0.9083151871081449,66956548,3.44829933407406,255.42286682128906,0.9591553209224783,4,123,1000,0.5,0.9,5,2e-05,8,128
student_distilbert-base-uncased_fs1000_supp123_seed5_tau0.5_a0.3,student,distilbert-base-uncased,,0.9084210526315789,0.9083314951327925,66956548,6.3075065350858495,255.42286682128906,0.9591553209224783,5,123,1000,0.5,0.3,5,2e-05,8,128
student_distilbert-base-uncased_fs1000_supp123_seed8_tau2.0_a0.7,student,distilbert-base-uncased,,0.9084210526315789,0.9084934581553232,66956548,4.020926865632646,255.42286682128906,0.9591553209224783,8,123,1000,2.0,0.7,5,2e-05,8,128
student_distilbert-base-uncased_fs1000_supp123_seed6_tau2.0_a0.5,student,distilbert-base-uncased,,0.9082894736842105,0.908284103408898,66956548,4.069910800899379,255.42286682128906,0.9590163934426229,6,123,1000,2.0,0.5,5,2e-05,8,128
student_distilbert-base-uncased_fs1000_supp123_seed2_tau2.0_a0.1,student,distilbert-base-uncased,,0.908157894736842,0.9081255667298139,66956548,3.8152660679770634,255.42286682128906,0.9588774659627674,2,123,1000,2.0,0.1,5,2e-05,8,128
student_distilbert-base-uncased_fs1000_supp123_seed3_tau1.0_a0.3,student,distilbert-base-uncased,,0.908157894736842,0.9079187890693342,66956548,4.19475026622725,255.42286682128906,0.9588774659627674,3,123,1000,1.0,0.3,5,2e-05,8,128
student_distilbert-base-uncased_fs1000_supp123_seed4_tau3.0_a0.3,student,distilbert-base-uncased,,0.908157894736842,0.9078858298463318,66956548,4.822478667483665,255.42286682128906,0.9588774659627674,4,123,1000,3.0,0.3,5,2e-05,8,128
student_distilbert-base-uncased_fs1000_supp123_seed5_tau3.0_a0.9,student,distilbert-base-uncased,,0.908157894736842,0.9080703397214891,66956548,3.659866400024233,255.42286682128906,0.9588774659627674,5,123,1000,3.0,0.9,5,2e-05,8,128
student_distilbert-base-uncased_fs1000_supp123_seed6_tau1.0_a0.5,student,distilbert-base-uncased,,0.908157894736842,0.9083301642276815,66956548,3.7738332010727995,255.42286682128906,0.9588774659627674,6,123,1000,1.0,0.5,5,2e-05,8,128
student_distilbert-base-uncased_fs1000_supp123_seed7_tau1.5_a0.7,student,distilbert-base-uncased,,0.908157894736842,0.9079862454823544,66956548,5.13336186898717,255.42286682128906,0.9588774659627674,7,123,1000,1.5,0.7,5,2e-05,8,128
student_distilbert-base-uncased_fs1000_supp123_seed0_tau1.0_a0.1,student,distilbert-base-uncased,,0.9080263157894737,0.9078854153005942,66956548,3.5461253333778586,255.42286682128906,0.9587385384829119,0,123,1000,1.0,0.1,5,2e-05,8,128
student_distilbert-base-uncased_fs1000_supp123_seed0_tau3.0_a0.3,student,distilbert-base-uncased,,0.9080263157894737,0.907942840771067,66956548,3.2435363330781306,255.42286682128906,0.9587385384829119,0,123,1000,3.0,0.3,5,2e-05,8,128
student_distilbert-base-uncased_fs1000_supp123_seed5_tau1.5_a0.9,student,distilbert-base-uncased,,0.9080263157894737,0.9078907667348103,66956548,3.6938397330231965,255.42286682128906,0.9587385384829119,5,123,1000,1.5,0.9,5,2e-05,8,128
student_distilbert-base-uncased_fs1000_supp123_seed7_tau2.5_a0.7,student,distilbert-base-uncased,,0.9080263157894737,0.9075419014238534,66956548,4.1504901319664596,255.42286682128906,0.9587385384829119,7,123,1000,2.5,0.7,5,2e-05,8,128
student_distilbert-base-uncased_fs1000_supp123_seed9_tau2.0_a0.5,student,distilbert-base-uncased,,0.9080263157894737,0.9079761535472893,66956548,3.462323930580169,255.42286682128906,0.9587385384829119,9,123,1000,2.0,0.5,5,2e-05,8,128
student_distilbert-base-uncased_fs1000_supp123_seed9_tau3.0_a0.7,student,distilbert-base-uncased,,0.9080263157894737,0.907980573348159,66956548,5.816945666447282,255.42286682128906,0.9587385384829119,9,123,1000,3.0,0.7,5,2e-05,8,128
student_distilbert-base-uncased_fs1000_supp123_seed1_tau0.5_a0.1,student,distilbert-base-uncased,,0.9078947368421053,0.9079981186852777,66956548,4.274339399610956,255.42286682128906,0.9585996110030565,1,123,1000,0.5,0.1,5,2e-05,8,128
student_distilbert-base-uncased_fs1000_supp123_seed1_tau1.0_a0.5,student,distilbert-base-uncased,,0.9078947368421053,0.9080286062574265,66956548,3.4784450671092295,255.42286682128906,0.9585996110030565,1,123,1000,1.0,0.5,5,2e-05,8,128
student_distilbert-base-uncased_fs1000_supp123_seed1_tau2.0_a0.5,student,distilbert-base-uncased,,0.9078947368421053,0.9079288988477885,66956548,3.6806830006147115,255.42286682128906,0.9585996110030565,1,123,1000,2.0,0.5,5,2e-05,8,128
student_distilbert-base-uncased_fs1000_supp123_seed4_tau2.0_a0.5,student,distilbert-base-uncased,,0.9078947368421053,0.9077608412815023,66956548,3.380816333810799,255.42286682128906,0.9585996110030565,4,123,1000,2.0,0.5,5,2e-05,8,128
student_distilbert-base-uncased_fs1000_supp123_seed6_tau2.5_a0.5,student,distilbert-base-uncased,,0.9078947368421053,0.907793307078445,66956548,4.324591200565919,255.42286682128906,0.9585996110030565,6,123,1000,2.5,0.5,5,2e-05,8,128
student_distilbert-base-uncased_fs1000_supp123_seed3_tau2.5_a0.5,student,distilbert-base-uncased,,0.9077631578947368,0.9073981896104244,66956548,4.6983986666115625,255.42286682128906,0.9584606835232008,3,123,1000,2.5,0.5,5,2e-05,8,128
student_distilbert-base-uncased_fs1000_supp123_seed0_tau2.5_a0.3,student,distilbert-base-uncased,,0.9076315789473685,0.9076096282106719,66956548,3.1004966661081803,255.42286682128906,0.9583217560433454,0,123,1000,2.5,0.3,5,2e-05,8,128
student_distilbert-base-uncased_fs1000_supp123_seed1_tau2.0_a0.1,student,distilbert-base-uncased,,0.9076315789473685,0.9074376938634328,66956548,3.9990685332062035,255.42286682128906,0.9583217560433454,1,123,1000,2.0,0.1,5,2e-05,8,128
student_distilbert-base-uncased_fs1000_supp123_seed3_tau3.0_a0.1,student,distilbert-base-uncased,,0.9076315789473685,0.9075068722712128,66956548,4.115297265525442,255.42286682128906,0.9583217560433454,3,123,1000,3.0,0.1,5,2e-05,8,128
student_distilbert-base-uncased_fs1000_supp123_seed5_tau0.5_a0.5,student,distilbert-base-uncased,,0.9076315789473685,0.9074957776557611,66956548,4.769567465215611,255.42286682128906,0.9583217560433454,5,123,1000,0.5,0.5,5,2e-05,8,128
student_distilbert-base-uncased_fs1000_supp123_seed3_tau1.5_a0.5,student,distilbert-base-uncased,,0.9075,0.9073388303485765,66956548,4.7612237322027795,255.42286682128906,0.9581828285634898,3,123,1000,1.5,0.5,5,2e-05,8,128
student_distilbert-base-uncased_fs1000_supp123_seed5_tau1.5_a0.5,student,distilbert-base-uncased,,0.9075,0.9070812886873558,66956548,4.011226067086682,255.42286682128906,0.9581828285634898,5,123,1000,1.5,0.5,5,2e-05,8,128
student_distilbert-base-uncased_fs1000_supp123_seed7_tau1.5_a0.5,student,distilbert-base-uncased,,0.9075,0.9073814133419175,66956548,3.60397939706066,255.42286682128906,0.9581828285634898,7,123,1000,1.5,0.5,5,2e-05,8,128
student_distilbert-base-uncased_fs1000_supp123_seed8_tau1.5_a0.5,student,distilbert-base-uncased,,0.9075,0.9073185745210977,66956548,3.334846735621492,255.42286682128906,0.9581828285634898,8,123,1000,1.5,0.5,5,2e-05,8,128
student_distilbert-base-uncased_fs1000_supp123_seed8_tau2.0_a0.5,student,distilbert-base-uncased,,0.9075,0.9072924625153153,66956548,3.74612919986248,255.42286682128906,0.9581828285634898,8,123,1000,2.0,0.5,5,2e-05,8,128
student_distilbert-base-uncased_fs1000_supp123_seed9_tau1.5_a0.1,student,distilbert-base-uncased,,0.9075,0.9073968150861581,66956548,3.6312996700871736,255.42286682128906,0.9581828285634898,9,123,1000,1.5,0.1,5,2e-05,8,128
student_distilbert-base-uncased_fs1000_supp123_seed9_tau2.0_a0.1,student,distilbert-base-uncased,,0.9075,0.9077134475488602,66956548,3.417013199456657,255.42286682128906,0.9581828285634898,9,123,1000,2.0,0.1,5,2e-05,8,128
student_distilbert-base-uncased_fs1000_supp123_seed5_tau1.0_a0.7,student,distilbert-base-uncased,,0.9073684210526316,0.9068876594545504,66956548,3.5209719324484468,255.42286682128906,0.9580439010836344,5,123,1000,1.0,0.7,5,2e-05,8,128
student_distilbert-base-uncased_fs1000_supp123_seed5_tau1.0_a0.9,student,distilbert-base-uncased,,0.9073684210526316,0.9074674461964349,66956548,4.70523393402497,255.42286682128906,0.9580439010836344,5,123,1000,1.0,0.9,5,2e-05,8,128
student_distilbert-base-uncased_fs1000_supp123_seed5_tau3.0_a0.1,student,distilbert-base-uncased,,0.9073684210526316,0.9071209365645432,66956548,5.349415335998249,255.42286682128906,0.9580439010836344,5,123,1000,3.0,0.1,5,2e-05,8,128
student_distilbert-base-uncased_fs1000_supp123_seed6_tau3.0_a0.1,student,distilbert-base-uncased,,0.9073684210526316,0.9070459756432266,66956548,3.9346080680843443,255.42286682128906,0.9580439010836344,6,123,1000,3.0,0.1,5,2e-05,8,128
student_distilbert-base-uncased_fs1000_supp123_seed7_tau2.5_a0.5,student,distilbert-base-uncased,,0.9073684210526316,0.9069641833246794,66956548,3.450360336379769,255.42286682128906,0.9580439010836344,7,123,1000,2.5,0.5,5,2e-05,8,128
student_distilbert-base-uncased_fs1000_supp123_seed8_tau1.0_a0.9,student,distilbert-base-uncased,,0.9073684210526316,0.907186880446824,66956548,4.57823266624473,255.42286682128906,0.9580439010836344,8,123,1000,1.0,0.9,5,2e-05,8,128
student_distilbert-base-uncased_fs1000_supp123_seed8_tau1.5_a0.7,student,distilbert-base-uncased,,0.9073684210526316,0.9073322394518104,66956548,3.434189067532619,255.42286682128906,0.9580439010836344,8,123,1000,1.5,0.7,5,2e-05,8,128
student_distilbert-base-uncased_fs1000_supp123_seed9_tau0.5_a0.1,student,distilbert-base-uncased,,0.9073684210526316,0.9075153971473815,66956548,3.7535479311676077,255.42286682128906,0.9580439010836344,9,123,1000,0.5,0.1,5,2e-05,8,128
student_distilbert-base-uncased_fs1000_supp123_seed4_tau2.5_a0.7,student,distilbert-base-uncased,,0.9072368421052631,0.9068927340615175,66956548,3.3422425335932835,255.42286682128906,0.9579049736037787,4,123,1000,2.5,0.7,5,2e-05,8,128
student_distilbert-base-uncased_fs1000_supp123_seed6_tau0.5_a0.9,student,distilbert-base-uncased,,0.9072368421052631,0.9069387347922586,66956548,3.4640229986204454,255.42286682128906,0.9579049736037787,6,123,1000,0.5,0.9,5,2e-05,8,128
student_distilbert-base-uncased_fs1000_supp123_seed7_tau0.5_a0.3,student,distilbert-base-uncased,,0.9072368421052631,0.9073191461042768,66956548,3.842216467213196,255.42286682128906,0.9579049736037787,7,123,1000,0.5,0.3,5,2e-05,8,128
student_distilbert-base-uncased_fs1000_supp123_seed7_tau1.0_a0.7,student,distilbert-base-uncased,,0.9072368421052631,0.9069611586318125,66956548,4.190212200046517,255.42286682128906,0.9579049736037787,7,123,1000,1.0,0.7,5,2e-05,8,128
student_distilbert-base-uncased_fs1000_supp123_seed8_tau3.0_a0.9,student,distilbert-base-uncased,,0.9072368421052631,0.9071883502264767,66956548,4.605828470084816,255.42286682128906,0.9579049736037787,8,123,1000,3.0,0.9,5,2e-05,8,128
student_distilbert-base-uncased_fs1000_supp123_seed9_tau2.0_a0.9,student,distilbert-base-uncased,,0.9072368421052631,0.9073594562085358,66956548,3.750682402945434,255.42286682128906,0.9579049736037787,9,123,1000,2.0,0.9,5,2e-05,8,128
student_distilbert-base-uncased_fs1000_supp123_seed9_tau3.0_a0.9,student,distilbert-base-uncased,,0.9072368421052631,0.907094053426906,66956548,3.804403607500717,255.42286682128906,0.9579049736037787,9,123,1000,3.0,0.9,5,2e-05,8,128
student_distilbert-base-uncased_fs1000_supp123_seed0_tau2.0_a0.7,student,distilbert-base-uncased,,0.9071052631578947,0.9069972977244037,66956548,4.070261666735557,255.42286682128906,0.9577660461239232,0,123,1000,2.0,0.7,5,2e-05,8,128
student_distilbert-base-uncased_fs1000_supp123_seed0_tau2.5_a0.9,student,distilbert-base-uncased,,0.9071052631578947,0.9067817146585866,66956548,3.2226352673509004,255.42286682128906,0.9577660461239232,0,123,1000,2.5,0.9,5,2e-05,8,128
student_distilbert-base-uncased_fs1000_supp123_seed3_tau2.0_a0.1,student,distilbert-base-uncased,,0.9071052631578947,0.9070193561347544,66956548,4.0798034659625655,255.42286682128906,0.9577660461239232,3,123,1000,2.0,0.1,5,2e-05,8,128
student_distilbert-base-uncased_fs1000_supp123_seed6_tau3.0_a0.9,student,distilbert-base-uncased,,0.9071052631578947,0.9068865979322113,66956548,5.095708934823051,255.42286682128906,0.9577660461239232,6,123,1000,3.0,0.9,5,2e-05,8,128
student_distilbert-base-uncased_fs1000_supp123_seed7_tau3.0_a0.9,student,distilbert-base-uncased,,0.9071052631578947,0.9070103807040386,66956548,3.385052667969527,255.42286682128906,0.9577660461239232,7,123,1000,3.0,0.9,5,2e-05,8,128
student_distilbert-base-uncased_fs1000_supp123_seed8_tau0.5_a0.7,student,distilbert-base-uncased,,0.9071052631578947,0.9069138679624622,66956548,3.3898705325555056,255.42286682128906,0.9577660461239232,8,123,1000,0.5,0.7,5,2e-05,8,128
student_distilbert-base-uncased_fs1000_supp123_seed9_tau2.5_a0.5,student,distilbert-base-uncased,,0.9071052631578947,0.906735413065146,66956548,4.320675604200612,255.42286682128906,0.9577660461239232,9,123,1000,2.5,0.5,5,2e-05,8,128
student_distilbert-base-uncased_fs1000_supp123_seed0_tau2.0_a0.5,student,distilbert-base-uncased,,0.9069736842105263,0.9068805076444122,66956548,3.820381532811249,255.42286682128906,0.9576271186440677,0,123,1000,2.0,0.5,5,2e-05,8,128
student_distilbert-base-uncased_fs1000_supp123_seed1_tau2.0_a0.7,student,distilbert-base-uncased,,0.9069736842105263,0.9070651612023253,66956548,3.801160400810962,255.42286682128906,0.9576271186440677,1,123,1000,2.0,0.7,5,2e-05,8,128
student_distilbert-base-uncased_fs1000_supp123_seed5_tau2.5_a0.9,student,distilbert-base-uncased,,0.9069736842105263,0.9067439028860815,66956548,3.6941589341343692,255.42286682128906,0.9576271186440677,5,123,1000,2.5,0.9,5,2e-05,8,128
student_distilbert-base-uncased_fs1000_supp123_seed6_tau2.0_a0.3,student,distilbert-base-uncased,,0.9069736842105263,0.9067907029672694,66956548,4.121967003447935,255.42286682128906,0.9576271186440677,6,123,1000,2.0,0.3,5,2e-05,8,128
student_distilbert-base-uncased_fs1000_supp123_seed7_tau3.0_a0.7,student,distilbert-base-uncased,,0.9069736842105263,0.9067583455770942,66956548,3.189957732683979,255.42286682128906,0.9576271186440677,7,123,1000,3.0,0.7,5,2e-05,8,128
student_distilbert-base-uncased_fs1000_supp123_seed8_tau0.5_a0.9,student,distilbert-base-uncased,,0.9069736842105263,0.9065541762439786,66956548,4.113120000693016,255.42286682128906,0.9576271186440677,8,123,1000,0.5,0.9,5,2e-05,8,128
student_distilbert-base-uncased_fs1000_supp123_seed5_tau1.5_a0.1,student,distilbert-base-uncased,,0.9068421052631579,0.9069127331164928,66956548,4.520402466490244,255.42286682128906,0.9574881911642122,5,123,1000,1.5,0.1,5,2e-05,8,128
student_distilbert-base-uncased_fs1000_supp123_seed7_tau1.5_a0.1,student,distilbert-base-uncased,,0.9068421052631579,0.9066008294014213,66956548,3.4057098023671037,255.42286682128906,0.9574881911642122,7,123,1000,1.5,0.1,5,2e-05,8,128
student_distilbert-base-uncased_fs1000_supp123_seed8_tau0.1_a0.1,student,distilbert-base-uncased,,0.9068421052631579,0.9070340069882579,66956548,4.282916465308517,255.42286682128906,0.9574881911642122,8,123,1000,0.1,0.1,5,2e-05,8,128
student_distilbert-base-uncased_fs1000_supp123_seed8_tau3.0_a0.7,student,distilbert-base-uncased,,0.9068421052631579,0.9067927301779395,66956548,4.070361466923107,255.42286682128906,0.9574881911642122,8,123,1000,3.0,0.7,5,2e-05,8,128
student_distilbert-base-uncased_fs1000_supp123_seed4_tau1.0_a0.3,student,distilbert-base-uncased,,0.9067105263157895,0.9068200505548114,66956548,3.336505067515342,255.42286682128906,0.9573492636843568,4,123,1000,1.0,0.3,5,2e-05,8,128
student_distilbert-base-uncased_fs1000_supp123_seed4_tau1.5_a0.9,student,distilbert-base-uncased,,0.9067105263157895,0.9067821084050178,66956548,3.7384243327930258,255.42286682128906,0.9573492636843568,4,123,1000,1.5,0.9,5,2e-05,8,128
student_distilbert-base-uncased_fs1000_supp123_seed5_tau2.0_a0.3,student,distilbert-base-uncased,,0.9067105263157895,0.9064811870318916,66956548,3.776539134560153,255.42286682128906,0.9573492636843568,5,123,1000,2.0,0.3,5,2e-05,8,128
student_distilbert-base-uncased_fs1000_supp123_seed7_tau3.0_a0.5,student,distilbert-base-uncased,,0.9067105263157895,0.9064290430928303,66956548,3.3296960667939857,255.42286682128906,0.9573492636843568,7,123,1000,3.0,0.5,5,2e-05,8,128
student_distilbert-base-uncased_fs1000_supp123_seed9_tau1.0_a0.1,student,distilbert-base-uncased,,0.9067105263157895,0.9069263063200586,66956548,3.9119263315418116,255.42286682128906,0.9573492636843568,9,123,1000,1.0,0.1,5,2e-05,8,128
student_distilbert-base-uncased_fs1000_supp123_seed2_tau1.0_a0.5,student,distilbert-base-uncased,,0.906578947368421,0.9062938665656037,66956548,4.038875934202224,255.42286682128906,0.9572103362045012,2,123,1000,1.0,0.5,5,2e-05,8,128
student_distilbert-base-uncased_fs1000_supp123_seed7_tau0.5_a0.1,student,distilbert-base-uncased,,0.906578947368421,0.9068741043175621,66956548,3.718591200110192,255.42286682128906,0.9572103362045012,7,123,1000,0.5,0.1,5,2e-05,8,128
student_distilbert-base-uncased_fs1000_supp123_seed0_tau2.0_a0.3,student,distilbert-base-uncased,,0.9064473684210527,0.9061191323846025,66956548,4.36994066646245,255.42286682128906,0.9570714087246457,0,123,1000,2.0,0.3,5,2e-05,8,128
student_distilbert-base-uncased_fs1000_supp123_seed0_tau2.5_a0.5,student,distilbert-base-uncased,,0.9064473684210527,0.9061169436802159,66956548,4.119177199754631,255.42286682128906,0.9570714087246457,0,123,1000,2.5,0.5,5,2e-05,8,128
student_distilbert-base-uncased_fs1000_supp123_seed5_tau0.5_a0.1,student,distilbert-base-uncased,,0.9064473684210527,0.9062118039466929,66956548,4.073919064830989,255.42286682128906,0.9570714087246457,5,123,1000,0.5,0.1,5,2e-05,8,128
student_distilbert-base-uncased_fs1000_supp123_seed6_tau1.0_a0.1,student,distilbert-base-uncased,,0.9064473684210527,0.9061695920512671,66956548,3.4276104018014544,255.42286682128906,0.9570714087246457,6,123,1000,1.0,0.1,5,2e-05,8,128
student_distilbert-base-uncased_fs1000_supp123_seed3_tau2.5_a0.3,student,distilbert-base-uncased,,0.9063157894736842,0.9060255852152774,66956548,3.51439693379992,255.42286682128906,0.9569324812447901,3,123,1000,2.5,0.3,5,2e-05,8,128
student_distilbert-base-uncased_fs1000_supp123_seed4_tau2.0_a0.3,student,distilbert-base-uncased,,0.9063157894736842,0.905825199894324,66956548,4.481382466716847,255.42286682128906,0.9569324812447901,4,123,1000,2.0,0.3,5,2e-05,8,128
student_distilbert-base-uncased_fs1000_supp123_seed4_tau3.0_a0.7,student,distilbert-base-uncased,,0.9063157894736842,0.9061039054741463,66956548,3.694056733608401,255.42286682128906,0.9569324812447901,4,123,1000,3.0,0.7,5,2e-05,8,128
student_distilbert-base-uncased_fs1000_supp123_seed6_tau2.0_a0.1,student,distilbert-base-uncased,,0.9063157894736842,0.906077077277762,66956548,4.572424730091977,255.42286682128906,0.9569324812447901,6,123,1000,2.0,0.1,5,2e-05,8,128
student_distilbert-base-uncased_fs1000_supp123_seed6_tau3.0_a0.7,student,distilbert-base-uncased,,0.9063157894736842,0.9061829688283991,66956548,5.208309398343165,255.42286682128906,0.9569324812447901,6,123,1000,3.0,0.7,5,2e-05,8,128
student_distilbert-base-uncased_fs1000_supp123_seed7_tau1.0_a0.1,student,distilbert-base-uncased,,0.9063157894736842,0.9063054181981479,66956548,3.4098755985420817,255.42286682128906,0.9569324812447901,7,123,1000,1.0,0.1,5,2e-05,8,128
student_distilbert-base-uncased_fs1000_supp123_seed4_tau2.5_a0.1,student,distilbert-base-uncased,,0.9061842105263158,0.9058779513164744,66956548,4.386664797978786,255.42286682128906,0.9567935537649347,4,123,1000,2.5,0.1,5,2e-05,8,128
student_distilbert-base-uncased_fs1000_supp123_seed5_tau2.0_a0.1,student,distilbert-base-uncased,,0.9061842105263158,0.9059468932957794,66956548,4.10639393570212,255.42286682128906,0.9567935537649347,5,123,1000,2.0,0.1,5,2e-05,8,128
student_distilbert-base-uncased_fs1000_supp123_seed8_tau2.0_a0.9,student,distilbert-base-uncased,,0.9061842105263158,0.905938227246508,66956548,3.4547026647487655,255.42286682128906,0.9567935537649347,8,123,1000,2.0,0.9,5,2e-05,8,128
student_distilbert-base-uncased_fs1000_supp123_seed5_tau0.1_a0.1,student,distilbert-base-uncased,,0.9060526315789473,0.9058356747454887,66956548,4.7574768007810535,255.42286682128906,0.9566546262850791,5,123,1000,0.1,0.1,5,2e-05,8,128
student_distilbert-base-uncased_fs1000_supp123_seed5_tau3.0_a0.7,student,distilbert-base-uncased,,0.9060526315789473,0.9058072030133435,66956548,4.007040801419255,255.42286682128906,0.9566546262850791,5,123,1000,3.0,0.7,5,2e-05,8,128
student_distilbert-base-uncased_fs1000_supp123_seed0_tau1.5_a0.3,student,distilbert-base-uncased,,0.905921052631579,0.9056548441117662,66956548,4.3661225999433855,255.42286682128906,0.9565156988052237,0,123,1000,1.5,0.3,5,2e-05,8,128
student_distilbert-base-uncased_fs1000_supp123_seed3_tau0.5_a0.3,student,distilbert-base-uncased,,0.905921052631579,0.905831413904588,66956548,4.248965533527856,255.42286682128906,0.9565156988052237,3,123,1000,0.5,0.3,5,2e-05,8,128
student_distilbert-base-uncased_fs1000_supp123_seed8_tau1.0_a0.3,student,distilbert-base-uncased,,0.905921052631579,0.9055526172768519,66956548,3.25936460091422,255.42286682128906,0.9565156988052237,8,123,1000,1.0,0.3,5,2e-05,8,128
student_distilbert-base-uncased_fs1000_supp123_seed5_tau3.0_a0.3,student,distilbert-base-uncased,,0.9057894736842105,0.9055947958253825,66956548,3.820982135948725,255.42286682128906,0.956376771325368,5,123,1000,3.0,0.3,5,2e-05,8,128
student_distilbert-base-uncased_fs1000_supp123_seed8_tau0.5_a0.3,student,distilbert-base-uncased,,0.9057894736842105,0.9054926061830906,66956548,3.6354389982686066,255.42286682128906,0.956376771325368,8,123,1000,0.5,0.3,5,2e-05,8,128
student_distilbert-base-uncased_fs1000_supp123_seed9_tau0.1_a0.1,student,distilbert-base-uncased,,0.9057894736842105,0.9056048475540337,66956548,3.6878041340969503,255.42286682128906,0.956376771325368,9,123,1000,0.1,0.1,5,2e-05,8,128
student_distilbert-base-uncased_fs1000_supp123_seed4_tau2.0_a0.1,student,distilbert-base-uncased,,0.9056578947368421,0.9053795744899817,66956548,4.008442867295041,255.42286682128906,0.9562378438455126,4,123,1000,2.0,0.1,5,2e-05,8,128
student_distilbert-base-uncased_fs1000_supp123_seed9_tau3.0_a0.3,student,distilbert-base-uncased,,0.9056578947368421,0.9057633722536225,66956548,3.4538345353212208,255.42286682128906,0.9562378438455126,9,123,1000,3.0,0.3,5,2e-05,8,128
student_distilbert-base-uncased_fs1000_supp123_seed1_tau1.0_a0.1,student,distilbert-base-uncased,,0.9055263157894737,0.9054423167843535,66956548,3.356438866952279,255.42286682128906,0.9560989163656571,1,123,1000,1.0,0.1,5,2e-05,8,128
student_distilbert-base-uncased_fs1000_supp123_seed2_tau0.5_a0.3,student,distilbert-base-uncased,,0.9055263157894737,0.9055496544759463,66956548,3.0846078666703156,255.42286682128906,0.9560989163656571,2,123,1000,0.5,0.3,5,2e-05,8,128
student_distilbert-base-uncased_fs1000_supp123_seed3_tau2.0_a0.3,student,distilbert-base-uncased,,0.9055263157894737,0.9049486637157772,66956548,3.8087118683809726,255.42286682128906,0.9560989163656571,3,123,1000,2.0,0.3,5,2e-05,8,128
student_distilbert-base-uncased_fs1000_supp123_seed4_tau2.5_a0.9,student,distilbert-base-uncased,,0.9055263157894737,0.905072303146369,66956548,4.211598666248999,255.42286682128906,0.9560989163656571,4,123,1000,2.5,0.9,5,2e-05,8,128
student_distilbert-base-uncased_fs1000_supp123_seed5_tau0.1_a0.3,student,distilbert-base-uncased,,0.9055263157894737,0.9051151847887984,66956548,5.356366599638325,255.42286682128906,0.9560989163656571,5,123,1000,0.1,0.3,5,2e-05,8,128
student_distilbert-base-uncased_fs1000_supp123_seed6_tau1.0_a0.7,student,distilbert-base-uncased,,0.9055263157894737,0.9058287585638676,66956548,4.3275932694086805,255.42286682128906,0.9560989163656571,6,123,1000,1.0,0.7,5,2e-05,8,128
student_distilbert-base-uncased_fs1000_supp123_seed6_tau2.5_a0.3,student,distilbert-base-uncased,,0.9055263157894737,0.905257956016347,66956548,3.5237976039449372,255.42286682128906,0.9560989163656571,6,123,1000,2.5,0.3,5,2e-05,8,128
student_distilbert-base-uncased_fs1000_supp123_seed7_tau2.0_a0.3,student,distilbert-base-uncased,,0.9055263157894737,0.9052285177591193,66956548,3.7865131336729974,255.42286682128906,0.9560989163656571,7,123,1000,2.0,0.3,5,2e-05,8,128
student_distilbert-base-uncased_fs1000_supp123_seed0_tau1.0_a0.9,student,distilbert-base-uncased,,0.9053947368421053,0.9051873508399945,66956548,5.38237166692852,255.42286682128906,0.9559599888858016,0,123,1000,1.0,0.9,5,2e-05,8,128
student_distilbert-base-uncased_fs1000_supp123_seed0_tau3.0_a0.1,student,distilbert-base-uncased,,0.9053947368421053,0.9051380608470856,66956548,3.056523467239458,255.42286682128906,0.9559599888858016,0,123,1000,3.0,0.1,5,2e-05,8,128
student_distilbert-base-uncased_fs1000_supp123_seed7_tau2.0_a0.9,student,distilbert-base-uncased,,0.9053947368421053,0.9050951420065224,66956548,3.87773126810013,255.42286682128906,0.9559599888858016,7,123,1000,2.0,0.9,5,2e-05,8,128
student_distilbert-base-uncased_fs1000_supp123_seed7_tau2.5_a0.3,student,distilbert-base-uncased,,0.9053947368421053,0.9051727867048669,66956548,5.338507332877877,255.42286682128906,0.9559599888858016,7,123,1000,2.5,0.3,5,2e-05,8,128
student_distilbert-base-uncased_fs1000_supp123_seed9_tau0.5_a0.5,student,distilbert-base-uncased,,0.9053947368421053,0.9053013829319478,66956548,3.6548741278238595,255.42286682128906,0.9559599888858016,9,123,1000,0.5,0.5,5,2e-05,8,128
student_distilbert-base-uncased_fs1000_supp123_seed0_tau0.5_a0.7,student,distilbert-base-uncased,,0.9052631578947369,0.9047294589631977,66956548,3.349661000781149,255.42286682128906,0.9558210614059461,0,123,1000,0.5,0.7,5,2e-05,8,128
student_distilbert-base-uncased_fs1000_supp123_seed1_tau0.5_a0.9,student,distilbert-base-uncased,,0.9052631578947369,0.9052187194522681,66956548,5.26231999877685,255.42286682128906,0.9558210614059461,1,123,1000,0.5,0.9,5,2e-05,8,128
student_distilbert-base-uncased_fs1000_supp123_seed2_tau2.5_a0.7,student,distilbert-base-uncased,,0.9052631578947369,0.9052507323768673,66956548,3.0181729331767806,255.42286682128906,0.9558210614059461,2,123,1000,2.5,0.7,5,2e-05,8,128
student_distilbert-base-uncased_fs1000_supp123_seed4_tau3.0_a0.1,student,distilbert-base-uncased,,0.9052631578947369,0.9051491298620085,66956548,3.2987762004874335,255.42286682128906,0.9558210614059461,4,123,1000,3.0,0.1,5,2e-05,8,128
student_distilbert-base-uncased_fs1000_supp123_seed5_tau2.0_a0.5,student,distilbert-base-uncased,,0.9052631578947369,0.904919895426718,66956548,4.196988932865982,255.42286682128906,0.9558210614059461,5,123,1000,2.0,0.5,5,2e-05,8,128
student_distilbert-base-uncased_fs1000_supp123_seed5_tau2.5_a0.1,student,distilbert-base-uncased,,0.9052631578947369,0.9048455527703959,66956548,4.457358333941859,255.42286682128906,0.9558210614059461,5,123,1000,2.5,0.1,5,2e-05,8,128
student_distilbert-base-uncased_fs1000_supp123_seed6_tau1.5_a0.1,student,distilbert-base-uncased,,0.9052631578947369,0.9047718319472825,66956548,4.198730799059073,255.42286682128906,0.9558210614059461,6,123,1000,1.5,0.1,5,2e-05,8,128
student_distilbert-base-uncased_fs1000_supp123_seed2_tau1.5_a0.5,student,distilbert-base-uncased,,0.9051315789473684,0.9044181583122367,66956548,4.010018598637544,255.42286682128906,0.9556821339260905,2,123,1000,1.5,0.5,5,2e-05,8,128
student_distilbert-base-uncased_fs1000_supp123_seed2_tau2.0_a0.3,student,distilbert-base-uncased,,0.9051315789473684,0.9049271386790194,66956548,3.289754065917805,255.42286682128906,0.9556821339260905,2,123,1000,2.0,0.3,5,2e-05,8,128
student_distilbert-base-uncased_fs1000_supp123_seed3_tau2.0_a0.7,student,distilbert-base-uncased,,0.9051315789473684,0.9047149432208126,66956548,3.4363132654107176,255.42286682128906,0.9556821339260905,3,123,1000,2.0,0.7,5,2e-05,8,128
student_distilbert-base-uncased_fs1000_supp123_seed0_tau0.5_a0.1,student,distilbert-base-uncased,,0.905,0.9053095755681,66956548,3.548764666872254,255.42286682128906,0.955543206446235,0,123,1000,0.5,0.1,5,2e-05,8,128
student_distilbert-base-uncased_fs1000_supp123_seed8_tau2.5_a0.9,student,distilbert-base-uncased,,0.905,0.9046293586260146,66956548,3.9677126022676625,255.42286682128906,0.955543206446235,8,123,1000,2.5,0.9,5,2e-05,8,128
student_distilbert-base-uncased_fs1000_supp123_seed9_tau2.0_a0.7,student,distilbert-base-uncased,,0.905,0.9048491473059805,66956548,3.989401201639945,255.42286682128906,0.955543206446235,9,123,1000,2.0,0.7,5,2e-05,8,128
student_distilbert-base-uncased_fs1000_supp123_seed5_tau0.5_a0.9,student,distilbert-base-uncased,,0.9048684210526315,0.9046030798603368,66956548,5.666908067845118,255.42286682128906,0.9554042789663795,5,123,1000,0.5,0.9,5,2e-05,8,128
student_distilbert-base-uncased_fs1000_supp123_seed6_tau1.5_a0.3,student,distilbert-base-uncased,,0.9048684210526315,0.9045873712695024,66956548,4.779586133857568,255.42286682128906,0.9554042789663795,6,123,1000,1.5,0.3,5,2e-05,8,128
student_distilbert-base-uncased_fs1000_supp123_seed8_tau1.5_a0.9,student,distilbert-base-uncased,,0.9048684210526315,0.9042661536138815,66956548,3.8310729345539585,255.42286682128906,0.9554042789663795,8,123,1000,1.5,0.9,5,2e-05,8,128
student_distilbert-base-uncased_fs1000_supp123_seed9_tau2.5_a0.9,student,distilbert-base-uncased,,0.9048684210526315,0.9049623687818531,66956548,4.475658402467768,255.42286682128906,0.9554042789663795,9,123,1000,2.5,0.9,5,2e-05,8,128
student_distilbert-base-uncased_fs1000_supp123_seed0_tau0.1_a0.5,student,distilbert-base-uncased,,0.9047368421052632,0.904821055580493,66956548,4.1207939995122915,255.42286682128906,0.955265351486524,0,123,1000,0.1,0.5,5,2e-05,8,128
student_distilbert-base-uncased_fs1000_supp123_seed2_tau2.5_a0.3,student,distilbert-base-uncased,,0.9047368421052632,0.9046345084337476,66956548,3.1745481314525628,255.42286682128906,0.955265351486524,2,123,1000,2.5,0.3,5,2e-05,8,128
student_distilbert-base-uncased_fs1000_supp123_seed8_tau3.0_a0.5,student,distilbert-base-uncased,,0.9047368421052632,0.9044841437551403,66956548,4.388895131220731,255.42286682128906,0.955265351486524,8,123,1000,3.0,0.5,5,2e-05,8,128
student_distilbert-base-uncased_fs1000_supp123_seed9_tau1.0_a0.7,student,distilbert-base-uncased,,0.9047368421052632,0.9048287997202074,66956548,3.4252179301499077,255.42286682128906,0.955265351486524,9,123,1000,1.0,0.7,5,2e-05,8,128
student_distilbert-base-uncased_fs1000_supp123_seed0_tau2.5_a0.1,student,distilbert-base-uncased,,0.9046052631578947,0.904275325930143,66956548,4.489069800426175,255.42286682128906,0.9551264240066685,0,123,1000,2.5,0.1,5,2e-05,8,128
student_distilbert-base-uncased_fs1000_supp123_seed2_tau1.5_a0.1,student,distilbert-base-uncased,,0.9046052631578947,0.9042464589932607,66956548,2.8802037306983643,255.42286682128906,0.9551264240066685,2,123,1000,1.5,0.1,5,2e-05,8,128
student_distilbert-base-uncased_fs1000_supp123_seed3_tau1.5_a0.3,student,distilbert-base-uncased,,0.9046052631578947,0.904105344686186,66956548,4.00223813339835,255.42286682128906,0.9551264240066685,3,123,1000,1.5,0.3,5,2e-05,8,128
student_distilbert-base-uncased_fs1000_supp123_seed7_tau2.5_a0.9,student,distilbert-base-uncased,,0.9046052631578947,0.9044597068610469,66956548,4.119252735593666,255.42286682128906,0.9551264240066685,7,123,1000,2.5,0.9,5,2e-05,8,128
student_distilbert-base-uncased_fs1000_supp123_seed8_tau0.1_a0.3,student,distilbert-base-uncased,,0.9046052631578947,0.9044363790848556,66956548,3.3265566686168313,255.42286682128906,0.9551264240066685,8,123,1000,0.1,0.3,5,2e-05,8,128
student_distilbert-base-uncased_fs1000_supp123_seed0_tau0.5_a0.5,student,distilbert-base-uncased,,0.9044736842105263,0.9043276419325436,66956548,3.922768800111953,255.42286682128906,0.9549874965268129,0,123,1000,0.5,0.5,5,2e-05,8,128
student_distilbert-base-uncased_fs1000_supp123_seed7_tau0.1_a0.1,student,distilbert-base-uncased,,0.9044736842105263,0.9041852408569738,66956548,4.9394600675441325,255.42286682128906,0.9549874965268129,7,123,1000,0.1,0.1,5,2e-05,8,128
student_distilbert-base-uncased_fs1000_supp123_seed1_tau2.5_a0.7,student,distilbert-base-uncased,,0.904342105263158,0.9044309365081382,66956548,3.6915602007259927,255.42286682128906,0.9548485690469575,1,123,1000,2.5,0.7,5,2e-05,8,128
student_distilbert-base-uncased_fs1000_supp123_seed4_tau0.1_a0.7,student,distilbert-base-uncased,,0.904342105263158,0.9044188307268,66956548,3.374288933506856,255.42286682128906,0.9548485690469575,4,123,1000,0.1,0.7,5,2e-05,8,128
student_distilbert-base-uncased_fs1000_supp123_seed4_tau0.5_a0.3,student,distilbert-base-uncased,,0.904342105263158,0.9040513029774713,66956548,3.5290601323746764,255.42286682128906,0.9548485690469575,4,123,1000,0.5,0.3,5,2e-05,8,128
student_distilbert-base-uncased_fs1000_supp123_seed6_tau0.5_a0.7,student,distilbert-base-uncased,,0.904342105263158,0.9039678734417279,66956548,4.183846467640251,255.42286682128906,0.9548485690469575,6,123,1000,0.5,0.7,5,2e-05,8,128
student_distilbert-base-uncased_fs1000_supp123_seed6_tau3.0_a0.5,student,distilbert-base-uncased,,0.904342105263158,0.9040721842259324,66956548,4.5020366019646945,255.42286682128906,0.9548485690469575,6,123,1000,3.0,0.5,5,2e-05,8,128
student_distilbert-base-uncased_fs1000_supp123_seed1_tau0.1_a0.1,student,distilbert-base-uncased,,0.9042105263157895,0.9039974781101667,66956548,3.515211400614741,255.42286682128906,0.9547096415671019,1,123,1000,0.1,0.1,5,2e-05,8,128
student_distilbert-base-uncased_fs1000_supp123_seed2_tau2.5_a0.1,student,distilbert-base-uncased,,0.9042105263157895,0.9042286970821923,66956548,3.86814733404511,255.42286682128906,0.9547096415671019,2,123,1000,2.5,0.1,5,2e-05,8,128
student_distilbert-base-uncased_fs1000_supp123_seed4_tau1.5_a0.7,student,distilbert-base-uncased,,0.9042105263157895,0.9042310445590593,66956548,4.70813780023794,255.42286682128906,0.9547096415671019,4,123,1000,1.5,0.7,5,2e-05,8,128
student_distilbert-base-uncased_fs1000_supp123_seed4_tau2.0_a0.7,student,distilbert-base-uncased,,0.9042105263157895,0.903839230538775,66956548,3.5229675995651633,255.42286682128906,0.9547096415671019,4,123,1000,2.0,0.7,5,2e-05,8,128
student_distilbert-base-uncased_fs1000_supp123_seed5_tau2.0_a0.9,student,distilbert-base-uncased,,0.9042105263157895,0.9039957391367559,66956548,3.912236868442657,255.42286682128906,0.9547096415671019,5,123,1000,2.0,0.9,5,2e-05,8,128
student_distilbert-base-uncased_fs1000_supp123_seed7_tau2.0_a0.1,student,distilbert-base-uncased,,0.9042105263157895,0.9040058049694484,66956548,4.358374997779417,255.42286682128906,0.9547096415671019,7,123,1000,2.0,0.1,5,2e-05,8,128
student_distilbert-base-uncased_fs1000_supp123_seed8_tau0.1_a0.9,student,distilbert-base-uncased,,0.9042105263157895,0.9042356824442878,66956548,3.9443316675412157,255.42286682128906,0.9547096415671019,8,123,1000,0.1,0.9,5,2e-05,8,128
student_distilbert-base-uncased_fs1000_supp123_seed9_tau0.5_a0.3,student,distilbert-base-uncased,,0.9042105263157895,0.9041652909742022,66956548,3.2540584662153074,255.42286682128906,0.9547096415671019,9,123,1000,0.5,0.3,5,2e-05,8,128
student_distilbert-base-uncased_fs1000_supp123_seed9_tau2.5_a0.1,student,distilbert-base-uncased,,0.9042105263157895,0.9043708614330002,66956548,4.171561063655342,255.42286682128906,0.9547096415671019,9,123,1000,2.5,0.1,5,2e-05,8,128
student_distilbert-base-uncased_fs1000_supp123_seed2_tau1.0_a0.9,student,distilbert-base-uncased,,0.9040789473684211,0.9039462036629055,66956548,4.3336184016273664,255.42286682128906,0.9545707140872465,2,123,1000,1.0,0.9,5,2e-05,8,128
student_distilbert-base-uncased_fs1000_supp123_seed3_tau0.1_a0.1,student,distilbert-base-uncased,,0.9040789473684211,0.9034425691085106,66956548,3.9871666003212645,255.42286682128906,0.9545707140872465,3,123,1000,0.1,0.1,5,2e-05,8,128
student_distilbert-base-uncased_fs1000_supp123_seed9_tau0.1_a0.9,student,distilbert-base-uncased,,0.9040789473684211,0.9035235849823378,66956548,4.045360137630875,255.42286682128906,0.9545707140872465,9,123,1000,0.1,0.9,5,2e-05,8,128
student_distilbert-base-uncased_fs1000_supp123_seed2_tau2.0_a0.7,student,distilbert-base-uncased,,0.9039473684210526,0.9034890181937196,66956548,3.98972006708694,255.42286682128906,0.9544317866073909,2,123,1000,2.0,0.7,5,2e-05,8,128
student_distilbert-base-uncased_fs1000_supp123_seed2_tau3.0_a0.7,student,distilbert-base-uncased,,0.9039473684210526,0.9034331540617127,66956548,3.163207532876792,255.42286682128906,0.9544317866073909,2,123,1000,3.0,0.7,5,2e-05,8,128
student_distilbert-base-uncased_fs1000_supp123_seed3_tau1.5_a0.7,student,distilbert-base-uncased,,0.9039473684210526,0.9037299244290261,66956548,3.4584292016612985,255.42286682128906,0.9544317866073909,3,123,1000,1.5,0.7,5,2e-05,8,128
student_distilbert-base-uncased_fs1000_supp123_seed3_tau2.5_a0.1,student,distilbert-base-uncased,,0.9039473684210526,0.9039336292739139,66956548,3.6515156670551128,255.42286682128906,0.9544317866073909,3,123,1000,2.5,0.1,5,2e-05,8,128
student_distilbert-base-uncased_fs1000_supp123_seed6_tau0.1_a0.5,student,distilbert-base-uncased,,0.9039473684210526,0.9038312102357966,66956548,3.7211073989359043,255.42286682128906,0.9544317866073909,6,123,1000,0.1,0.5,5,2e-05,8,128
student_distilbert-base-uncased_fs1000_supp123_seed8_tau0.5_a0.5,student,distilbert-base-uncased,,0.9039473684210526,0.9040535395966957,66956548,4.54266366820472,255.42286682128906,0.9544317866073909,8,123,1000,0.5,0.5,5,2e-05,8,128
student_distilbert-base-uncased_fs1000_supp123_seed8_tau2.0_a0.3,student,distilbert-base-uncased,,0.9039473684210526,0.9035796812563158,66956548,5.066774132622716,255.42286682128906,0.9544317866073909,8,123,1000,2.0,0.3,5,2e-05,8,128
student_distilbert-base-uncased_fs1000_supp123_seed6_tau0.1_a0.3,student,distilbert-base-uncased,,0.9038157894736842,0.9033184459317064,66956548,3.43739933159668,255.42286682128906,0.9542928591275354,6,123,1000,0.1,0.3,5,2e-05,8,128
student_distilbert-base-uncased_fs1000_supp123_seed0_tau1.5_a0.7,student,distilbert-base-uncased,,0.9036842105263158,0.9032979344388373,66956548,3.653399933197458,255.42286682128906,0.9541539316476798,0,123,1000,1.5,0.7,5,2e-05,8,128
student_distilbert-base-uncased_fs1000_supp123_seed4_tau1.0_a0.5,student,distilbert-base-uncased,,0.9036842105263158,0.9038775874643051,66956548,3.4618182665629624,255.42286682128906,0.9541539316476798,4,123,1000,1.0,0.5,5,2e-05,8,128
student_distilbert-base-uncased_fs1000_supp123_seed6_tau1.0_a0.3,student,distilbert-base-uncased,,0.9035526315789474,0.9032711123593282,66956548,3.459133599729588,255.42286682128906,0.9540150041678244,6,123,1000,1.0,0.3,5,2e-05,8,128
student_distilbert-base-uncased_fs1000_supp123_seed8_tau1.5_a0.3,student,distilbert-base-uncased,,0.9035526315789474,0.9028570325852311,66956548,3.227990135201253,255.42286682128906,0.9540150041678244,8,123,1000,1.5,0.3,5,2e-05,8,128
student_distilbert-base-uncased_fs1000_supp123_seed0_tau3.0_a0.7,student,distilbert-base-uncased,,0.9034210526315789,0.9031953186139919,66956548,3.8761003335821442,255.42286682128906,0.9538760766879688,0,123,1000,3.0,0.7,5,2e-05,8,128
student_distilbert-base-uncased_fs1000_supp123_seed1_tau0.5_a0.5,student,distilbert-base-uncased,,0.9034210526315789,0.9035033311440066,66956548,3.7089919336722232,255.42286682128906,0.9538760766879688,1,123,1000,0.5,0.5,5,2e-05,8,128
student_distilbert-base-uncased_fs1000_supp123_seed6_tau0.1_a0.1,student,distilbert-base-uncased,,0.9034210526315789,0.9034774718362204,66956548,5.592497933927613,255.42286682128906,0.9538760766879688,6,123,1000,0.1,0.1,5,2e-05,8,128
student_distilbert-base-uncased_fs1000_supp123_seed6_tau1.5_a0.7,student,distilbert-base-uncased,,0.9034210526315789,0.9031623661390001,66956548,4.187630065522778,255.42286682128906,0.9538760766879688,6,123,1000,1.5,0.7,5,2e-05,8,128
student_distilbert-base-uncased_fs1000_supp123_seed0_tau1.5_a0.5,student,distilbert-base-uncased,,0.9032894736842105,0.9030871213278673,66956548,3.9093097332321727,255.42286682128906,0.9537371492081134,0,123,1000,1.5,0.5,5,2e-05,8,128
student_distilbert-base-uncased_fs1000_supp123_seed0_tau3.0_a0.9,student,distilbert-base-uncased,,0.9032894736842105,0.9028553933252401,66956548,3.9549606660633194,255.42286682128906,0.9537371492081134,0,123,1000,3.0,0.9,5,2e-05,8,128
student_distilbert-base-uncased_fs1000_supp123_seed7_tau3.0_a0.3,student,distilbert-base-uncased,,0.9032894736842105,0.9031340902953063,66956548,3.48587293313661,255.42286682128906,0.9537371492081134,7,123,1000,3.0,0.3,5,2e-05,8,128
student_distilbert-base-uncased_fs1000_supp123_seed1_tau0.5_a0.3,student,distilbert-base-uncased,,0.9031578947368422,0.9031494719653113,66956548,3.157304399064742,255.42286682128906,0.9535982217282578,1,123,1000,0.5,0.3,5,2e-05,8,128
student_distilbert-base-uncased_fs1000_supp123_seed3_tau2.5_a0.9,student,distilbert-base-uncased,,0.9031578947368422,0.9028519193749972,66956548,3.7532009329879656,255.42286682128906,0.9535982217282578,3,123,1000,2.5,0.9,5,2e-05,8,128
student_distilbert-base-uncased_fs1000_supp123_seed5_tau0.1_a0.9,student,distilbert-base-uncased,,0.9031578947368422,0.9029970093395318,66956548,5.069492134498432,255.42286682128906,0.9535982217282578,5,123,1000,0.1,0.9,5,2e-05,8,128
student_distilbert-base-uncased_fs1000_supp123_seed6_tau3.0_a0.3,student,distilbert-base-uncased,,0.9031578947368422,0.9027214786547493,66956548,4.299501333540927,255.42286682128906,0.9535982217282578,6,123,1000,3.0,0.3,5,2e-05,8,128
student_distilbert-base-uncased_fs1000_supp123_seed7_tau0.5_a0.5,student,distilbert-base-uncased,,0.9031578947368422,0.9031033539349841,66956548,3.4579281345941126,255.42286682128906,0.9535982217282578,7,123,1000,0.5,0.5,5,2e-05,8,128
student_distilbert-base-uncased_fs1000_supp123_seed1_tau0.1_a0.5,student,distilbert-base-uncased,,0.9030263157894737,0.9028501179460239,66956548,3.828177733036379,255.42286682128906,0.9534592942484023,1,123,1000,0.1,0.5,5,2e-05,8,128
student_distilbert-base-uncased_fs1000_supp123_seed2_tau1.5_a0.3,student,distilbert-base-uncased,,0.9030263157894737,0.9023921233517561,66956548,3.073347066917146,255.42286682128906,0.9534592942484023,2,123,1000,1.5,0.3,5,2e-05,8,128
student_distilbert-base-uncased_fs1000_supp123_seed9_tau2.0_a0.3,student,distilbert-base-uncased,,0.9030263157894737,0.9032929350412227,66956548,3.9899743996405355,255.42286682128906,0.9534592942484023,9,123,1000,2.0,0.3,5,2e-05,8,128
student_distilbert-base-uncased_fs1000_supp123_seed1_tau1.5_a0.7,student,distilbert-base-uncased,,0.9028947368421053,0.9028655839087548,66956548,4.458127132966183,255.42286682128906,0.9533203667685468,1,123,1000,1.5,0.7,5,2e-05,8,128
student_distilbert-base-uncased_fs1000_supp123_seed1_tau2.0_a0.9,student,distilbert-base-uncased,,0.9028947368421053,0.9026575127054608,66956548,4.5909008661207436,255.42286682128906,0.9533203667685468,1,123,1000,2.0,0.9,5,2e-05,8,128
student_distilbert-base-uncased_fs1000_supp123_seed2_tau1.5_a0.7,student,distilbert-base-uncased,,0.9028947368421053,0.9021994262411458,66956548,4.7747981346522765,255.42286682128906,0.9533203667685468,2,123,1000,1.5,0.7,5,2e-05,8,128
student_distilbert-base-uncased_fs1000_supp123_seed2_tau0.1_a0.9,student,distilbert-base-uncased,,0.9027631578947368,0.9023704145937298,66956548,3.15068946511019,255.42286682128906,0.9531814392886913,2,123,1000,0.1,0.9,5,2e-05,8,128
student_distilbert-base-uncased_fs1000_supp123_seed4_tau0.5_a0.1,student,distilbert-base-uncased,,0.9027631578947368,0.9022515020619228,66956548,3.665110599831678,255.42286682128906,0.9531814392886913,4,123,1000,0.5,0.1,5,2e-05,8,128
student_distilbert-base-uncased_fs1000_supp123_seed0_tau2.5_a0.7,student,distilbert-base-uncased,,0.9026315789473685,0.9022281672888472,66956548,3.7769330003357027,255.42286682128906,0.9530425118088358,0,123,1000,2.5,0.7,5,2e-05,8,128
student_distilbert-base-uncased_fs1000_supp123_seed2_tau0.5_a0.5,student,distilbert-base-uncased,,0.9026315789473685,0.902003258032926,66956548,3.063770333149781,255.42286682128906,0.9530425118088358,2,123,1000,0.5,0.5,5,2e-05,8,128
student_distilbert-base-uncased_fs1000_supp123_seed4_tau3.0_a0.9,student,distilbert-base-uncased,,0.9026315789473685,0.902464505410228,66956548,4.18061220019202,255.42286682128906,0.9530425118088358,4,123,1000,3.0,0.9,5,2e-05,8,128
student_distilbert-base-uncased_fs1000_supp123_seed7_tau0.1_a0.7,student,distilbert-base-uncased,,0.9026315789473685,0.9031160552584938,66956548,4.303942065841208,255.42286682128906,0.9530425118088358,7,123,1000,0.1,0.7,5,2e-05,8,128
student_distilbert-base-uncased_fs1000_supp123_seed2_tau3.0_a0.5,student,distilbert-base-uncased,,0.9025,0.9021186670200759,66956548,3.6341652662182846,255.42286682128906,0.9529035843289801,2,123,1000,3.0,0.5,5,2e-05,8,128
student_distilbert-base-uncased_fs1000_supp123_seed2_tau0.1_a0.5,student,distilbert-base-uncased,,0.9023684210526316,0.9024983873505459,66956548,3.267976065399125,255.42286682128906,0.9527646568491247,2,123,1000,0.1,0.5,5,2e-05,8,128
student_distilbert-base-uncased_fs1000_supp123_seed2_tau0.1_a0.7,student,distilbert-base-uncased,,0.9023684210526316,0.9022446808045695,66956548,3.0486769353350005,255.42286682128906,0.9527646568491247,2,123,1000,0.1,0.7,5,2e-05,8,128
student_distilbert-base-uncased_fs1000_supp123_seed2_tau3.0_a0.1,student,distilbert-base-uncased,,0.9023684210526316,0.902054902577961,66956548,3.1153209313439825,255.42286682128906,0.9527646568491247,2,123,1000,3.0,0.1,5,2e-05,8,128
student_distilbert-base-uncased_fs1000_supp123_seed6_tau1.0_a0.9,student,distilbert-base-uncased,,0.9023684210526316,0.9022549975183756,66956548,3.8478107317738854,255.42286682128906,0.9527646568491247,6,123,1000,1.0,0.9,5,2e-05,8,128
student_distilbert-base-uncased_fs1000_supp123_seed6_tau2.5_a0.7,student,distilbert-base-uncased,,0.9023684210526316,0.9022547062007364,66956548,3.42529206633723,255.42286682128906,0.9527646568491247,6,123,1000,2.5,0.7,5,2e-05,8,128
student_distilbert-base-uncased_fs1000_supp123_seed1_tau2.5_a0.9,student,distilbert-base-uncased,,0.9022368421052631,0.9023936945480848,66956548,3.904547200848659,255.42286682128906,0.9526257293692691,1,123,1000,2.5,0.9,5,2e-05,8,128
student_distilbert-base-uncased_fs1000_supp123_seed5_tau0.1_a0.5,student,distilbert-base-uncased,,0.9022368421052631,0.9023655940187765,66956548,3.805986667672793,255.42286682128906,0.9526257293692691,5,123,1000,0.1,0.5,5,2e-05,8,128
student_distilbert-base-uncased_fs1000_supp123_seed8_tau0.5_a0.1,student,distilbert-base-uncased,,0.9022368421052631,0.9014419838183014,66956548,3.698741198362162,255.42286682128906,0.9526257293692691,8,123,1000,0.5,0.1,5,2e-05,8,128
student_distilbert-base-uncased_fs1000_supp123_seed9_tau3.0_a0.1,student,distilbert-base-uncased,,0.9022368421052631,0.9023740174689276,66956548,4.109338127697508,255.42286682128906,0.9526257293692691,9,123,1000,3.0,0.1,5,2e-05,8,128
student_distilbert-base-uncased_fs1000_supp123_seed0_tau1.0_a0.3,student,distilbert-base-uncased,,0.9021052631578947,0.9018442417585507,66956548,3.535481200378854,255.42286682128906,0.9524868018894137,0,123,1000,1.0,0.3,5,2e-05,8,128
student_distilbert-base-uncased_fs1000_supp123_seed0_tau2.0_a0.9,student,distilbert-base-uncased,,0.9021052631578947,0.901955139269337,66956548,3.536456866277149,255.42286682128906,0.9524868018894137,0,123,1000,2.0,0.9,5,2e-05,8,128
student_distilbert-base-uncased_fs1000_supp123_seed0_tau0.1_a0.9,student,distilbert-base-uncased,,0.9019736842105263,0.9018408707918797,66956548,3.640888066486999,255.42286682128906,0.9523478744095581,0,123,1000,0.1,0.9,5,2e-05,8,128
student_distilbert-base-uncased_fs1000_supp123_seed3_tau0.5_a0.1,student,distilbert-base-uncased,,0.9019736842105263,0.9023320761300724,66956548,4.033502865543899,255.42286682128906,0.9523478744095581,3,123,1000,0.5,0.1,5,2e-05,8,128
student_distilbert-base-uncased_fs1000_supp123_seed4_tau0.1_a0.9,student,distilbert-base-uncased,,0.9019736842105263,0.9013459524547797,66956548,4.947573867199632,255.42286682128906,0.9523478744095581,4,123,1000,0.1,0.9,5,2e-05,8,128
student_distilbert-base-uncased_fs1000_supp123_seed0_tau2.0_a0.1,student,distilbert-base-uncased,,0.9018421052631579,0.9014781577540615,66956548,4.2260145336816395,255.42286682128906,0.9522089469297026,0,123,1000,2.0,0.1,5,2e-05,8,128
student_distilbert-base-uncased_fs1000_supp123_seed7_tau0.1_a0.9,student,distilbert-base-uncased,,0.9018421052631579,0.901764590330574,66956548,4.4155802694149315,255.42286682128906,0.9522089469297026,7,123,1000,0.1,0.9,5,2e-05,8,128
student_distilbert-base-uncased_fs1000_supp123_seed0_tau0.1_a0.3,student,distilbert-base-uncased,,0.9017105263157895,0.9009735233143157,66956548,4.030042999996415,255.42286682128906,0.9520700194498471,0,123,1000,0.1,0.3,5,2e-05,8,128
student_distilbert-base-uncased_fs1000_supp123_seed1_tau3.0_a0.9,student,distilbert-base-uncased,,0.9017105263157895,0.9013956575667486,66956548,4.1745692666154355,255.42286682128906,0.9520700194498471,1,123,1000,3.0,0.9,5,2e-05,8,128
student_distilbert-base-uncased_fs1000_supp123_seed6_tau0.1_a0.9,student,distilbert-base-uncased,,0.9017105263157895,0.9014779626058,66956548,3.9412472678426034,255.42286682128906,0.9520700194498471,6,123,1000,0.1,0.9,5,2e-05,8,128
student_distilbert-base-uncased_fs1000_supp123_seed8_tau2.5_a0.1,student,distilbert-base-uncased,,0.9017105263157895,0.9012210460183372,66956548,3.6607678019208834,255.42286682128906,0.9520700194498471,8,123,1000,2.5,0.1,5,2e-05,8,128
student_distilbert-base-uncased_fs1000_supp123_seed0_tau0.1_a0.1,student,distilbert-base-uncased,,0.901578947368421,0.9014343316910141,66956548,3.203704733217213,255.42286682128906,0.9519310919699916,0,123,1000,0.1,0.1,5,2e-05,8,128
student_distilbert-base-uncased_fs1000_supp123_seed2_tau2.0_a0.9,student,distilbert-base-uncased,,0.901578947368421,0.9011568954057717,66956548,4.2175235352866975,255.42286682128906,0.9519310919699916,2,123,1000,2.0,0.9,5,2e-05,8,128
student_distilbert-base-uncased_fs1000_supp123_seed3_tau2.0_a0.9,student,distilbert-base-uncased,,0.901578947368421,0.9010540216846936,66956548,4.139819534126825,255.42286682128906,0.9519310919699916,3,123,1000,2.0,0.9,5,2e-05,8,128
student_distilbert-base-uncased_fs1000_supp123_seed6_tau0.5_a0.3,student,distilbert-base-uncased,,0.901578947368421,0.9014760364574863,66956548,3.424403668032028,255.42286682128906,0.9519310919699916,6,123,1000,0.5,0.3,5,2e-05,8,128
student_distilbert-base-uncased_fs1000_supp123_seed6_tau0.5_a0.5,student,distilbert-base-uncased,,0.901578947368421,0.9014600713333443,66956548,3.3270495313142114,255.42286682128906,0.9519310919699916,6,123,1000,0.5,0.5,5,2e-05,8,128
student_distilbert-base-uncased_fs1000_supp123_seed0_tau1.5_a0.1,student,distilbert-base-uncased,,0.9013157894736842,0.9008257806250587,66956548,4.1117345994280186,255.42286682128906,0.9516532370102806,0,123,1000,1.5,0.1,5,2e-05,8,128
student_distilbert-base-uncased_fs1000_supp123_seed2_tau0.1_a0.1,student,distilbert-base-uncased,,0.9013157894736842,0.9011951150836401,66956548,4.847417335258797,255.42286682128906,0.9516532370102806,2,123,1000,0.1,0.1,5,2e-05,8,128
student_distilbert-base-uncased_fs1000_supp123_seed2_tau0.1_a0.3,student,distilbert-base-uncased,,0.9013157894736842,0.9014257998029549,66956548,3.085756466801589,255.42286682128906,0.9516532370102806,2,123,1000,0.1,0.3,5,2e-05,8,128
student_distilbert-base-uncased_fs1000_supp123_seed6_tau2.5_a0.1,student,distilbert-base-uncased,,0.9011842105263158,0.900932910895814,66956548,3.908050864508065,255.42286682128906,0.951514309530425,6,123,1000,2.5,0.1,5,2e-05,8,128
student_distilbert-base-uncased_fs1000_supp123_seed9_tau3.0_a0.5,student,distilbert-base-uncased,,0.900921052631579,0.9008336436610944,66956548,4.631343868095428,255.42286682128906,0.951236454570714,9,123,1000,3.0,0.5,5,2e-05,8,128
student_distilbert-base-uncased_fs1000_supp123_seed6_tau0.1_a0.7,student,distilbert-base-uncased,,0.9007894736842105,0.9006884936801932,66956548,3.301950666354969,255.42286682128906,0.9510975270908585,6,123,1000,0.1,0.7,5,2e-05,8,128
student_distilbert-base-uncased_fs1000_supp123_seed7_tau0.5_a0.9,student,distilbert-base-uncased,,0.9007894736842105,0.9007508156243346,66956548,3.529059267990912,255.42286682128906,0.9510975270908585,7,123,1000,0.5,0.9,5,2e-05,8,128
student_distilbert-base-uncased_fs1000_supp123_seed3_tau1.0_a0.5,student,distilbert-base-uncased,,0.9006578947368421,0.900192044472606,66956548,4.2665887318435125,255.42286682128906,0.950958599611003,3,123,1000,1.0,0.5,5,2e-05,8,128
student_distilbert-base-uncased_fs1000_supp123_seed8_tau3.0_a0.3,student,distilbert-base-uncased,,0.9006578947368421,0.9003800960228641,66956548,4.9191283993422985,255.42286682128906,0.950958599611003,8,123,1000,3.0,0.3,5,2e-05,8,128
student_distilbert-base-uncased_fs1000_supp123_seed1_tau0.5_a0.7,student,distilbert-base-uncased,,0.9005263157894737,0.9001470818014923,66956548,4.817209667817224,255.42286682128906,0.9508196721311476,1,123,1000,0.5,0.7,5,2e-05,8,128
student_distilbert-base-uncased_fs1000_supp123_seed8_tau2.5_a0.3,student,distilbert-base-uncased,,0.9005263157894737,0.9001282703436956,66956548,3.9847295983539275,255.42286682128906,0.9508196721311476,8,123,1000,2.5,0.3,5,2e-05,8,128
student_distilbert-base-uncased_fs1000_supp123_seed2_tau1.5_a0.9,student,distilbert-base-uncased,,0.9003947368421052,0.9000107504669472,66956548,3.1230545311700553,255.42286682128906,0.9506807446512919,2,123,1000,1.5,0.9,5,2e-05,8,128
student_distilbert-base-uncased_fs1000_supp123_seed3_tau1.5_a0.9,student,distilbert-base-uncased,,0.9003947368421052,0.8998863262172994,66956548,3.7550943336100318,255.42286682128906,0.9506807446512919,3,123,1000,1.5,0.9,5,2e-05,8,128
student_distilbert-base-uncased_fs1000_supp123_seed6_tau2.5_a0.9,student,distilbert-base-uncased,,0.9003947368421052,0.9001927174370516,66956548,3.9436949349086112,255.42286682128906,0.9506807446512919,6,123,1000,2.5,0.9,5,2e-05,8,128
student_distilbert-base-uncased_fs1000_supp123_seed7_tau3.0_a0.1,student,distilbert-base-uncased,,0.9002631578947369,0.9000543564826952,66956548,5.165015132903743,255.42286682128906,0.9505418171714365,7,123,1000,3.0,0.1,5,2e-05,8,128
student_distilbert-base-uncased_fs1000_supp123_seed3_tau1.0_a0.1,student,distilbert-base-uncased,,0.9001315789473684,0.8997374509197634,66956548,3.7079541332786903,255.42286682128906,0.9504028896915809,3,123,1000,1.0,0.1,5,2e-05,8,128
student_distilbert-base-uncased_fs1000_supp123_seed8_tau1.5_a0.1,student,distilbert-base-uncased,,0.8997368421052632,0.8989817534757223,66956548,3.5316050644420707,255.42286682128906,0.9499861072520144,8,123,1000,1.5,0.1,5,2e-05,8,128
student_distilbert-base-uncased_fs1000_supp123_seed9_tau0.1_a0.3,student,distilbert-base-uncased,,0.8997368421052632,0.8999774385088422,66956548,4.608425397115449,255.42286682128906,0.9499861072520144,9,123,1000,0.1,0.3,5,2e-05,8,128
student_distilbert-base-uncased_fs1000_supp123_seed0_tau0.5_a0.3,student,distilbert-base-uncased,,0.8996052631578947,0.898976638801105,66956548,3.5243651997006964,255.42286682128906,0.9498471797721588,0,123,1000,0.5,0.3,5,2e-05,8,128
student_distilbert-base-uncased_fs1000_supp123_seed5_tau0.1_a0.7,student,distilbert-base-uncased,,0.8996052631578947,0.8992860533910138,66956548,3.3830435354805863,255.42286682128906,0.9498471797721588,5,123,1000,0.1,0.7,5,2e-05,8,128
student_distilbert-base-uncased_fs1000_supp123_seed8_tau2.0_a0.1,student,distilbert-base-uncased,,0.8996052631578947,0.8989839648555774,66956548,4.195821599569172,255.42286682128906,0.9498471797721588,8,123,1000,2.0,0.1,5,2e-05,8,128
student_distilbert-base-uncased_fs1000_supp123_seed9_tau0.5_a0.7,student,distilbert-base-uncased,,0.8996052631578947,0.8996000550742629,66956548,3.84215980496568,255.42286682128906,0.9498471797721588,9,123,1000,0.5,0.7,5,2e-05,8,128
student_distilbert-base-uncased_fs1000_supp123_seed4_tau0.1_a0.5,student,distilbert-base-uncased,,0.8994736842105263,0.8997073322166196,66956548,3.2970420657269037,255.42286682128906,0.9497082522923034,4,123,1000,0.1,0.5,5,2e-05,8,128
student_distilbert-base-uncased_fs1000_supp123_seed6_tau2.0_a0.7,student,distilbert-base-uncased,,0.8994736842105263,0.899161704846891,66956548,4.48209413443692,255.42286682128906,0.9497082522923034,6,123,1000,2.0,0.7,5,2e-05,8,128
student_distilbert-base-uncased_fs1000_supp123_seed6_tau1.5_a0.5,student,distilbert-base-uncased,,0.8992105263157895,0.8995157542605456,66956548,4.070030266302638,255.42286682128906,0.9494303973325924,6,123,1000,1.5,0.5,5,2e-05,8,128
student_distilbert-base-uncased_fs1000_supp123_seed9_tau0.5_a0.9,student,distilbert-base-uncased,,0.8990789473684211,0.8989219870647303,66956548,3.770933800842613,255.42286682128906,0.9492914698527368,9,123,1000,0.5,0.9,5,2e-05,8,128
student_distilbert-base-uncased_fs1000_supp123_seed3_tau1.0_a0.9,student,distilbert-base-uncased,,0.8988157894736842,0.8983588069499473,66956548,3.6207958667849502,255.42286682128906,0.9490136148930258,3,123,1000,1.0,0.9,5,2e-05,8,128
student_distilbert-base-uncased_fs1000_supp123_seed2_tau2.5_a0.9,student,distilbert-base-uncased,,0.8986842105263158,0.8984459772249205,66956548,4.2556482027672855,255.42286682128906,0.9488746874131703,2,123,1000,2.5,0.9,5,2e-05,8,128
student_distilbert-base-uncased_fs1000_supp123_seed0_tau0.5_a0.9,student,distilbert-base-uncased,,0.8985526315789474,0.8983814860548036,66956548,3.148029066990906,255.42286682128906,0.9487357599333148,0,123,1000,0.5,0.9,5,2e-05,8,128
student_distilbert-base-uncased_fs1000_supp123_seed1_tau0.1_a0.9,student,distilbert-base-uncased,,0.8985526315789474,0.89852034571043,66956548,4.8076073998042075,255.42286682128906,0.9487357599333148,1,123,1000,0.1,0.9,5,2e-05,8,128
student_distilbert-base-uncased_fs1000_supp123_seed4_tau1.0_a0.7,student,distilbert-base-uncased,,0.8985526315789474,0.8987623452441393,66956548,3.4749061334878206,255.42286682128906,0.9487357599333148,4,123,1000,1.0,0.7,5,2e-05,8,128
student_distilbert-base-uncased_fs1000_supp123_seed2_tau3.0_a0.9,student,distilbert-base-uncased,,0.8984210526315789,0.8979125505597543,66956548,3.7371513327040398,255.42286682128906,0.9485968324534592,2,123,1000,3.0,0.9,5,2e-05,8,128
student_distilbert-base-uncased_fs1000_supp123_seed7_tau0.1_a0.3,student,distilbert-base-uncased,,0.8982894736842105,0.8987877056604071,66956548,5.830050399526954,255.42286682128906,0.9484579049736037,7,123,1000,0.1,0.3,5,2e-05,8,128
student_distilbert-base-uncased_fs1000_supp123_seed1_tau1.0_a0.9,student,distilbert-base-uncased,,0.8980263157894737,0.8979268350082067,66956548,4.455274067004211,255.42286682128906,0.9481800500138927,1,123,1000,1.0,0.9,5,2e-05,8,128
student_distilbert-base-uncased_fs1000_supp123_seed2_tau0.5_a0.7,student,distilbert-base-uncased,,0.8980263157894737,0.8983533667115585,66956548,3.4097950003342703,255.42286682128906,0.9481800500138927,2,123,1000,0.5,0.7,5,2e-05,8,128
student_distilbert-base-uncased_fs1000_supp123_seed2_tau0.5_a0.9,student,distilbert-base-uncased,,0.8976315789473684,0.8970700441273114,66956548,4.48579860094469,255.42286682128906,0.9477632675743262,2,123,1000,0.5,0.9,5,2e-05,8,128
student_distilbert-base-uncased_fs1000_supp123_seed9_tau0.1_a0.5,student,distilbert-base-uncased,,0.8976315789473684,0.8978265276282575,66956548,3.4229092008899897,255.42286682128906,0.9477632675743262,9,123,1000,0.1,0.5,5,2e-05,8,128
student_distilbert-base-uncased_fs1000_supp123_seed3_tau0.1_a0.5,student,distilbert-base-uncased,,0.8975,0.8976710545845904,66956548,3.621347800556881,255.42286682128906,0.9476243400944706,3,123,1000,0.1,0.5,5,2e-05,8,128
student_distilbert-base-uncased_fs1000_supp123_seed6_tau1.5_a0.9,student,distilbert-base-uncased,,0.8975,0.8972522034943764,66956548,4.075217734983501,255.42286682128906,0.9476243400944706,6,123,1000,1.5,0.9,5,2e-05,8,128
student_distilbert-base-uncased_fs1000_supp123_seed8_tau0.1_a0.7,student,distilbert-base-uncased,,0.8975,0.8965106048236865,66956548,4.684073997971912,255.42286682128906,0.9476243400944706,8,123,1000,0.1,0.7,5,2e-05,8,128
student_distilbert-base-uncased_fs1000_supp123_seed7_tau2.5_a0.1,student,distilbert-base-uncased,,0.8973684210526316,0.8969521645360957,66956548,3.7071528660211093,255.42286682128906,0.9474854126146152,7,123,1000,2.5,0.1,5,2e-05,8,128
student_distilbert-base-uncased_fs1000_supp123_seed8_tau3.0_a0.1,student,distilbert-base-uncased,,0.8973684210526316,0.8968904699443222,66956548,3.8724182018389306,255.42286682128906,0.9474854126146152,8,123,1000,3.0,0.1,5,2e-05,8,128
student_distilbert-base-uncased_fs1000_supp123_seed0_tau1.0_a0.7,student,distilbert-base-uncased,,0.8968421052631579,0.8961987524184385,66956548,3.3101288002702254,255.42286682128906,0.946929702695193,0,123,1000,1.0,0.7,5,2e-05,8,128
student_distilbert-base-uncased_fs1000_supp123_seed4_tau1.0_a0.9,student,distilbert-base-uncased,,0.8967105263157895,0.8962253460952898,66956548,3.771822866110597,255.42286682128906,0.9467907752153376,4,123,1000,1.0,0.9,5,2e-05,8,128
student_distilbert-base-uncased_fs1000_supp123_seed8_tau0.1_a0.5,student,distilbert-base-uncased,,0.8967105263157895,0.896325776215203,66956548,3.7201875985677666,255.42286682128906,0.9467907752153376,8,123,1000,0.1,0.5,5,2e-05,8,128
student_distilbert-base-uncased_fs1000_supp123_seed0_tau0.1_a0.7,student,distilbert-base-uncased,,0.896578947368421,0.8964939114202212,66956548,2.9951884001396443,255.42286682128906,0.946651847735482,0,123,1000,0.1,0.7,5,2e-05,8,128
student_distilbert-base-uncased_fs1000_supp123_seed4_tau0.1_a0.3,student,distilbert-base-uncased,,0.896578947368421,0.8962423512388954,66956548,4.373885799820225,255.42286682128906,0.946651847735482,4,123,1000,0.1,0.3,5,2e-05,8,128
student_distilbert-base-uncased_fs1000_supp123_seed3_tau0.5_a0.7,student,distilbert-base-uncased,,0.8964473684210527,0.8966506846813364,66956548,3.5067518008872867,255.42286682128906,0.9465129202556265,3,123,1000,0.5,0.7,5,2e-05,8,128
student_distilbert-base-uncased_fs1000_supp123_seed7_tau0.1_a0.5,student,distilbert-base-uncased,,0.8964473684210527,0.8970899607317476,66956548,3.422309064383929,255.42286682128906,0.9465129202556265,7,123,1000,0.1,0.5,5,2e-05,8,128
student_distilbert-base-uncased_fs1000_supp123_seed3_tau0.1_a0.9,student,distilbert-base-uncased,,0.8963157894736842,0.8959836903552086,66956548,4.034208665446688,255.42286682128906,0.946373992775771,3,123,1000,0.1,0.9,5,2e-05,8,128
student_distilbert-base-uncased_fs1000_supp123_seed7_tau1.5_a0.9,student,distilbert-base-uncased,,0.8963157894736842,0.8963872839710428,66956548,3.6881775983298817,255.42286682128906,0.946373992775771,7,123,1000,1.5,0.9,5,2e-05,8,128
student_distilbert-base-uncased_fs1000_supp123_seed0_tau1.0_a0.5,student,distilbert-base-uncased,,0.8961842105263158,0.8957289850123703,66956548,3.5015679995315927,255.42286682128906,0.9462350652959155,0,123,1000,1.0,0.5,5,2e-05,8,128
student_distilbert-base-uncased_fs1000_supp123_seed5_tau0.5_a0.7,student,distilbert-base-uncased,,0.8961842105263158,0.8948133060790402,66956548,6.365757799358107,255.42286682128906,0.9462350652959155,5,123,1000,0.5,0.7,5,2e-05,8,128
student_distilbert-base-uncased_fs1000_supp123_seed9_tau0.1_a0.7,student,distilbert-base-uncased,,0.8961842105263158,0.8963472765767679,66956548,4.009319473213206,255.42286682128906,0.9462350652959155,9,123,1000,0.1,0.7,5,2e-05,8,128
student_distilbert-base-uncased_fs1000_supp123_seed6_tau0.5_a0.1,student,distilbert-base-uncased,,0.8960526315789473,0.8958772729154622,66956548,4.952089466193381,255.42286682128906,0.94609613781606,6,123,1000,0.5,0.1,5,2e-05,8,128
student_distilbert-base-uncased_fs1000_supp123_seed6_tau2.0_a0.9,student,distilbert-base-uncased,,0.895921052631579,0.8962575870226702,66956548,4.250011866679415,255.42286682128906,0.9459572103362045,6,123,1000,2.0,0.9,5,2e-05,8,128
student_distilbert-base-uncased_fs1000_supp123_seed1_tau0.1_a0.7,student,distilbert-base-uncased,,0.8957894736842106,0.8959248130391065,66956548,4.513956599112134,255.42286682128906,0.945818282856349,1,123,1000,0.1,0.7,5,2e-05,8,128
student_distilbert-base-uncased_fs1000_supp123_seed1_tau0.1_a0.3,student,distilbert-base-uncased,,0.8956578947368421,0.895996366421334,66956548,3.5957694005143517,255.42286682128906,0.9456793553764934,1,123,1000,0.1,0.3,5,2e-05,8,128
student_distilbert-base-uncased_fs1000_supp123_seed0_tau1.5_a0.9,student,distilbert-base-uncased,,0.8943421052631579,0.893322874027894,66956548,3.230110866813144,255.42286682128906,0.9442900805779383,0,123,1000,1.5,0.9,5,2e-05,8,128
student_distilbert-base-uncased_fs1000_supp123_seed3_tau3.0_a0.9,student,distilbert-base-uncased,,0.8942105263157895,0.8940816928459546,66956548,5.190097934003764,255.42286682128906,0.9441511530980827,3,123,1000,3.0,0.9,5,2e-05,8,128
student_distilbert-base-uncased_fs1000_supp123_seed1_tau1.5_a0.9,student,distilbert-base-uncased,,0.8938157894736842,0.8939778246858923,66956548,4.466378667469447,255.42286682128906,0.9437343706585162,1,123,1000,1.5,0.9,5,2e-05,8,128
student_distilbert-base-uncased_fs1000_supp123_seed4_tau0.5_a0.7,student,distilbert-base-uncased,,0.8926315789473684,0.8908773573038501,66956548,3.3110439995652996,255.42286682128906,0.9424840233398166,4,123,1000,0.5,0.7,5,2e-05,8,128
student_distilbert-base-uncased_fs1000_supp123_seed9_tau1.5_a0.9,student,distilbert-base-uncased,,0.8923684210526316,0.8929047062927822,66956548,3.5859257952931025,255.42286682128906,0.9422061683801055,9,123,1000,1.5,0.9,5,2e-05,8,128
student_distilbert-base-uncased_fs1000_supp123_seed3_tau1.0_a0.7,student,distilbert-base-uncased,,0.8919736842105264,0.8906052918347442,66956548,3.748093534280391,255.42286682128906,0.9417893859405391,3,123,1000,1.0,0.7,5,2e-05,8,128
student_distilbert-base-uncased_fs1000_supp123_seed7_tau0.5_a0.7,student,distilbert-base-uncased,,0.8903947368421052,0.8891335553374485,66956548,5.150220666352349,255.42286682128906,0.9401222561822727,7,123,1000,0.5,0.7,5,2e-05,8,128
student_distilbert-base-uncased_fs1000_supp123_seed4_tau0.1_a0.1,student,distilbert-base-uncased,,0.89,0.8896264866483916,66956548,4.253892132934804,255.42286682128906,0.9397054737427063,4,123,1000,0.1,0.1,5,2e-05,8,128
student_distilbert-base-uncased_fs1000_supp123_seed3_tau0.5_a0.9,student,distilbert-base-uncased,,0.8885526315789474,0.8865827845961743,66956548,3.750135134517526,255.42286682128906,0.9381772714642956,3,123,1000,0.5,0.9,5,2e-05,8,128
student_distilbert-base-uncased_fs1000_supp123_seed2_tau1.0_a0.7,student,distilbert-base-uncased,,0.8882894736842105,0.8877140718372536,66956548,4.111785930581391,255.42286682128906,0.9378994165045845,2,123,1000,1.0,0.7,5,2e-05,8,128
student_distilbert-base-uncased_fs1000_supp123_seed9_tau1.0_a0.9,student,distilbert-base-uncased,,0.8859210526315789,0.8869066703811763,66956548,4.299468261888251,255.42286682128906,0.9353987218671853,9,123,1000,1.0,0.9,5,2e-05,8,128
student_distilbert-base-uncased_fs1000_supp123_seed3_tau0.1_a0.7,student,distilbert-base-uncased,,0.8835526315789474,0.8822134840495139,66956548,3.314894267047445,255.42286682128906,0.932898027229786,3,123,1000,0.1,0.7,5,2e-05,8,128
student_distilbert-base-uncased_fs1000_supp123_seed3_tau0.5_a0.5,student,distilbert-base-uncased,,0.8827631578947368,0.8804717875674604,66956548,4.770566533261444,255.42286682128906,0.9320644623506529,3,123,1000,0.5,0.5,5,2e-05,8,128
student_distilbert-base-uncased_fs1000_supp123_seed3_tau0.1_a0.3,student,distilbert-base-uncased,,0.8823684210526316,0.8804217494533506,66956548,3.8367890010704286,255.42286682128906,0.9316476799110863,3,123,1000,0.1,0.3,5,2e-05,8,128
student_distilbert-base-uncased_fs100_supp123_seed4_tau1.5_a0.1,student,distilbert-base-uncased,,0.8763157894736842,0.8759950301015185,66956548,3.4248831330235894,255.42286682128906,0.9252570158377326,4,123,100,1.5,0.1,5,2e-05,8,128
student_distilbert-base-uncased_fs100_supp123_seed4_tau3.0_a0.1,student,distilbert-base-uncased,,0.8763157894736842,0.875993551487639,66956548,6.092537200553731,255.42286682128906,0.9252570158377326,4,123,100,3.0,0.1,5,2e-05,8,128
student_distilbert-base-uncased_fs100_supp123_seed4_tau1.0_a0.1,student,distilbert-base-uncased,,0.8760526315789474,0.8757435440956607,66956548,3.6590604002412874,255.42286682128906,0.9249791608780217,4,123,100,1.0,0.1,5,2e-05,8,128
student_distilbert-base-uncased_fs100_supp123_seed4_tau2.5_a0.1,student,distilbert-base-uncased,,0.8760526315789474,0.8757439223843463,66956548,3.455067266865323,255.42286682128906,0.9249791608780217,4,123,100,2.5,0.1,5,2e-05,8,128
student_distilbert-base-uncased_fs100_supp123_seed4_tau2.0_a0.1,student,distilbert-base-uncased,,0.8757894736842106,0.8754535431636576,66956548,3.4031868667322365,255.42286682128906,0.9247013059183107,4,123,100,2.0,0.1,5,2e-05,8,128
student_distilbert-base-uncased_fs100_supp123_seed6_tau0.1_a0.7,student,distilbert-base-uncased,,0.875,0.8748529931786673,66956548,4.438405532952554,255.42286682128906,0.9238677410391775,6,123,100,0.1,0.7,5,2e-05,8,128
student_distilbert-base-uncased_fs100_supp123_seed4_tau2.5_a0.3,student,distilbert-base-uncased,,0.8739473684210526,0.8734812809810022,66956548,3.44474360026652,255.42286682128906,0.9227563212003334,4,123,100,2.5,0.3,5,2e-05,8,128
student_distilbert-base-uncased_fs100_supp123_seed4_tau3.0_a0.3,student,distilbert-base-uncased,,0.873421052631579,0.8729148702538916,66956548,3.787453399854712,255.42286682128906,0.9222006112809114,4,123,100,3.0,0.3,5,2e-05,8,128
student_distilbert-base-uncased_fs100_supp123_seed4_tau1.5_a0.3,student,distilbert-base-uncased,,0.8732894736842105,0.8727815939215848,66956548,4.460569266666425,255.42286682128906,0.9220616838010558,4,123,100,1.5,0.3,5,2e-05,8,128
student_distilbert-base-uncased_fs100_supp123_seed4_tau2.0_a0.3,student,distilbert-base-uncased,,0.8731578947368421,0.8726357575993916,66956548,3.654353333210262,255.42286682128906,0.9219227563212004,4,123,100,2.0,0.3,5,2e-05,8,128
student_distilbert-base-uncased_fs100_supp123_seed6_tau0.1_a0.9,student,distilbert-base-uncased,,0.8727631578947368,0.8728863375482163,66956548,3.251727732761841,255.42286682128906,0.9215059738816337,6,123,100,0.1,0.9,5,2e-05,8,128
student_distilbert-base-uncased_fs100_supp123_seed4_tau0.5_a0.1,student,distilbert-base-uncased,,0.8726315789473684,0.872313909404574,66956548,3.6829420663707424,255.42286682128906,0.9213670464017782,4,123,100,0.5,0.1,5,2e-05,8,128
student_distilbert-base-uncased_fs100_supp123_seed6_tau0.1_a0.5,student,distilbert-base-uncased,,0.8726315789473684,0.8725017588530288,66956548,3.3383907333094007,255.42286682128906,0.9213670464017782,6,123,100,0.1,0.5,5,2e-05,8,128
student_distilbert-base-uncased_fs100_supp123_seed3_tau0.5_a0.1,student,distilbert-base-uncased,,0.8725,0.872077726162924,66956548,3.64523826635074,255.42286682128906,0.9212281189219228,3,123,100,0.5,0.1,5,2e-05,8,128
student_distilbert-base-uncased_fs100_supp123_seed3_tau0.5_a0.5,student,distilbert-base-uncased,,0.871578947368421,0.8713927637388671,66956548,3.2322064666611063,255.42286682128906,0.920255626562934,3,123,100,0.5,0.5,5,2e-05,8,128
student_distilbert-base-uncased_fs100_supp123_seed9_tau1.0_a0.3,student,distilbert-base-uncased,,0.8714473684210526,0.8707540876615858,66956548,3.2259291338656717,255.42286682128906,0.9201166990830786,9,123,100,1.0,0.3,5,2e-05,8,128
student_distilbert-base-uncased_fs100_supp123_seed9_tau0.1_a0.3,student,distilbert-base-uncased,,0.8710526315789474,0.8705034148060049,66956548,3.8248105338425376,255.42286682128906,0.9196999166435121,9,123,100,0.1,0.3,5,2e-05,8,128
student_distilbert-base-uncased_fs100_supp123_seed3_tau2.5_a0.1,student,distilbert-base-uncased,,0.8709210526315789,0.8703378691268616,66956548,3.7595310668014768,255.42286682128906,0.9195609891636565,3,123,100,2.5,0.1,5,2e-05,8,128
student_distilbert-base-uncased_fs100_supp123_seed9_tau1.5_a0.3,student,distilbert-base-uncased,,0.8709210526315789,0.8702442999179865,66956548,5.300416000924694,255.42286682128906,0.9195609891636565,9,123,100,1.5,0.3,5,2e-05,8,128
student_distilbert-base-uncased_fs100_supp123_seed3_tau2.5_a0.7,student,distilbert-base-uncased,,0.8707894736842106,0.870762292493803,66956548,3.2584344000497367,255.42286682128906,0.919422061683801,3,123,100,2.5,0.7,5,2e-05,8,128
student_distilbert-base-uncased_fs100_supp123_seed8_tau1.5_a0.7,student,distilbert-base-uncased,,0.8707894736842106,0.8705451636883683,66956548,4.466074865680032,255.42286682128906,0.919422061683801,8,123,100,1.5,0.7,5,2e-05,8,128
student_distilbert-base-uncased_fs100_supp123_seed9_tau2.5_a0.5,student,distilbert-base-uncased,,0.8707894736842106,0.8699337032162621,66956548,3.1744160670010992,255.42286682128906,0.919422061683801,9,123,100,2.5,0.5,5,2e-05,8,128
student_distilbert-base-uncased_fs100_supp123_seed8_tau3.0_a0.5,student,distilbert-base-uncased,,0.8706578947368421,0.8702775133509598,66956548,3.569993534377621,255.42286682128906,0.9192831342039455,8,123,100,3.0,0.5,5,2e-05,8,128
student_distilbert-base-uncased_fs100_supp123_seed9_tau0.5_a0.1,student,distilbert-base-uncased,,0.8706578947368421,0.8701415087172637,66956548,4.713619332081483,255.42286682128906,0.9192831342039455,9,123,100,0.5,0.1,5,2e-05,8,128
student_distilbert-base-uncased_fs100_supp123_seed3_tau0.5_a0.7,student,distilbert-base-uncased,,0.8705263157894737,0.8702481125199991,66956548,4.6967736000321265,255.42286682128906,0.91914420672409,3,123,100,0.5,0.7,5,2e-05,8,128
student_distilbert-base-uncased_fs100_supp123_seed8_tau2.5_a0.5,student,distilbert-base-uncased,,0.8705263157894737,0.8701619467979771,66956548,3.0938693322241306,255.42286682128906,0.91914420672409,8,123,100,2.5,0.5,5,2e-05,8,128
student_distilbert-base-uncased_fs100_supp123_seed9_tau1.0_a0.5,student,distilbert-base-uncased,,0.8705263157894737,0.8696209118439383,66956548,4.235652132774703,255.42286682128906,0.91914420672409,9,123,100,1.0,0.5,5,2e-05,8,128
student_distilbert-base-uncased_fs100_supp123_seed9_tau2.0_a0.3,student,distilbert-base-uncased,,0.8705263157894737,0.8699391597302228,66956548,3.3574296001461335,255.42286682128906,0.91914420672409,9,123,100,2.0,0.3,5,2e-05,8,128
student_distilbert-base-uncased_fs100_supp123_seed9_tau3.0_a0.3,student,distilbert-base-uncased,,0.8705263157894737,0.869962708597924,66956548,3.6709010664102,255.42286682128906,0.91914420672409,9,123,100,3.0,0.3,5,2e-05,8,128
student_distilbert-base-uncased_fs100_supp123_seed8_tau0.1_a0.9,student,distilbert-base-uncased,,0.8703947368421052,0.8701010697442613,66956548,3.437598600188115,255.42286682128906,0.9190052792442345,8,123,100,0.1,0.9,5,2e-05,8,128
student_distilbert-base-uncased_fs100_supp123_seed8_tau1.0_a0.7,student,distilbert-base-uncased,,0.8703947368421052,0.8702181594788727,66956548,4.638747666710212,255.42286682128906,0.9190052792442345,8,123,100,1.0,0.7,5,2e-05,8,128
student_distilbert-base-uncased_fs100_supp123_seed9_tau2.0_a0.5,student,distilbert-base-uncased,,0.8703947368421052,0.8695107810895893,66956548,4.037924599348723,255.42286682128906,0.9190052792442345,9,123,100,2.0,0.5,5,2e-05,8,128
student_distilbert-base-uncased_fs100_supp123_seed9_tau2.5_a0.3,student,distilbert-base-uncased,,0.8703947368421052,0.8697976671737389,66956548,3.2129078657211116,255.42286682128906,0.9190052792442345,9,123,100,2.5,0.3,5,2e-05,8,128
student_distilbert-base-uncased_fs100_supp123_seed9_tau3.0_a0.5,student,distilbert-base-uncased,,0.8703947368421052,0.8695422076390243,66956548,3.8434886664617807,255.42286682128906,0.9190052792442345,9,123,100,3.0,0.5,5,2e-05,8,128
student_distilbert-base-uncased_fs100_supp123_seed3_tau1.5_a0.7,student,distilbert-base-uncased,,0.8702631578947368,0.8702815526801789,66956548,3.362155666885277,255.42286682128906,0.9188663517643789,3,123,100,1.5,0.7,5,2e-05,8,128
student_distilbert-base-uncased_fs100_supp123_seed3_tau2.0_a0.7,student,distilbert-base-uncased,,0.8702631578947368,0.870160726611804,66956548,3.685965866437376,255.42286682128906,0.9188663517643789,3,123,100,2.0,0.7,5,2e-05,8,128
student_distilbert-base-uncased_fs100_supp123_seed8_tau2.0_a0.7,student,distilbert-base-uncased,,0.8702631578947368,0.8700943470871414,66956548,3.6767353318282403,255.42286682128906,0.9188663517643789,8,123,100,2.0,0.7,5,2e-05,8,128
student_distilbert-base-uncased_fs100_supp123_seed4_tau0.5_a0.5,student,distilbert-base-uncased,,0.8701315789473684,0.8699047404286898,66956548,3.9228741336652697,255.42286682128906,0.9187274242845234,4,123,100,0.5,0.5,5,2e-05,8,128
student_distilbert-base-uncased_fs100_supp123_seed7_tau1.5_a0.9,student,distilbert-base-uncased,,0.8701315789473684,0.8698846784420675,66956548,3.0613398002363588,255.42286682128906,0.9187274242845234,7,123,100,1.5,0.9,5,2e-05,8,128
student_distilbert-base-uncased_fs100_supp123_seed8_tau1.0_a0.3,student,distilbert-base-uncased,,0.8701315789473684,0.8697838780116616,66956548,3.335324268361243,255.42286682128906,0.9187274242845234,8,123,100,1.0,0.3,5,2e-05,8,128
student_distilbert-base-uncased_fs100_supp123_seed8_tau2.0_a0.5,student,distilbert-base-uncased,,0.8701315789473684,0.8697713869135983,66956548,3.3235604656510986,255.42286682128906,0.9187274242845234,8,123,100,2.0,0.5,5,2e-05,8,128
student_distilbert-base-uncased_fs100_supp123_seed9_tau1.5_a0.5,student,distilbert-base-uncased,,0.8701315789473684,0.8691519570394776,66956548,4.775147334051629,255.42286682128906,0.9187274242845234,9,123,100,1.5,0.5,5,2e-05,8,128
student_distilbert-base-uncased_fs100_supp123_seed4_tau1.0_a0.3,student,distilbert-base-uncased,,0.87,0.8693116539684586,66956548,3.399286999774631,255.42286682128906,0.9185884968046679,4,123,100,1.0,0.3,5,2e-05,8,128
student_distilbert-base-uncased_fs100_supp123_seed6_tau0.5_a0.7,student,distilbert-base-uncased,,0.87,0.8695297335907415,66956548,3.999456266804676,255.42286682128906,0.9185884968046679,6,123,100,0.5,0.7,5,2e-05,8,128
student_distilbert-base-uncased_fs100_supp123_seed8_tau1.5_a0.5,student,distilbert-base-uncased,,0.87,0.8696511163861574,66956548,3.2617297998513095,255.42286682128906,0.9185884968046679,8,123,100,1.5,0.5,5,2e-05,8,128
student_distilbert-base-uncased_fs100_supp123_seed9_tau3.0_a0.1,student,distilbert-base-uncased,,0.87,0.8692729812104808,66956548,3.8329315323305004,255.42286682128906,0.9185884968046679,9,123,100,3.0,0.1,5,2e-05,8,128
student_distilbert-base-uncased_fs100_supp123_seed1_tau0.1_a0.1,student,distilbert-base-uncased,,0.8698684210526316,0.8690738026374606,66956548,3.428331600055875,255.42286682128906,0.9184495693248125,1,123,100,0.1,0.1,5,2e-05,8,128
student_distilbert-base-uncased_fs100_supp123_seed1_tau2.5_a0.9,student,distilbert-base-uncased,,0.8698684210526316,0.8691340751477783,66956548,3.462529265865063,255.42286682128906,0.9184495693248125,1,123,100,2.5,0.9,5,2e-05,8,128
student_distilbert-base-uncased_fs100_supp123_seed3_tau0.1_a0.5,student,distilbert-base-uncased,,0.8698684210526316,0.8698807866522195,66956548,3.2809999998183534,255.42286682128906,0.9184495693248125,3,123,100,0.1,0.5,5,2e-05,8,128
student_distilbert-base-uncased_fs100_supp123_seed4_tau0.5_a0.3,student,distilbert-base-uncased,,0.8698684210526316,0.8697494591329166,66956548,4.280372333838993,255.42286682128906,0.9184495693248125,4,123,100,0.5,0.3,5,2e-05,8,128
student_distilbert-base-uncased_fs100_supp123_seed0_tau0.1_a0.1,student,distilbert-base-uncased,,0.8697368421052631,0.8697648621138145,66956548,3.9124348666518927,255.42286682128906,0.9183106418449569,0,123,100,0.1,0.1,5,2e-05,8,128
student_distilbert-base-uncased_fs100_supp123_seed7_tau2.0_a0.9,student,distilbert-base-uncased,,0.8697368421052631,0.8694517390428488,66956548,3.308071199717233,255.42286682128906,0.9183106418449569,7,123,100,2.0,0.9,5,2e-05,8,128
student_distilbert-base-uncased_fs100_supp123_seed8_tau3.0_a0.7,student,distilbert-base-uncased,,0.8697368421052631,0.8695306431548738,66956548,4.212693133255622,255.42286682128906,0.9183106418449569,8,123,100,3.0,0.7,5,2e-05,8,128
student_distilbert-base-uncased_fs100_supp123_seed9_tau0.5_a0.3,student,distilbert-base-uncased,,0.8697368421052631,0.86900462194666,66956548,3.7502175337673784,255.42286682128906,0.9183106418449569,9,123,100,0.5,0.3,5,2e-05,8,128
student_distilbert-base-uncased_fs100_supp123_seed7_tau2.5_a0.9,student,distilbert-base-uncased,,0.8696052631578948,0.8694230704369901,66956548,4.273983665916603,255.42286682128906,0.9181717143651014,7,123,100,2.5,0.9,5,2e-05,8,128
student_distilbert-base-uncased_fs100_supp123_seed8_tau1.5_a0.3,student,distilbert-base-uncased,,0.8696052631578948,0.8688450321557679,66956548,3.3464904665985764,255.42286682128906,0.9181717143651014,8,123,100,1.5,0.3,5,2e-05,8,128
student_distilbert-base-uncased_fs100_supp123_seed8_tau2.5_a0.7,student,distilbert-base-uncased,,0.8696052631578948,0.8693715300732209,66956548,3.996573265370292,255.42286682128906,0.9181717143651014,8,123,100,2.5,0.7,5,2e-05,8,128
student_distilbert-base-uncased_fs100_supp123_seed1_tau0.5_a0.5,student,distilbert-base-uncased,,0.8694736842105263,0.868569950478849,66956548,3.3862592669417304,255.42286682128906,0.9180327868852458,1,123,100,0.5,0.5,5,2e-05,8,128
student_distilbert-base-uncased_fs100_supp123_seed1_tau3.0_a0.9,student,distilbert-base-uncased,,0.8694736842105263,0.8687049077697856,66956548,3.0929588671521437,255.42286682128906,0.9180327868852458,1,123,100,3.0,0.9,5,2e-05,8,128
student_distilbert-base-uncased_fs100_supp123_seed3_tau1.0_a0.7,student,distilbert-base-uncased,,0.8694736842105263,0.8693330798146957,66956548,3.626207866667149,255.42286682128906,0.9180327868852458,3,123,100,1.0,0.7,5,2e-05,8,128
student_distilbert-base-uncased_fs100_supp123_seed3_tau3.0_a0.3,student,distilbert-base-uncased,,0.8693421052631579,0.8691338245647976,66956548,3.5155995334207546,255.42286682128906,0.9178938594053904,3,123,100,3.0,0.3,5,2e-05,8,128
student_distilbert-base-uncased_fs100_supp123_seed7_tau1.0_a0.7,student,distilbert-base-uncased,,0.8693421052631579,0.8689040804023109,66956548,3.100401599658653,255.42286682128906,0.9178938594053904,7,123,100,1.0,0.7,5,2e-05,8,128
student_distilbert-base-uncased_fs100_supp123_seed7_tau3.0_a0.9,student,distilbert-base-uncased,,0.8693421052631579,0.8690510659148829,66956548,3.798807599620583,255.42286682128906,0.9178938594053904,7,123,100,3.0,0.9,5,2e-05,8,128
student_distilbert-base-uncased_fs100_supp123_seed1_tau0.1_a0.3,student,distilbert-base-uncased,,0.8692105263157894,0.8683538615362695,66956548,3.252168866553499,255.42286682128906,0.9177549319255348,1,123,100,0.1,0.3,5,2e-05,8,128
student_distilbert-base-uncased_fs100_supp123_seed7_tau1.0_a0.9,student,distilbert-base-uncased,,0.8692105263157894,0.8688532319826596,66956548,3.6610943997705667,255.42286682128906,0.9177549319255348,7,123,100,1.0,0.9,5,2e-05,8,128
student_distilbert-base-uncased_fs100_supp123_seed8_tau1.0_a0.5,student,distilbert-base-uncased,,0.8692105263157894,0.8689998331094995,66956548,5.387552333801675,255.42286682128906,0.9177549319255348,8,123,100,1.0,0.5,5,2e-05,8,128
student_distilbert-base-uncased_fs100_supp123_seed8_tau2.0_a0.3,student,distilbert-base-uncased,,0.8692105263157894,0.8684002684438535,66956548,3.752670599593936,255.42286682128906,0.9177549319255348,8,123,100,2.0,0.3,5,2e-05,8,128
student_distilbert-base-uncased_fs100_supp123_seed8_tau3.0_a0.3,student,distilbert-base-uncased,,0.8692105263157894,0.8683902907780834,66956548,3.906426733980576,255.42286682128906,0.9177549319255348,8,123,100,3.0,0.3,5,2e-05,8,128
student_distilbert-base-uncased_fs100_supp123_seed1_tau1.0_a0.9,student,distilbert-base-uncased,,0.8690789473684211,0.8683484753400799,66956548,2.8797914002401135,255.42286682128906,0.9176160044456794,1,123,100,1.0,0.9,5,2e-05,8,128
student_distilbert-base-uncased_fs100_supp123_seed3_tau2.0_a0.1,student,distilbert-base-uncased,,0.8690789473684211,0.8690211026874735,66956548,3.9014667333200728,255.42286682128906,0.9176160044456794,3,123,100,2.0,0.1,5,2e-05,8,128
student_distilbert-base-uncased_fs100_supp123_seed7_tau0.1_a0.7,student,distilbert-base-uncased,,0.8690789473684211,0.8687796148542722,66956548,3.8261521333576334,255.42286682128906,0.9176160044456794,7,123,100,0.1,0.7,5,2e-05,8,128
student_distilbert-base-uncased_fs100_supp123_seed9_tau1.0_a0.1,student,distilbert-base-uncased,,0.8690789473684211,0.8684310996410796,66956548,3.1842540673096664,255.42286682128906,0.9176160044456794,9,123,100,1.0,0.1,5,2e-05,8,128
student_distilbert-base-uncased_fs100_supp123_seed1_tau2.0_a0.9,student,distilbert-base-uncased,,0.8689473684210526,0.8681752323437274,66956548,2.829782599777294,255.42286682128906,0.9174770769658237,1,123,100,2.0,0.9,5,2e-05,8,128
student_distilbert-base-uncased_fs100_supp123_seed5_tau0.1_a0.9,student,distilbert-base-uncased,,0.8689473684210526,0.868635253405014,66956548,3.19517606573451,255.42286682128906,0.9174770769658237,5,123,100,0.1,0.9,5,2e-05,8,128
student_distilbert-base-uncased_fs100_supp123_seed7_tau2.5_a0.7,student,distilbert-base-uncased,,0.8689473684210526,0.8684946134839735,66956548,4.049658933702934,255.42286682128906,0.9174770769658237,7,123,100,2.5,0.7,5,2e-05,8,128
student_distilbert-base-uncased_fs100_supp123_seed8_tau2.5_a0.3,student,distilbert-base-uncased,,0.8689473684210526,0.8683094789507778,66956548,3.101268933096435,255.42286682128906,0.9174770769658237,8,123,100,2.5,0.3,5,2e-05,8,128
student_distilbert-base-uncased_fs100_supp123_seed9_tau0.5_a0.5,student,distilbert-base-uncased,,0.8689473684210526,0.8680585276561312,66956548,3.3741583334631287,255.42286682128906,0.9174770769658237,9,123,100,0.5,0.5,5,2e-05,8,128
student_distilbert-base-uncased_fs100_supp123_seed7_tau2.0_a0.7,student,distilbert-base-uncased,,0.8688157894736842,0.8683764257111521,66956548,3.2002849994266094,255.42286682128906,0.9173381494859683,7,123,100,2.0,0.7,5,2e-05,8,128
student_distilbert-base-uncased_fs100_supp123_seed9_tau2.5_a0.1,student,distilbert-base-uncased,,0.8688157894736842,0.8681134321261206,66956548,4.194050665925412,255.42286682128906,0.9173381494859683,9,123,100,2.5,0.1,5,2e-05,8,128
student_distilbert-base-uncased_fs100_supp123_seed7_tau1.5_a0.7,student,distilbert-base-uncased,,0.8686842105263158,0.868232936337584,66956548,3.4790590000435864,255.42286682128906,0.9171992220061128,7,123,100,1.5,0.7,5,2e-05,8,128
student_distilbert-base-uncased_fs100_supp123_seed7_tau3.0_a0.7,student,distilbert-base-uncased,,0.8686842105263158,0.8682458775463697,66956548,3.88217586708682,255.42286682128906,0.9171992220061128,7,123,100,3.0,0.7,5,2e-05,8,128
student_distilbert-base-uncased_fs100_supp123_seed8_tau1.5_a0.1,student,distilbert-base-uncased,,0.8686842105263158,0.8681047124415323,66956548,3.317179398921629,255.42286682128906,0.9171992220061128,8,123,100,1.5,0.1,5,2e-05,8,128
student_distilbert-base-uncased_fs100_supp123_seed9_tau2.0_a0.1,student,distilbert-base-uncased,,0.8686842105263158,0.8679749177455172,66956548,3.612070801318623,255.42286682128906,0.9171992220061128,9,123,100,2.0,0.1,5,2e-05,8,128
student_distilbert-base-uncased_fs100_supp123_seed7_tau0.1_a0.9,student,distilbert-base-uncased,,0.8685526315789474,0.8683862538217053,66956548,3.693923000294793,255.42286682128906,0.9170602945262573,7,123,100,0.1,0.9,5,2e-05,8,128
student_distilbert-base-uncased_fs100_supp123_seed8_tau1.0_a0.1,student,distilbert-base-uncased,,0.8685526315789474,0.868000126892905,66956548,3.708472066015626,255.42286682128906,0.9170602945262573,8,123,100,1.0,0.1,5,2e-05,8,128
student_distilbert-base-uncased_fs100_supp123_seed3_tau1.5_a0.1,student,distilbert-base-uncased,,0.868421052631579,0.8685294750954716,66956548,3.3444213998639802,255.42286682128906,0.9169213670464018,3,123,100,1.5,0.1,5,2e-05,8,128
student_distilbert-base-uncased_fs100_supp123_seed7_tau0.5_a0.9,student,distilbert-base-uncased,,0.868421052631579,0.8681295000640292,66956548,3.253030533232959,255.42286682128906,0.9169213670464018,7,123,100,0.5,0.9,5,2e-05,8,128
student_distilbert-base-uncased_fs100_supp123_seed1_tau0.5_a0.3,student,distilbert-base-uncased,,0.8682894736842105,0.8673350644221658,66956548,3.407543733192142,255.42286682128906,0.9167824395665461,1,123,100,0.5,0.3,5,2e-05,8,128
student_distilbert-base-uncased_fs100_supp123_seed1_tau1.5_a0.9,student,distilbert-base-uncased,,0.8682894736842105,0.8676620215225532,66956548,3.140347866913847,255.42286682128906,0.9167824395665461,1,123,100,1.5,0.9,5,2e-05,8,128
student_distilbert-base-uncased_fs100_supp123_seed2_tau2.5_a0.1,student,distilbert-base-uncased,,0.8682894736842105,0.8679497647756149,66956548,3.8055182002911656,255.42286682128906,0.9167824395665461,2,123,100,2.5,0.1,5,2e-05,8,128
student_distilbert-base-uncased_fs100_supp123_seed3_tau3.0_a0.1,student,distilbert-base-uncased,,0.8682894736842105,0.8683170576382591,66956548,3.955584866586529,255.42286682128906,0.9167824395665461,3,123,100,3.0,0.1,5,2e-05,8,128
student_distilbert-base-uncased_fs100_supp123_seed2_tau2.0_a0.1,student,distilbert-base-uncased,,0.8681578947368421,0.8678540174316829,66956548,3.748532533306085,255.42286682128906,0.9166435120866907,2,123,100,2.0,0.1,5,2e-05,8,128
student_distilbert-base-uncased_fs100_supp123_seed1_tau0.1_a0.5,student,distilbert-base-uncased,,0.8680263157894736,0.8671921240255613,66956548,3.712466200037549,255.42286682128906,0.9165045846068351,1,123,100,0.1,0.5,5,2e-05,8,128
student_distilbert-base-uncased_fs100_supp123_seed3_tau2.0_a0.3,student,distilbert-base-uncased,,0.8680263157894736,0.868037735967109,66956548,3.436739333362008,255.42286682128906,0.9165045846068351,3,123,100,2.0,0.3,5,2e-05,8,128
student_distilbert-base-uncased_fs100_supp123_seed6_tau2.5_a0.1,student,distilbert-base-uncased,,0.8680263157894736,0.867573324929627,66956548,3.8737726000060015,255.42286682128906,0.9165045846068351,6,123,100,2.5,0.1,5,2e-05,8,128
student_distilbert-base-uncased_fs100_supp123_seed7_tau0.5_a0.7,student,distilbert-base-uncased,,0.8680263157894736,0.8675813665535057,66956548,3.4177618006651755,255.42286682128906,0.9165045846068351,7,123,100,0.5,0.7,5,2e-05,8,128
student_distilbert-base-uncased_fs100_supp123_seed8_tau0.1_a0.1,student,distilbert-base-uncased,,0.8680263157894736,0.8675161825589577,66956548,3.4195325987335914,255.42286682128906,0.9165045846068351,8,123,100,0.1,0.1,5,2e-05,8,128
student_distilbert-base-uncased_fs100_supp123_seed9_tau1.5_a0.1,student,distilbert-base-uncased,,0.8680263157894736,0.8673745928918838,66956548,3.142836067612128,255.42286682128906,0.9165045846068351,9,123,100,1.5,0.1,5,2e-05,8,128
student_distilbert-base-uncased_fs100_supp123_seed7_tau0.1_a0.5,student,distilbert-base-uncased,,0.8678947368421053,0.8676003931149587,66956548,3.2089305995517257,255.42286682128906,0.9163656571269797,7,123,100,0.1,0.5,5,2e-05,8,128
student_distilbert-base-uncased_fs100_supp123_seed7_tau2.5_a0.5,student,distilbert-base-uncased,,0.8678947368421053,0.8673998782397477,66956548,3.3498934676269223,255.42286682128906,0.9163656571269797,7,123,100,2.5,0.5,5,2e-05,8,128
student_distilbert-base-uncased_fs100_supp123_seed2_tau3.0_a0.1,student,distilbert-base-uncased,,0.8677631578947368,0.8674175953202542,66956548,4.066421865960971,255.42286682128906,0.9162267296471241,2,123,100,3.0,0.1,5,2e-05,8,128
student_distilbert-base-uncased_fs100_supp123_seed3_tau2.5_a0.3,student,distilbert-base-uncased,,0.8677631578947368,0.8677524278691016,66956548,3.469558532863933,255.42286682128906,0.9162267296471241,3,123,100,2.5,0.3,5,2e-05,8,128
student_distilbert-base-uncased_fs100_supp123_seed7_tau3.0_a0.5,student,distilbert-base-uncased,,0.8677631578947368,0.8672047455392116,66956548,3.131997666302292,255.42286682128906,0.9162267296471241,7,123,100,3.0,0.5,5,2e-05,8,128
student_distilbert-base-uncased_fs100_supp123_seed9_tau2.5_a0.7,student,distilbert-base-uncased,,0.8677631578947368,0.8671225064967265,66956548,3.5382639995077625,255.42286682128906,0.9162267296471241,9,123,100,2.5,0.7,5,2e-05,8,128
student_distilbert-base-uncased_fs100_supp123_seed0_tau0.5_a0.1,student,distilbert-base-uncased,,0.8676315789473684,0.8673063020563305,66956548,3.2812487999763107,255.42286682128906,0.9160878021672686,0,123,100,0.5,0.1,5,2e-05,8,128
student_distilbert-base-uncased_fs100_supp123_seed3_tau0.5_a0.3,student,distilbert-base-uncased,,0.8676315789473684,0.8675836597091369,66956548,3.512845333049578,255.42286682128906,0.9160878021672686,3,123,100,0.5,0.3,5,2e-05,8,128
student_distilbert-base-uncased_fs100_supp123_seed0_tau2.0_a0.1,student,distilbert-base-uncased,,0.8675,0.8671636306738109,66956548,3.1533466000837507,255.42286682128906,0.9159488746874132,0,123,100,2.0,0.1,5,2e-05,8,128
student_distilbert-base-uncased_fs100_supp123_seed0_tau2.5_a0.1,student,distilbert-base-uncased,,0.8675,0.8672731118570517,66956548,3.3263166000930746,255.42286682128906,0.9159488746874132,0,123,100,2.5,0.1,5,2e-05,8,128
student_distilbert-base-uncased_fs100_supp123_seed3_tau1.5_a0.3,student,distilbert-base-uncased,,0.8675,0.8674816486037805,66956548,3.5364782665662156,255.42286682128906,0.9159488746874132,3,123,100,1.5,0.3,5,2e-05,8,128
student_distilbert-base-uncased_fs100_supp123_seed4_tau0.1_a0.1,student,distilbert-base-uncased,,0.8675,0.8670363872104869,66956548,4.765255333283373,255.42286682128906,0.9159488746874132,4,123,100,0.1,0.1,5,2e-05,8,128
student_distilbert-base-uncased_fs100_supp123_seed4_tau0.1_a0.3,student,distilbert-base-uncased,,0.8675,0.8673263963503395,66956548,3.2906756661153245,255.42286682128906,0.9159488746874132,4,123,100,0.1,0.3,5,2e-05,8,128
student_distilbert-base-uncased_fs100_supp123_seed6_tau2.0_a0.1,student,distilbert-base-uncased,,0.8675,0.8669653874399871,66956548,3.1921461998232794,255.42286682128906,0.9159488746874132,6,123,100,2.0,0.1,5,2e-05,8,128
student_distilbert-base-uncased_fs100_supp123_seed6_tau3.0_a0.1,student,distilbert-base-uncased,,0.8675,0.8670597161914686,66956548,3.5368603998601125,255.42286682128906,0.9159488746874132,6,123,100,3.0,0.1,5,2e-05,8,128
student_distilbert-base-uncased_fs100_supp123_seed7_tau2.5_a0.1,student,distilbert-base-uncased,,0.8675,0.8669599718160019,66956548,3.127985400351463,255.42286682128906,0.9159488746874132,7,123,100,2.5,0.1,5,2e-05,8,128
student_distilbert-base-uncased_fs100_supp123_seed7_tau3.0_a0.1,student,distilbert-base-uncased,,0.8675,0.8669624386798396,66956548,3.8580929334178413,255.42286682128906,0.9159488746874132,7,123,100,3.0,0.1,5,2e-05,8,128
student_distilbert-base-uncased_fs100_supp123_seed9_tau1.5_a0.7,student,distilbert-base-uncased,,0.8675,0.8668148924818353,66956548,3.2091550669671656,255.42286682128906,0.9159488746874132,9,123,100,1.5,0.7,5,2e-05,8,128
student_distilbert-base-uncased_fs100_supp123_seed0_tau1.5_a0.1,student,distilbert-base-uncased,,0.8673684210526316,0.8669191782727252,66956548,3.1781725333227464,255.42286682128906,0.9158099472075576,0,123,100,1.5,0.1,5,2e-05,8,128
student_distilbert-base-uncased_fs100_supp123_seed0_tau2.5_a0.7,student,distilbert-base-uncased,,0.8673684210526316,0.8666034487447445,66956548,3.047922733336842,255.42286682128906,0.9158099472075576,0,123,100,2.5,0.7,5,2e-05,8,128
student_distilbert-base-uncased_fs100_supp123_seed1_tau2.5_a0.1,student,distilbert-base-uncased,,0.8673684210526316,0.8668971395656673,66956548,3.646310866558148,255.42286682128906,0.9158099472075576,1,123,100,2.5,0.1,5,2e-05,8,128
student_distilbert-base-uncased_fs100_supp123_seed2_tau1.5_a0.1,student,distilbert-base-uncased,,0.8673684210526316,0.8669343914424741,66956548,3.211332266558505,255.42286682128906,0.9158099472075576,2,123,100,1.5,0.1,5,2e-05,8,128
student_distilbert-base-uncased_fs100_supp123_seed6_tau2.5_a0.3,student,distilbert-base-uncased,,0.8673684210526316,0.8668947999257296,66956548,3.4287185999952876,255.42286682128906,0.9158099472075576,6,123,100,2.5,0.3,5,2e-05,8,128
student_distilbert-base-uncased_fs100_supp123_seed0_tau1.0_a0.1,student,distilbert-base-uncased,,0.8672368421052632,0.8665550064145859,66956548,4.141737266885078,255.42286682128906,0.9156710197277022,0,123,100,1.0,0.1,5,2e-05,8,128
student_distilbert-base-uncased_fs100_supp123_seed0_tau3.0_a0.1,student,distilbert-base-uncased,,0.8672368421052632,0.8669606611429748,66956548,3.0602643331803847,255.42286682128906,0.9156710197277022,0,123,100,3.0,0.1,5,2e-05,8,128
student_distilbert-base-uncased_fs100_supp123_seed1_tau3.0_a0.1,student,distilbert-base-uncased,,0.8672368421052632,0.8667227318087709,66956548,3.0559938667768924,255.42286682128906,0.9156710197277022,1,123,100,3.0,0.1,5,2e-05,8,128
student_distilbert-base-uncased_fs100_supp123_seed5_tau0.1_a0.7,student,distilbert-base-uncased,,0.8672368421052632,0.8671760159435925,66956548,3.3785653996649976,255.42286682128906,0.9156710197277022,5,123,100,0.1,0.7,5,2e-05,8,128
student_distilbert-base-uncased_fs100_supp123_seed7_tau1.5_a0.1,student,distilbert-base-uncased,,0.8672368421052632,0.8666812880331095,66956548,3.2112269332477203,255.42286682128906,0.9156710197277022,7,123,100,1.5,0.1,5,2e-05,8,128
student_distilbert-base-uncased_fs100_supp123_seed1_tau0.5_a0.7,student,distilbert-base-uncased,,0.8671052631578947,0.8662563456164911,66956548,3.3450413997343276,255.42286682128906,0.9155320922478466,1,123,100,0.5,0.7,5,2e-05,8,128
student_distilbert-base-uncased_fs100_supp123_seed6_tau3.0_a0.3,student,distilbert-base-uncased,,0.8671052631578947,0.8666009484531697,66956548,3.475385199756905,255.42286682128906,0.9155320922478466,6,123,100,3.0,0.3,5,2e-05,8,128
student_distilbert-base-uncased_fs100_supp123_seed7_tau2.0_a0.1,student,distilbert-base-uncased,,0.8671052631578947,0.8665554642246858,66956548,4.558141400048044,255.42286682128906,0.9155320922478466,7,123,100,2.0,0.1,5,2e-05,8,128
student_distilbert-base-uncased_fs100_supp123_seed9_tau2.0_a0.7,student,distilbert-base-uncased,,0.8671052631578947,0.8664361728321885,66956548,3.6758081997201466,255.42286682128906,0.9155320922478466,9,123,100,2.0,0.7,5,2e-05,8,128
student_distilbert-base-uncased_fs100_supp123_seed1_tau2.0_a0.1,student,distilbert-base-uncased,,0.8669736842105263,0.8664662225655066,66956548,3.4407401333737653,255.42286682128906,0.915393164767991,1,123,100,2.0,0.1,5,2e-05,8,128
student_distilbert-base-uncased_fs100_supp123_seed8_tau1.5_a0.9,student,distilbert-base-uncased,,0.8669736842105263,0.8669908037837009,66956548,3.236151667564021,255.42286682128906,0.915393164767991,8,123,100,1.5,0.9,5,2e-05,8,128
student_distilbert-base-uncased_fs100_supp123_seed9_tau0.1_a0.1,student,distilbert-base-uncased,,0.8669736842105263,0.8662809032872885,66956548,3.6139236670957566,255.42286682128906,0.915393164767991,9,123,100,0.1,0.1,5,2e-05,8,128
student_distilbert-base-uncased_fs100_supp123_seed9_tau1.0_a0.7,student,distilbert-base-uncased,,0.8669736842105263,0.8661824321127306,66956548,3.5171569339581765,255.42286682128906,0.915393164767991,9,123,100,1.0,0.7,5,2e-05,8,128
student_distilbert-base-uncased_fs100_supp123_seed0_tau2.5_a0.5,student,distilbert-base-uncased,,0.8668421052631579,0.8661131352758521,66956548,2.962494333526896,255.42286682128906,0.9152542372881355,0,123,100,2.5,0.5,5,2e-05,8,128
student_distilbert-base-uncased_fs100_supp123_seed1_tau1.5_a0.1,student,distilbert-base-uncased,,0.8667105263157895,0.8661454986036725,66956548,3.043500932835741,255.42286682128906,0.91511530980828,1,123,100,1.5,0.1,5,2e-05,8,128
student_distilbert-base-uncased_fs100_supp123_seed6_tau0.5_a0.9,student,distilbert-base-uncased,,0.8667105263157895,0.8660992143381373,66956548,3.1038720000651665,255.42286682128906,0.91511530980828,6,123,100,0.5,0.9,5,2e-05,8,128
student_distilbert-base-uncased_fs100_supp123_seed7_tau2.0_a0.5,student,distilbert-base-uncased,,0.8667105263157895,0.8662680813836494,66956548,3.190507066756254,255.42286682128906,0.91511530980828,7,123,100,2.0,0.5,5,2e-05,8,128
student_distilbert-base-uncased_fs100_supp123_seed9_tau0.5_a0.7,student,distilbert-base-uncased,,0.8667105263157895,0.8661134892114473,66956548,3.0447859991303026,255.42286682128906,0.91511530980828,9,123,100,0.5,0.7,5,2e-05,8,128
student_distilbert-base-uncased_fs100_supp123_seed9_tau3.0_a0.7,student,distilbert-base-uncased,,0.8667105263157895,0.8660396347736368,66956548,3.1491591333178803,255.42286682128906,0.91511530980828,9,123,100,3.0,0.7,5,2e-05,8,128
student_distilbert-base-uncased_fs100_supp123_seed0_tau2.0_a0.7,student,distilbert-base-uncased,,0.866578947368421,0.8657863312238997,66956548,3.2267914667803175,255.42286682128906,0.9149763823284245,0,123,100,2.0,0.7,5,2e-05,8,128
student_distilbert-base-uncased_fs100_supp123_seed2_tau2.0_a0.3,student,distilbert-base-uncased,,0.866578947368421,0.8659929731783985,66956548,3.7514060670218896,255.42286682128906,0.9149763823284245,2,123,100,2.0,0.3,5,2e-05,8,128
student_distilbert-base-uncased_fs100_supp123_seed2_tau3.0_a0.3,student,distilbert-base-uncased,,0.866578947368421,0.8660005756329787,66956548,3.3454249998612795,255.42286682128906,0.9149763823284245,2,123,100,3.0,0.3,5,2e-05,8,128
student_distilbert-base-uncased_fs100_supp123_seed3_tau2.5_a0.5,student,distilbert-base-uncased,,0.866578947368421,0.8665460336991084,66956548,3.8621362000412773,255.42286682128906,0.9149763823284245,3,123,100,2.5,0.5,5,2e-05,8,128
student_distilbert-base-uncased_fs100_supp123_seed3_tau3.0_a0.7,student,distilbert-base-uncased,,0.866578947368421,0.8665814611942533,66956548,3.2308054001381,255.42286682128906,0.9149763823284245,3,123,100,3.0,0.7,5,2e-05,8,128
student_distilbert-base-uncased_fs100_supp123_seed6_tau2.0_a0.3,student,distilbert-base-uncased,,0.866578947368421,0.8660611305297475,66956548,3.2388092663798793,255.42286682128906,0.9149763823284245,6,123,100,2.0,0.3,5,2e-05,8,128
student_distilbert-base-uncased_fs100_supp123_seed9_tau3.0_a0.9,student,distilbert-base-uncased,,0.866578947368421,0.8658239282930738,66956548,4.513722866249736,255.42286682128906,0.9149763823284245,9,123,100,3.0,0.9,5,2e-05,8,128
student_distilbert-base-uncased_fs100_supp123_seed0_tau3.0_a0.7,student,distilbert-base-uncased,,0.8664473684210526,0.8656613341651,66956548,3.4746467329872153,255.42286682128906,0.914837454848569,0,123,100,3.0,0.7,5,2e-05,8,128
student_distilbert-base-uncased_fs100_supp123_seed1_tau0.5_a0.9,student,distilbert-base-uncased,,0.8664473684210526,0.8656135178914679,66956548,2.945784866945663,255.42286682128906,0.914837454848569,1,123,100,0.5,0.9,5,2e-05,8,128
student_distilbert-base-uncased_fs100_supp123_seed2_tau1.5_a0.3,student,distilbert-base-uncased,,0.8664473684210526,0.8658672754580069,66956548,3.5877344666611557,255.42286682128906,0.914837454848569,2,123,100,1.5,0.3,5,2e-05,8,128
student_distilbert-base-uncased_fs100_supp123_seed3_tau0.5_a0.9,student,distilbert-base-uncased,,0.8664473684210526,0.8657974568680411,66956548,3.17049920001106,255.42286682128906,0.914837454848569,3,123,100,0.5,0.9,5,2e-05,8,128
student_distilbert-base-uncased_fs100_supp123_seed3_tau1.5_a0.5,student,distilbert-base-uncased,,0.8664473684210526,0.8663447930763254,66956548,3.191646800163047,255.42286682128906,0.914837454848569,3,123,100,1.5,0.5,5,2e-05,8,128
student_distilbert-base-uncased_fs100_supp123_seed4_tau1.5_a0.7,student,distilbert-base-uncased,,0.8664473684210526,0.865364655351091,66956548,3.787457733900131,255.42286682128906,0.914837454848569,4,123,100,1.5,0.7,5,2e-05,8,128
student_distilbert-base-uncased_fs100_supp123_seed1_tau1.0_a0.1,student,distilbert-base-uncased,,0.8663157894736843,0.8656149307158798,66956548,3.231849800067721,255.42286682128906,0.9146985273687135,1,123,100,1.0,0.1,5,2e-05,8,128
student_distilbert-base-uncased_fs100_supp123_seed2_tau2.5_a0.3,student,distilbert-base-uncased,,0.8663157894736843,0.8657375029405483,66956548,4.239066333442072,255.42286682128906,0.9146985273687135,2,123,100,2.5,0.3,5,2e-05,8,128
student_distilbert-base-uncased_fs100_supp123_seed3_tau0.1_a0.9,student,distilbert-base-uncased,,0.8663157894736843,0.8659683304171714,66956548,4.411958466638073,255.42286682128906,0.9146985273687135,3,123,100,0.1,0.9,5,2e-05,8,128
student_distilbert-base-uncased_fs100_supp123_seed6_tau1.5_a0.1,student,distilbert-base-uncased,,0.8663157894736843,0.8657966315349002,66956548,3.7647694004893615,255.42286682128906,0.9146985273687135,6,123,100,1.5,0.1,5,2e-05,8,128
student_distilbert-base-uncased_fs100_supp123_seed7_tau1.5_a0.5,student,distilbert-base-uncased,,0.8663157894736843,0.8658669316035078,66956548,3.7717016663615746,255.42286682128906,0.9146985273687135,7,123,100,1.5,0.5,5,2e-05,8,128
student_distilbert-base-uncased_fs100_supp123_seed7_tau3.0_a0.3,student,distilbert-base-uncased,,0.8663157894736843,0.8658105681345141,66956548,4.706916066546303,255.42286682128906,0.9146985273687135,7,123,100,3.0,0.3,5,2e-05,8,128
student_distilbert-base-uncased_fs100_supp123_seed0_tau2.0_a0.5,student,distilbert-base-uncased,,0.8661842105263158,0.8655363060696322,66956548,2.9986659334099386,255.42286682128906,0.9145595998888579,0,123,100,2.0,0.5,5,2e-05,8,128
student_distilbert-base-uncased_fs100_supp123_seed1_tau1.0_a0.7,student,distilbert-base-uncased,,0.8661842105263158,0.8653300189366568,66956548,2.8732432666098853,255.42286682128906,0.9145595998888579,1,123,100,1.0,0.7,5,2e-05,8,128
student_distilbert-base-uncased_fs100_supp123_seed1_tau3.0_a0.3,student,distilbert-base-uncased,,0.8661842105263158,0.8654195035397183,66956548,3.3040783996208725,255.42286682128906,0.9145595998888579,1,123,100,3.0,0.3,5,2e-05,8,128
student_distilbert-base-uncased_fs100_supp123_seed8_tau2.0_a0.9,student,distilbert-base-uncased,,0.8661842105263158,0.8663310649053295,66956548,3.993578265847949,255.42286682128906,0.9145595998888579,8,123,100,2.0,0.9,5,2e-05,8,128
student_distilbert-base-uncased_fs100_supp123_seed8_tau2.5_a0.9,student,distilbert-base-uncased,,0.8661842105263158,0.8663424925397589,66956548,3.950497198578281,255.42286682128906,0.9145595998888579,8,123,100,2.5,0.9,5,2e-05,8,128
student_distilbert-base-uncased_fs100_supp123_seed0_tau1.5_a0.5,student,distilbert-base-uncased,,0.8660526315789474,0.8652753788410573,66956548,3.079655199932555,255.42286682128906,0.9144206724090025,0,123,100,1.5,0.5,5,2e-05,8,128
student_distilbert-base-uncased_fs100_supp123_seed1_tau0.1_a0.7,student,distilbert-base-uncased,,0.8660526315789474,0.8651259413901725,66956548,3.7007006001658738,255.42286682128906,0.9144206724090025,1,123,100,0.1,0.7,5,2e-05,8,128
student_distilbert-base-uncased_fs100_supp123_seed1_tau0.1_a0.9,student,distilbert-base-uncased,,0.8660526315789474,0.8651871525019863,66956548,3.328432800481096,255.42286682128906,0.9144206724090025,1,123,100,0.1,0.9,5,2e-05,8,128
student_distilbert-base-uncased_fs100_supp123_seed2_tau0.1_a0.3,student,distilbert-base-uncased,,0.8660526315789474,0.8657290568584859,66956548,3.834739999486677,255.42286682128906,0.9144206724090025,2,123,100,0.1,0.3,5,2e-05,8,128
student_distilbert-base-uncased_fs100_supp123_seed7_tau2.5_a0.3,student,distilbert-base-uncased,,0.8660526315789474,0.8655367578718575,66956548,3.3904728668858297,255.42286682128906,0.9144206724090025,7,123,100,2.5,0.3,5,2e-05,8,128
student_distilbert-base-uncased_fs100_supp123_seed9_tau2.5_a0.9,student,distilbert-base-uncased,,0.8660526315789474,0.8652872077762179,66956548,4.597595399536658,255.42286682128906,0.9144206724090025,9,123,100,2.5,0.9,5,2e-05,8,128
student_distilbert-base-uncased_fs100_supp123_seed0_tau1.5_a0.7,student,distilbert-base-uncased,,0.8659210526315789,0.8651320346172982,66956548,2.827135733605246,255.42286682128906,0.9142817449291469,0,123,100,1.5,0.7,5,2e-05,8,128
student_distilbert-base-uncased_fs100_supp123_seed2_tau2.5_a0.5,student,distilbert-base-uncased,,0.8659210526315789,0.8652032491244418,66956548,3.7823077330055335,255.42286682128906,0.9142817449291469,2,123,100,2.5,0.5,5,2e-05,8,128
student_distilbert-base-uncased_fs100_supp123_seed6_tau1.5_a0.3,student,distilbert-base-uncased,,0.8659210526315789,0.8653179016206691,66956548,3.15808320059053,255.42286682128906,0.9142817449291469,6,123,100,1.5,0.3,5,2e-05,8,128
student_distilbert-base-uncased_fs100_supp123_seed7_tau1.5_a0.3,student,distilbert-base-uncased,,0.8659210526315789,0.8654063716136866,66956548,5.540239133794482,255.42286682128906,0.9142817449291469,7,123,100,1.5,0.3,5,2e-05,8,128
student_distilbert-base-uncased_fs100_supp123_seed8_tau2.0_a0.1,student,distilbert-base-uncased,,0.8659210526315789,0.8652587428316135,66956548,3.8296903328349194,255.42286682128906,0.9142817449291469,8,123,100,2.0,0.1,5,2e-05,8,128
student_distilbert-base-uncased_fs100_supp123_seed8_tau3.0_a0.9,student,distilbert-base-uncased,,0.8659210526315789,0.8660604681360554,66956548,3.619720399728976,255.42286682128906,0.9142817449291469,8,123,100,3.0,0.9,5,2e-05,8,128
student_distilbert-base-uncased_fs100_supp123_seed9_tau0.1_a0.5,student,distilbert-base-uncased,,0.8659210526315789,0.8652054953107671,66956548,4.694270798548435,255.42286682128906,0.9142817449291469,9,123,100,0.1,0.5,5,2e-05,8,128
student_distilbert-base-uncased_fs100_supp123_seed1_tau2.5_a0.3,student,distilbert-base-uncased,,0.8657894736842106,0.8650241847286733,66956548,3.7106804666109383,255.42286682128906,0.9141428174492915,1,123,100,2.5,0.3,5,2e-05,8,128
student_distilbert-base-uncased_fs100_supp123_seed2_tau1.0_a0.1,student,distilbert-base-uncased,,0.8657894736842106,0.8652707386278687,66956548,3.0426119995051217,255.42286682128906,0.9141428174492915,2,123,100,1.0,0.1,5,2e-05,8,128
student_distilbert-base-uncased_fs100_supp123_seed2_tau3.0_a0.5,student,distilbert-base-uncased,,0.8657894736842106,0.8651302635255251,66956548,3.287464667179544,255.42286682128906,0.9141428174492915,2,123,100,3.0,0.5,5,2e-05,8,128
student_distilbert-base-uncased_fs100_supp123_seed3_tau1.0_a0.1,student,distilbert-base-uncased,,0.8657894736842106,0.8659847631014597,66956548,3.6305313332074243,255.42286682128906,0.9141428174492915,3,123,100,1.0,0.1,5,2e-05,8,128
student_distilbert-base-uncased_fs100_supp123_seed5_tau0.1_a0.5,student,distilbert-base-uncased,,0.8657894736842106,0.8657822100523282,66956548,3.21619086729091,255.42286682128906,0.9141428174492915,5,123,100,0.1,0.5,5,2e-05,8,128
student_distilbert-base-uncased_fs100_supp123_seed3_tau2.0_a0.5,student,distilbert-base-uncased,,0.8656578947368421,0.8657273199224679,66956548,3.49660660031077,255.42286682128906,0.9140038899694358,3,123,100,2.0,0.5,5,2e-05,8,128
student_distilbert-base-uncased_fs100_supp123_seed8_tau1.0_a0.9,student,distilbert-base-uncased,,0.8656578947368421,0.8658206523875109,66956548,3.3420433343659774,255.42286682128906,0.9140038899694358,8,123,100,1.0,0.9,5,2e-05,8,128
student_distilbert-base-uncased_fs100_supp123_seed8_tau2.5_a0.1,student,distilbert-base-uncased,,0.8656578947368421,0.8649398264092297,66956548,3.6931748671728806,255.42286682128906,0.9140038899694358,8,123,100,2.5,0.1,5,2e-05,8,128
student_distilbert-base-uncased_fs100_supp123_seed9_tau2.0_a0.9,student,distilbert-base-uncased,,0.8656578947368421,0.8648975973220792,66956548,3.1285010671126656,255.42286682128906,0.9140038899694358,9,123,100,2.0,0.9,5,2e-05,8,128
student_distilbert-base-uncased_fs100_supp123_seed0_tau0.1_a0.3,student,distilbert-base-uncased,,0.8655263157894737,0.8649503250382575,66956548,2.810709000186762,255.42286682128906,0.9138649624895804,0,123,100,0.1,0.3,5,2e-05,8,128
student_distilbert-base-uncased_fs100_supp123_seed0_tau3.0_a0.5,student,distilbert-base-uncased,,0.8655263157894737,0.8645782543521656,66956548,3.108497066568816,255.42286682128906,0.9138649624895804,0,123,100,3.0,0.5,5,2e-05,8,128
student_distilbert-base-uncased_fs100_supp123_seed7_tau2.0_a0.3,student,distilbert-base-uncased,,0.8655263157894737,0.8649968991278946,66956548,3.307693199652325,255.42286682128906,0.9138649624895804,7,123,100,2.0,0.3,5,2e-05,8,128
student_distilbert-base-uncased_fs100_supp123_seed3_tau1.0_a0.3,student,distilbert-base-uncased,,0.8653947368421052,0.8653432957022886,66956548,3.6121174664003775,255.42286682128906,0.9137260350097248,3,123,100,1.0,0.3,5,2e-05,8,128
student_distilbert-base-uncased_fs100_supp123_seed8_tau0.5_a0.3,student,distilbert-base-uncased,,0.8653947368421052,0.8650268459293616,66956548,5.009287000090505,255.42286682128906,0.9137260350097248,8,123,100,0.5,0.3,5,2e-05,8,128
student_distilbert-base-uncased_fs100_supp123_seed9_tau0.1_a0.7,student,distilbert-base-uncased,,0.8653947368421052,0.8645089739513764,66956548,3.3416060008069812,255.42286682128906,0.9137260350097248,9,123,100,0.1,0.7,5,2e-05,8,128
student_distilbert-base-uncased_fs100_supp123_seed1_tau2.0_a0.3,student,distilbert-base-uncased,,0.8652631578947368,0.8644844537882576,66956548,3.7150397338943244,255.42286682128906,0.9135871075298694,1,123,100,2.0,0.3,5,2e-05,8,128
student_distilbert-base-uncased_fs100_supp123_seed2_tau1.5_a0.5,student,distilbert-base-uncased,,0.8652631578947368,0.8645706834301682,66956548,2.9201694662333466,255.42286682128906,0.9135871075298694,2,123,100,1.5,0.5,5,2e-05,8,128
student_distilbert-base-uncased_fs100_supp123_seed2_tau2.0_a0.5,student,distilbert-base-uncased,,0.8652631578947368,0.8645812380261384,66956548,2.8852318001251356,255.42286682128906,0.9135871075298694,2,123,100,2.0,0.5,5,2e-05,8,128
student_distilbert-base-uncased_fs100_supp123_seed3_tau0.1_a0.3,student,distilbert-base-uncased,,0.8652631578947368,0.8649999533074454,66956548,4.584088533132065,255.42286682128906,0.9135871075298694,3,123,100,0.1,0.3,5,2e-05,8,128
student_distilbert-base-uncased_fs100_supp123_seed6_tau1.0_a0.1,student,distilbert-base-uncased,,0.8652631578947368,0.8646751932431207,66956548,3.589207067367776,255.42286682128906,0.9135871075298694,6,123,100,1.0,0.1,5,2e-05,8,128
student_distilbert-base-uncased_fs100_supp123_seed2_tau0.1_a0.5,student,distilbert-base-uncased,,0.8651315789473685,0.8650118396690443,66956548,3.147765933924044,255.42286682128906,0.9134481800500139,2,123,100,0.1,0.5,5,2e-05,8,128
student_distilbert-base-uncased_fs100_supp123_seed2_tau1.0_a0.3,student,distilbert-base-uncased,,0.8651315789473685,0.8644911633569375,66956548,3.6195532004057895,255.42286682128906,0.9134481800500139,2,123,100,1.0,0.3,5,2e-05,8,128
student_distilbert-base-uncased_fs100_supp123_seed7_tau1.0_a0.1,student,distilbert-base-uncased,,0.8651315789473685,0.864480667157971,66956548,3.131691400146034,255.42286682128906,0.9134481800500139,7,123,100,1.0,0.1,5,2e-05,8,128
student_distilbert-base-uncased_fs100_supp123_seed0_tau2.5_a0.3,student,distilbert-base-uncased,,0.865,0.8646147980236025,66956548,4.322571333614178,255.42286682128906,0.9133092525701583,0,123,100,2.5,0.3,5,2e-05,8,128
student_distilbert-base-uncased_fs100_supp123_seed3_tau3.0_a0.5,student,distilbert-base-uncased,,0.865,0.8650805807599244,66956548,3.39222486630509,255.42286682128906,0.9133092525701583,3,123,100,3.0,0.5,5,2e-05,8,128
student_distilbert-base-uncased_fs100_supp123_seed0_tau2.0_a0.3,student,distilbert-base-uncased,,0.8648684210526316,0.8645634755040629,66956548,4.440668666453955,255.42286682128906,0.9131703250903028,0,123,100,2.0,0.3,5,2e-05,8,128
student_distilbert-base-uncased_fs100_supp123_seed1_tau1.5_a0.3,student,distilbert-base-uncased,,0.8648684210526316,0.8640769596318028,66956548,3.831723400071496,255.42286682128906,0.9131703250903028,1,123,100,1.5,0.3,5,2e-05,8,128
student_distilbert-base-uncased_fs100_supp123_seed5_tau0.5_a0.7,student,distilbert-base-uncased,,0.8648684210526316,0.8648149033547563,66956548,4.850453067047056,255.42286682128906,0.9131703250903028,5,123,100,0.5,0.7,5,2e-05,8,128
student_distilbert-base-uncased_fs100_supp123_seed6_tau3.0_a0.5,student,distilbert-base-uncased,,0.8648684210526316,0.8642389019897193,66956548,3.6471708670433145,255.42286682128906,0.9131703250903028,6,123,100,3.0,0.5,5,2e-05,8,128
student_distilbert-base-uncased_fs100_supp123_seed8_tau0.1_a0.5,student,distilbert-base-uncased,,0.8648684210526316,0.864466392220834,66956548,3.149803332053125,255.42286682128906,0.9131703250903028,8,123,100,0.1,0.5,5,2e-05,8,128
student_distilbert-base-uncased_fs100_supp123_seed8_tau0.5_a0.5,student,distilbert-base-uncased,,0.8648684210526316,0.8644468964282297,66956548,3.2278597340337,255.42286682128906,0.9131703250903028,8,123,100,0.5,0.5,5,2e-05,8,128
student_distilbert-base-uncased_fs100_supp123_seed0_tau3.0_a0.3,student,distilbert-base-uncased,,0.8647368421052631,0.8644114561634106,66956548,2.9734033332109298,255.42286682128906,0.9130313976104473,0,123,100,3.0,0.3,5,2e-05,8,128
student_distilbert-base-uncased_fs100_supp123_seed2_tau0.1_a0.7,student,distilbert-base-uncased,,0.8647368421052631,0.8639902512649267,66956548,3.2730779329237216,255.42286682128906,0.9130313976104473,2,123,100,0.1,0.7,5,2e-05,8,128
student_distilbert-base-uncased_fs100_supp123_seed2_tau0.5_a0.1,student,distilbert-base-uncased,,0.8647368421052631,0.8639775049532701,66956548,3.4115083995857276,255.42286682128906,0.9130313976104473,2,123,100,0.5,0.1,5,2e-05,8,128
student_distilbert-base-uncased_fs100_supp123_seed2_tau0.5_a0.7,student,distilbert-base-uncased,,0.8647368421052631,0.8641116504934946,66956548,3.3560278667816115,255.42286682128906,0.9130313976104473,2,123,100,0.5,0.7,5,2e-05,8,128
student_distilbert-base-uncased_fs100_supp123_seed3_tau0.1_a0.7,student,distilbert-base-uncased,,0.8647368421052631,0.8648825621527878,66956548,4.249393999998574,255.42286682128906,0.9130313976104473,3,123,100,0.1,0.7,5,2e-05,8,128
student_distilbert-base-uncased_fs100_supp123_seed3_tau1.0_a0.9,student,distilbert-base-uncased,,0.8647368421052631,0.8643467527511131,66956548,3.3523811331785205,255.42286682128906,0.9130313976104473,3,123,100,1.0,0.9,5,2e-05,8,128
student_distilbert-base-uncased_fs100_supp123_seed4_tau2.5_a0.5,student,distilbert-base-uncased,,0.8647368421052631,0.8635862361578797,66956548,3.2743404670327436,255.42286682128906,0.9130313976104473,4,123,100,2.5,0.5,5,2e-05,8,128
student_distilbert-base-uncased_fs100_supp123_seed8_tau0.5_a0.1,student,distilbert-base-uncased,,0.8647368421052631,0.8650942566702513,66956548,3.5949894668495594,255.42286682128906,0.9130313976104473,8,123,100,0.5,0.1,5,2e-05,8,128
student_distilbert-base-uncased_fs100_supp123_seed9_tau1.0_a0.9,student,distilbert-base-uncased,,0.8647368421052631,0.8639623101769186,66956548,3.3447398003772832,255.42286682128906,0.9130313976104473,9,123,100,1.0,0.9,5,2e-05,8,128
student_distilbert-base-uncased_fs100_supp123_seed0_tau0.5_a0.5,student,distilbert-base-uncased,,0.8646052631578948,0.863576073502807,66956548,3.2570032669658153,255.42286682128906,0.9128924701305918,0,123,100,0.5,0.5,5,2e-05,8,128
student_distilbert-base-uncased_fs100_supp123_seed0_tau0.5_a0.9,student,distilbert-base-uncased,,0.8646052631578948,0.8640730887488746,66956548,3.878536933189025,255.42286682128906,0.9128924701305918,0,123,100,0.5,0.9,5,2e-05,8,128
student_distilbert-base-uncased_fs100_supp123_seed1_tau3.0_a0.5,student,distilbert-base-uncased,,0.8646052631578948,0.8637681604138985,66956548,4.681769666543308,255.42286682128906,0.9128924701305918,1,123,100,3.0,0.5,5,2e-05,8,128
student_distilbert-base-uncased_fs100_supp123_seed2_tau1.5_a0.9,student,distilbert-base-uncased,,0.8646052631578948,0.8638707439463414,66956548,3.2125728660806394,255.42286682128906,0.9128924701305918,2,123,100,1.5,0.9,5,2e-05,8,128
student_distilbert-base-uncased_fs100_supp123_seed4_tau3.0_a0.5,student,distilbert-base-uncased,,0.8646052631578948,0.8632927323443369,66956548,3.822584400040796,255.42286682128906,0.9128924701305918,4,123,100,3.0,0.5,5,2e-05,8,128
student_distilbert-base-uncased_fs100_supp123_seed2_tau0.1_a0.9,student,distilbert-base-uncased,,0.8644736842105263,0.863817378267737,66956548,2.8772941336986455,255.42286682128906,0.9127535426507363,2,123,100,0.1,0.9,5,2e-05,8,128
student_distilbert-base-uncased_fs100_supp123_seed2_tau0.5_a0.9,student,distilbert-base-uncased,,0.8644736842105263,0.8636210118948244,66956548,4.256463733812173,255.42286682128906,0.9127535426507363,2,123,100,0.5,0.9,5,2e-05,8,128
student_distilbert-base-uncased_fs100_supp123_seed2_tau1.0_a0.5,student,distilbert-base-uncased,,0.8644736842105263,0.8636001064508834,66956548,4.432753933118268,255.42286682128906,0.9127535426507363,2,123,100,1.0,0.5,5,2e-05,8,128
student_distilbert-base-uncased_fs100_supp123_seed2_tau1.0_a0.9,student,distilbert-base-uncased,,0.8644736842105263,0.8637956080059737,66956548,4.528900866231804,255.42286682128906,0.9127535426507363,2,123,100,1.0,0.9,5,2e-05,8,128
student_distilbert-base-uncased_fs100_supp123_seed4_tau3.0_a0.7,student,distilbert-base-uncased,,0.8644736842105263,0.8629671062063351,66956548,4.829436399692592,255.42286682128906,0.9127535426507363,4,123,100,3.0,0.7,5,2e-05,8,128
student_distilbert-base-uncased_fs100_supp123_seed7_tau1.0_a0.5,student,distilbert-base-uncased,,0.8644736842105263,0.8639332738154515,66956548,3.378903999934361,255.42286682128906,0.9127535426507363,7,123,100,1.0,0.5,5,2e-05,8,128
student_distilbert-base-uncased_fs100_supp123_seed0_tau1.0_a0.5,student,distilbert-base-uncased,,0.8643421052631579,0.8634486434070308,66956548,3.3773303336298945,255.42286682128906,0.9126146151708808,0,123,100,1.0,0.5,5,2e-05,8,128
student_distilbert-base-uncased_fs100_supp123_seed0_tau1.5_a0.3,student,distilbert-base-uncased,,0.8643421052631579,0.8639986248512561,66956548,3.1411261999892304,255.42286682128906,0.9126146151708808,0,123,100,1.5,0.3,5,2e-05,8,128
student_distilbert-base-uncased_fs100_supp123_seed1_tau2.5_a0.7,student,distilbert-base-uncased,,0.8643421052631579,0.8634473993697109,66956548,4.208393400525286,255.42286682128906,0.9126146151708808,1,123,100,2.5,0.7,5,2e-05,8,128
student_distilbert-base-uncased_fs100_supp123_seed2_tau2.5_a0.7,student,distilbert-base-uncased,,0.8643421052631579,0.863500984165325,66956548,3.5451570668859254,255.42286682128906,0.9126146151708808,2,123,100,2.5,0.7,5,2e-05,8,128
student_distilbert-base-uncased_fs100_supp123_seed3_tau2.0_a0.9,student,distilbert-base-uncased,,0.8643421052631579,0.8642859339695829,66956548,3.190716466754869,255.42286682128906,0.9126146151708808,3,123,100,2.0,0.9,5,2e-05,8,128
student_distilbert-base-uncased_fs100_supp123_seed8_tau0.1_a0.7,student,distilbert-base-uncased,,0.8643421052631579,0.8645839298658181,66956548,3.994932066416368,255.42286682128906,0.9126146151708808,8,123,100,0.1,0.7,5,2e-05,8,128
student_distilbert-base-uncased_fs100_supp123_seed1_tau2.5_a0.5,student,distilbert-base-uncased,,0.8642105263157894,0.8633970132681092,66956548,3.2257071337274588,255.42286682128906,0.9124756876910252,1,123,100,2.5,0.5,5,2e-05,8,128
student_distilbert-base-uncased_fs100_supp123_seed3_tau2.5_a0.9,student,distilbert-base-uncased,,0.8642105263157894,0.8641116879092532,66956548,3.1592671334995734,255.42286682128906,0.9124756876910252,3,123,100,2.5,0.9,5,2e-05,8,128
student_distilbert-base-uncased_fs100_supp123_seed8_tau0.1_a0.3,student,distilbert-base-uncased,,0.8642105263157894,0.8635470668064438,66956548,4.661747999974371,255.42286682128906,0.9124756876910252,8,123,100,0.1,0.3,5,2e-05,8,128
student_distilbert-base-uncased_fs100_supp123_seed8_tau3.0_a0.1,student,distilbert-base-uncased,,0.8642105263157894,0.863549908549059,66956548,4.396385800888917,255.42286682128906,0.9124756876910252,8,123,100,3.0,0.1,5,2e-05,8,128
student_distilbert-base-uncased_fs100_supp123_seed9_tau1.5_a0.9,student,distilbert-base-uncased,,0.8642105263157894,0.8633660422562949,66956548,3.186894532215471,255.42286682128906,0.9124756876910252,9,123,100,1.5,0.9,5,2e-05,8,128
student_distilbert-base-uncased_fs100_supp123_seed0_tau0.1_a0.5,student,distilbert-base-uncased,,0.8640789473684211,0.8636243249813536,66956548,3.054141600296134,255.42286682128906,0.9123367602111697,0,123,100,0.1,0.5,5,2e-05,8,128
student_distilbert-base-uncased_fs100_supp123_seed0_tau0.5_a0.3,student,distilbert-base-uncased,,0.8640789473684211,0.8635749473184017,66956548,3.220293266834536,255.42286682128906,0.9123367602111697,0,123,100,0.5,0.3,5,2e-05,8,128
student_distilbert-base-uncased_fs100_supp123_seed1_tau1.5_a0.5,student,distilbert-base-uncased,,0.8640789473684211,0.8632107753907807,66956548,3.0689891333167907,255.42286682128906,0.9123367602111697,1,123,100,1.5,0.5,5,2e-05,8,128
student_distilbert-base-uncased_fs100_supp123_seed1_tau1.5_a0.7,student,distilbert-base-uncased,,0.8640789473684211,0.8631575835349589,66956548,4.305530800532627,255.42286682128906,0.9123367602111697,1,123,100,1.5,0.7,5,2e-05,8,128
student_distilbert-base-uncased_fs100_supp123_seed1_tau3.0_a0.7,student,distilbert-base-uncased,,0.8640789473684211,0.8632181385320696,66956548,2.798294733656803,255.42286682128906,0.9123367602111697,1,123,100,3.0,0.7,5,2e-05,8,128
student_distilbert-base-uncased_fs100_supp123_seed4_tau2.0_a0.9,student,distilbert-base-uncased,,0.8640789473684211,0.8628146508079488,66956548,5.478293733419075,255.42286682128906,0.9123367602111697,4,123,100,2.0,0.9,5,2e-05,8,128
student_distilbert-base-uncased_fs100_supp123_seed5_tau2.5_a0.9,student,distilbert-base-uncased,,0.8640789473684211,0.864010805678551,66956548,3.2615599329195297,255.42286682128906,0.9123367602111697,5,123,100,2.5,0.9,5,2e-05,8,128
student_distilbert-base-uncased_fs100_supp123_seed6_tau2.0_a0.5,student,distilbert-base-uncased,,0.8640789473684211,0.8633448109237731,66956548,4.799927133717574,255.42286682128906,0.9123367602111697,6,123,100,2.0,0.5,5,2e-05,8,128
student_distilbert-base-uncased_fs100_supp123_seed0_tau1.0_a0.3,student,distilbert-base-uncased,,0.8639473684210527,0.8632713221031529,66956548,3.535382066547754,255.42286682128906,0.9121978327313143,0,123,100,1.0,0.3,5,2e-05,8,128
student_distilbert-base-uncased_fs100_supp123_seed1_tau0.5_a0.1,student,distilbert-base-uncased,,0.8639473684210527,0.8629567565313873,66956548,3.6331111337252273,255.42286682128906,0.9121978327313143,1,123,100,0.5,0.1,5,2e-05,8,128
student_distilbert-base-uncased_fs100_supp123_seed1_tau2.0_a0.7,student,distilbert-base-uncased,,0.8639473684210527,0.8630327961392301,66956548,3.863301200181013,255.42286682128906,0.9121978327313143,1,123,100,2.0,0.7,5,2e-05,8,128
student_distilbert-base-uncased_fs100_supp123_seed2_tau1.0_a0.7,student,distilbert-base-uncased,,0.8639473684210527,0.8631903291493895,66956548,3.0735170665138867,255.42286682128906,0.9121978327313143,2,123,100,1.0,0.7,5,2e-05,8,128
student_distilbert-base-uncased_fs100_supp123_seed4_tau2.0_a0.5,student,distilbert-base-uncased,,0.8639473684210527,0.8626088135721741,66956548,4.455586933181621,255.42286682128906,0.9121978327313143,4,123,100,2.0,0.5,5,2e-05,8,128
student_distilbert-base-uncased_fs100_supp123_seed5_tau2.0_a0.9,student,distilbert-base-uncased,,0.8639473684210527,0.8640114037301273,66956548,4.890376066517395,255.42286682128906,0.9121978327313143,5,123,100,2.0,0.9,5,2e-05,8,128
student_distilbert-base-uncased_fs100_supp123_seed6_tau2.5_a0.5,student,distilbert-base-uncased,,0.8639473684210527,0.8632533979960418,66956548,4.1759927992340335,255.42286682128906,0.9121978327313143,6,123,100,2.5,0.5,5,2e-05,8,128
student_distilbert-base-uncased_fs100_supp123_seed0_tau0.5_a0.7,student,distilbert-base-uncased,,0.8638157894736842,0.8630822050387388,66956548,4.274813466569564,255.42286682128906,0.9120589052514587,0,123,100,0.5,0.7,5,2e-05,8,128
student_distilbert-base-uncased_fs100_supp123_seed1_tau1.0_a0.3,student,distilbert-base-uncased,,0.8638157894736842,0.8629789193542291,66956548,3.7675988668828118,255.42286682128906,0.9120589052514587,1,123,100,1.0,0.3,5,2e-05,8,128
student_distilbert-base-uncased_fs100_supp123_seed1_tau2.0_a0.5,student,distilbert-base-uncased,,0.8638157894736842,0.8629878486301737,66956548,3.7200985328430156,255.42286682128906,0.9120589052514587,1,123,100,2.0,0.5,5,2e-05,8,128
student_distilbert-base-uncased_fs100_supp123_seed2_tau0.5_a0.5,student,distilbert-base-uncased,,0.8638157894736842,0.8635891027533369,66956548,2.894714399978208,255.42286682128906,0.9120589052514587,2,123,100,0.5,0.5,5,2e-05,8,128
student_distilbert-base-uncased_fs100_supp123_seed2_tau1.5_a0.7,student,distilbert-base-uncased,,0.8638157894736842,0.8629072535532383,66956548,3.106240666481123,255.42286682128906,0.9120589052514587,2,123,100,1.5,0.7,5,2e-05,8,128
student_distilbert-base-uncased_fs100_supp123_seed4_tau2.0_a0.7,student,distilbert-base-uncased,,0.8638157894736842,0.8624762807268135,66956548,3.5340169997652993,255.42286682128906,0.9120589052514587,4,123,100,2.0,0.7,5,2e-05,8,128
student_distilbert-base-uncased_fs100_supp123_seed2_tau2.0_a0.9,student,distilbert-base-uncased,,0.8636842105263158,0.8628835079011881,66956548,3.204619399669658,255.42286682128906,0.9119199777716033,2,123,100,2.0,0.9,5,2e-05,8,128
student_distilbert-base-uncased_fs100_supp123_seed3_tau3.0_a0.9,student,distilbert-base-uncased,,0.8636842105263158,0.8638560152265046,66956548,3.258688400092069,255.42286682128906,0.9119199777716033,3,123,100,3.0,0.9,5,2e-05,8,128
student_distilbert-base-uncased_fs100_supp123_seed5_tau3.0_a0.9,student,distilbert-base-uncased,,0.8636842105263158,0.8636187713734236,66956548,4.891451732934608,255.42286682128906,0.9119199777716033,5,123,100,3.0,0.9,5,2e-05,8,128
student_distilbert-base-uncased_fs100_supp123_seed0_tau0.1_a0.7,student,distilbert-base-uncased,,0.8635526315789473,0.8628784234195768,66956548,4.202256999875924,255.42286682128906,0.9117810502917476,0,123,100,0.1,0.7,5,2e-05,8,128
student_distilbert-base-uncased_fs100_supp123_seed2_tau2.0_a0.7,student,distilbert-base-uncased,,0.8635526315789473,0.8626188582928593,66956548,3.34448919990488,255.42286682128906,0.9117810502917476,2,123,100,2.0,0.7,5,2e-05,8,128
student_distilbert-base-uncased_fs100_supp123_seed2_tau3.0_a0.7,student,distilbert-base-uncased,,0.8635526315789473,0.8626282122092199,66956548,3.6698774672307386,255.42286682128906,0.9117810502917476,2,123,100,3.0,0.7,5,2e-05,8,128
student_distilbert-base-uncased_fs100_supp123_seed2_tau3.0_a0.9,student,distilbert-base-uncased,,0.8635526315789473,0.8627711803212542,66956548,3.2565330666936156,255.42286682128906,0.9117810502917476,2,123,100,3.0,0.9,5,2e-05,8,128
student_distilbert-base-uncased_fs100_supp123_seed6_tau3.0_a0.7,student,distilbert-base-uncased,,0.8635526315789473,0.8630049868480294,66956548,3.8368317999508386,255.42286682128906,0.9117810502917476,6,123,100,3.0,0.7,5,2e-05,8,128
student_distilbert-base-uncased_fs100_supp123_seed9_tau0.1_a0.9,student,distilbert-base-uncased,,0.8635526315789473,0.8626910794958327,66956548,4.4697633338122005,255.42286682128906,0.9117810502917476,9,123,100,0.1,0.9,5,2e-05,8,128
student_distilbert-base-uncased_fs100_supp123_seed6_tau1.0_a0.9,student,distilbert-base-uncased,,0.863421052631579,0.8626402920997402,66956548,3.1143205999493753,255.42286682128906,0.9116421228118922,6,123,100,1.0,0.9,5,2e-05,8,128
student_distilbert-base-uncased_fs100_supp123_seed6_tau2.5_a0.7,student,distilbert-base-uncased,,0.863421052631579,0.862820497929681,66956548,3.6551103337842505,255.42286682128906,0.9116421228118922,6,123,100,2.5,0.7,5,2e-05,8,128
student_distilbert-base-uncased_fs100_supp123_seed0_tau0.1_a0.9,student,distilbert-base-uncased,,0.8632894736842105,0.8628974858721011,66956548,3.838526800124479,255.42286682128906,0.9115031953320366,0,123,100,0.1,0.9,5,2e-05,8,128
student_distilbert-base-uncased_fs100_supp123_seed4_tau2.5_a0.9,student,distilbert-base-uncased,,0.8632894736842105,0.8619341216419283,66956548,3.5077317334071267,255.42286682128906,0.9115031953320366,4,123,100,2.5,0.9,5,2e-05,8,128
student_distilbert-base-uncased_fs100_supp123_seed5_tau1.0_a0.9,student,distilbert-base-uncased,,0.8632894736842105,0.8633563296447155,66956548,5.31479293325295,255.42286682128906,0.9115031953320366,5,123,100,1.0,0.9,5,2e-05,8,128
student_distilbert-base-uncased_fs100_supp123_seed5_tau3.0_a0.7,student,distilbert-base-uncased,,0.8632894736842105,0.8624027909814529,66956548,3.4850665336610596,255.42286682128906,0.9115031953320366,5,123,100,3.0,0.7,5,2e-05,8,128
student_distilbert-base-uncased_fs100_supp123_seed6_tau2.5_a0.9,student,distilbert-base-uncased,,0.8632894736842105,0.8625490999359597,66956548,3.9952089330957583,255.42286682128906,0.9115031953320366,6,123,100,2.5,0.9,5,2e-05,8,128
student_distilbert-base-uncased_fs100_supp123_seed9_tau0.5_a0.9,student,distilbert-base-uncased,,0.8632894736842105,0.862460563889222,66956548,3.1749680002879663,255.42286682128906,0.9115031953320366,9,123,100,0.5,0.9,5,2e-05,8,128
student_distilbert-base-uncased_fs100_supp123_seed2_tau2.5_a0.9,student,distilbert-base-uncased,,0.8631578947368421,0.8622580694606162,66956548,3.0588551334706913,255.42286682128906,0.9113642678521812,2,123,100,2.5,0.9,5,2e-05,8,128
student_distilbert-base-uncased_fs100_supp123_seed4_tau1.0_a0.7,student,distilbert-base-uncased,,0.8631578947368421,0.8620582907184625,66956548,3.506490666525982,255.42286682128906,0.9113642678521812,4,123,100,1.0,0.7,5,2e-05,8,128
student_distilbert-base-uncased_fs100_supp123_seed0_tau1.0_a0.9,student,distilbert-base-uncased,,0.8630263157894736,0.8623232788662755,66956548,2.9385103332363847,255.42286682128906,0.9112253403723256,0,123,100,1.0,0.9,5,2e-05,8,128
student_distilbert-base-uncased_fs100_supp123_seed0_tau2.5_a0.9,student,distilbert-base-uncased,,0.8630263157894736,0.86243643909619,66956548,3.6963727999439775,255.42286682128906,0.9112253403723256,0,123,100,2.5,0.9,5,2e-05,8,128
student_distilbert-base-uncased_fs100_supp123_seed2_tau0.5_a0.3,student,distilbert-base-uncased,,0.8630263157894736,0.8620344636432895,66956548,3.014247333339881,255.42286682128906,0.9112253403723256,2,123,100,0.5,0.3,5,2e-05,8,128
student_distilbert-base-uncased_fs100_supp123_seed6_tau1.5_a0.9,student,distilbert-base-uncased,,0.8630263157894736,0.862175585527679,66956548,3.553079599805642,255.42286682128906,0.9112253403723256,6,123,100,1.5,0.9,5,2e-05,8,128
student_distilbert-base-uncased_fs100_supp123_seed7_tau0.1_a0.3,student,distilbert-base-uncased,,0.8630263157894736,0.8624153713667407,66956548,4.116234933705225,255.42286682128906,0.9112253403723256,7,123,100,0.1,0.3,5,2e-05,8,128
student_distilbert-base-uncased_fs100_supp123_seed0_tau1.0_a0.7,student,distilbert-base-uncased,,0.8628947368421053,0.8620530755572471,66956548,2.9555653999220035,255.42286682128906,0.91108641289247,0,123,100,1.0,0.7,5,2e-05,8,128
student_distilbert-base-uncased_fs100_supp123_seed0_tau1.5_a0.9,student,distilbert-base-uncased,,0.8628947368421053,0.8623567207558266,66956548,3.1373812666667313,255.42286682128906,0.91108641289247,0,123,100,1.5,0.9,5,2e-05,8,128
student_distilbert-base-uncased_fs100_supp123_seed0_tau2.0_a0.9,student,distilbert-base-uncased,,0.8628947368421053,0.8621733396798126,66956548,2.9784824001884167,255.42286682128906,0.91108641289247,0,123,100,2.0,0.9,5,2e-05,8,128
student_distilbert-base-uncased_fs100_supp123_seed5_tau1.0_a0.7,student,distilbert-base-uncased,,0.8628947368421053,0.8624121163448604,66956548,3.975706133254183,255.42286682128906,0.91108641289247,5,123,100,1.0,0.7,5,2e-05,8,128
student_distilbert-base-uncased_fs100_supp123_seed7_tau1.0_a0.3,student,distilbert-base-uncased,,0.8628947368421053,0.8622692450286403,66956548,3.9453901331095644,255.42286682128906,0.91108641289247,7,123,100,1.0,0.3,5,2e-05,8,128
student_distilbert-base-uncased_fs100_supp123_seed6_tau1.0_a0.3,student,distilbert-base-uncased,,0.8627631578947368,0.8619950363893106,66956548,3.9682517999608535,255.42286682128906,0.9109474854126145,6,123,100,1.0,0.3,5,2e-05,8,128
student_distilbert-base-uncased_fs100_supp123_seed0_tau3.0_a0.9,student,distilbert-base-uncased,,0.8626315789473684,0.8619544604151773,66956548,2.89935120017617,255.42286682128906,0.910808557932759,0,123,100,3.0,0.9,5,2e-05,8,128
student_distilbert-base-uncased_fs100_supp123_seed6_tau1.5_a0.5,student,distilbert-base-uncased,,0.8626315789473684,0.8617884455382956,66956548,3.673916200690049,255.42286682128906,0.910808557932759,6,123,100,1.5,0.5,5,2e-05,8,128
student_distilbert-base-uncased_fs100_supp123_seed6_tau2.0_a0.9,student,distilbert-base-uncased,,0.8626315789473684,0.8617935785918825,66956548,3.5004874669539277,255.42286682128906,0.910808557932759,6,123,100,2.0,0.9,5,2e-05,8,128
student_distilbert-base-uncased_fs100_supp123_seed6_tau3.0_a0.9,student,distilbert-base-uncased,,0.8626315789473684,0.861873013698224,66956548,3.6419565328590884,255.42286682128906,0.910808557932759,6,123,100,3.0,0.9,5,2e-05,8,128
student_distilbert-base-uncased_fs100_supp123_seed7_tau0.5_a0.5,student,distilbert-base-uncased,,0.8626315789473684,0.8620001020053021,66956548,4.269705200082778,255.42286682128906,0.910808557932759,7,123,100,0.5,0.5,5,2e-05,8,128
student_distilbert-base-uncased_fs100_supp123_seed4_tau2.5_a0.7,student,distilbert-base-uncased,,0.8625,0.8610597458494427,66956548,4.862259066430852,255.42286682128906,0.9106696304529036,4,123,100,2.5,0.7,5,2e-05,8,128
student_distilbert-base-uncased_fs100_supp123_seed5_tau2.5_a0.7,student,distilbert-base-uncased,,0.8625,0.8616102083406124,66956548,3.442284467018908,255.42286682128906,0.9106696304529036,5,123,100,2.5,0.7,5,2e-05,8,128
student_distilbert-base-uncased_fs100_supp123_seed5_tau3.0_a0.1,student,distilbert-base-uncased,,0.8625,0.8615755748851726,66956548,3.9239416660469337,255.42286682128906,0.9106696304529036,5,123,100,3.0,0.1,5,2e-05,8,128
student_distilbert-base-uncased_fs100_supp123_seed3_tau1.0_a0.5,student,distilbert-base-uncased,,0.8623684210526316,0.8624253443304408,66956548,3.3017829332190254,255.42286682128906,0.9105307029730481,3,123,100,1.0,0.5,5,2e-05,8,128
student_distilbert-base-uncased_fs100_supp123_seed5_tau1.5_a0.9,student,distilbert-base-uncased,,0.8623684210526316,0.8624982687635414,66956548,3.857457266227963,255.42286682128906,0.9105307029730481,5,123,100,1.5,0.9,5,2e-05,8,128
student_distilbert-base-uncased_fs100_supp123_seed4_tau1.5_a0.9,student,distilbert-base-uncased,,0.8622368421052632,0.8608166312843306,66956548,4.386476599999393,255.42286682128906,0.9103917754931925,4,123,100,1.5,0.9,5,2e-05,8,128
student_distilbert-base-uncased_fs100_supp123_seed6_tau1.0_a0.7,student,distilbert-base-uncased,,0.8622368421052632,0.8614469154436329,66956548,4.450382132927189,255.42286682128906,0.9103917754931925,6,123,100,1.0,0.7,5,2e-05,8,128
student_distilbert-base-uncased_fs100_supp123_seed1_tau1.0_a0.5,student,distilbert-base-uncased,,0.8621052631578947,0.8611586978910976,66956548,3.7294536664073044,255.42286682128906,0.910252848013337,1,123,100,1.0,0.5,5,2e-05,8,128
student_distilbert-base-uncased_fs100_supp123_seed3_tau1.5_a0.9,student,distilbert-base-uncased,,0.8619736842105263,0.8618485658135653,66956548,4.314659800123384,255.42286682128906,0.9101139205334815,3,123,100,1.5,0.9,5,2e-05,8,128
student_distilbert-base-uncased_fs100_supp123_seed5_tau1.5_a0.7,student,distilbert-base-uncased,,0.8618421052631579,0.8609022230750832,66956548,3.6966363996422538,255.42286682128906,0.909974993053626,5,123,100,1.5,0.7,5,2e-05,8,128
student_distilbert-base-uncased_fs100_supp123_seed6_tau0.1_a0.1,student,distilbert-base-uncased,,0.8617105263157895,0.8610798351298595,66956548,3.348243467432136,255.42286682128906,0.9098360655737705,6,123,100,0.1,0.1,5,2e-05,8,128
student_distilbert-base-uncased_fs100_supp123_seed6_tau2.0_a0.7,student,distilbert-base-uncased,,0.861578947368421,0.8609106011406056,66956548,4.271092132936853,255.42286682128906,0.9096971380939148,6,123,100,2.0,0.7,5,2e-05,8,128
student_distilbert-base-uncased_fs100_supp123_seed5_tau2.0_a0.7,student,distilbert-base-uncased,,0.8614473684210526,0.8605070018062395,66956548,4.495680733089102,255.42286682128906,0.9095582106140594,5,123,100,2.0,0.7,5,2e-05,8,128
student_distilbert-base-uncased_fs100_supp123_seed6_tau1.5_a0.7,student,distilbert-base-uncased,,0.8613157894736843,0.8605396141891162,66956548,4.3039813336993875,255.42286682128906,0.909419283134204,6,123,100,1.5,0.7,5,2e-05,8,128
student_distilbert-base-uncased_fs100_supp123_seed2_tau0.1_a0.1,student,distilbert-base-uncased,,0.8609210526315789,0.8605336142943554,66956548,2.7442765334853902,255.42286682128906,0.9090025006946373,2,123,100,0.1,0.1,5,2e-05,8,128
student_distilbert-base-uncased_fs100_supp123_seed5_tau3.0_a0.5,student,distilbert-base-uncased,,0.8607894736842105,0.8596305612473774,66956548,3.9204023329754514,255.42286682128906,0.9088635732147818,5,123,100,3.0,0.5,5,2e-05,8,128
student_distilbert-base-uncased_fs100_supp123_seed4_tau3.0_a0.9,student,distilbert-base-uncased,,0.8606578947368421,0.8590781327240815,66956548,4.472544067054211,255.42286682128906,0.9087246457349263,4,123,100,3.0,0.9,5,2e-05,8,128
student_distilbert-base-uncased_fs100_supp123_seed8_tau0.5_a0.7,student,distilbert-base-uncased,,0.8606578947368421,0.8612910395846264,66956548,3.2753458654042333,255.42286682128906,0.9087246457349263,8,123,100,0.5,0.7,5,2e-05,8,128
student_distilbert-base-uncased_fs100_supp123_seed8_tau0.5_a0.9,student,distilbert-base-uncased,,0.8606578947368421,0.8612382851146724,66956548,4.5118859998183325,255.42286682128906,0.9087246457349263,8,123,100,0.5,0.9,5,2e-05,8,128
student_distilbert-base-uncased_fs100_supp123_seed4_tau1.5_a0.5,student,distilbert-base-uncased,,0.8605263157894737,0.8591204524904362,66956548,3.230470799220105,255.42286682128906,0.9085857182550708,4,123,100,1.5,0.5,5,2e-05,8,128
student_distilbert-base-uncased_fs100_supp123_seed5_tau2.5_a0.3,student,distilbert-base-uncased,,0.8605263157894737,0.8594578833153983,66956548,3.142347933802133,255.42286682128906,0.9085857182550708,5,123,100,2.5,0.3,5,2e-05,8,128
student_distilbert-base-uncased_fs100_supp123_seed5_tau2.0_a0.1,student,distilbert-base-uncased,,0.8603947368421052,0.8593464438930933,66956548,3.511556666732455,255.42286682128906,0.9084467907752153,5,123,100,2.0,0.1,5,2e-05,8,128
student_distilbert-base-uncased_fs100_supp123_seed7_tau0.1_a0.1,student,distilbert-base-uncased,,0.8603947368421052,0.8602496704029678,66956548,3.8372119335690513,255.42286682128906,0.9084467907752153,7,123,100,0.1,0.1,5,2e-05,8,128
student_distilbert-base-uncased_fs100_supp123_seed5_tau2.5_a0.5,student,distilbert-base-uncased,,0.86,0.8590311200315214,66956548,3.3053407329134643,255.42286682128906,0.9080300083356487,5,123,100,2.5,0.5,5,2e-05,8,128
student_distilbert-base-uncased_fs100_supp123_seed6_tau0.5_a0.3,student,distilbert-base-uncased,,0.86,0.8588838836708461,66956548,3.783308267399358,255.42286682128906,0.9080300083356487,6,123,100,0.5,0.3,5,2e-05,8,128
student_distilbert-base-uncased_fs100_supp123_seed5_tau1.0_a0.1,student,distilbert-base-uncased,,0.8598684210526316,0.8586706031108071,66956548,3.89504146684582,255.42286682128906,0.9078910808557933,5,123,100,1.0,0.1,5,2e-05,8,128
student_distilbert-base-uncased_fs100_supp123_seed5_tau3.0_a0.3,student,distilbert-base-uncased,,0.8598684210526316,0.8587884131140071,66956548,5.160047666140599,255.42286682128906,0.9078910808557933,5,123,100,3.0,0.3,5,2e-05,8,128
student_distilbert-base-uncased_fs100_supp123_seed6_tau1.0_a0.5,student,distilbert-base-uncased,,0.8598684210526316,0.8588998922492618,66956548,3.683170799195068,255.42286682128906,0.9078910808557933,6,123,100,1.0,0.5,5,2e-05,8,128
student_distilbert-base-uncased_fs100_supp123_seed5_tau2.0_a0.5,student,distilbert-base-uncased,,0.8597368421052631,0.8586317422312161,66956548,3.245571933560617,255.42286682128906,0.9077521533759377,5,123,100,2.0,0.5,5,2e-05,8,128
student_distilbert-base-uncased_fs100_supp123_seed5_tau1.5_a0.3,student,distilbert-base-uncased,,0.8596052631578948,0.8584679940343201,66956548,4.165099400415784,255.42286682128906,0.9076132258960822,5,123,100,1.5,0.3,5,2e-05,8,128
student_distilbert-base-uncased_fs100_supp123_seed6_tau0.5_a0.5,student,distilbert-base-uncased,,0.8596052631578948,0.8586576765766909,66956548,3.1366580667963717,255.42286682128906,0.9076132258960822,6,123,100,0.5,0.5,5,2e-05,8,128
student_distilbert-base-uncased_fs100_supp123_seed5_tau2.0_a0.3,student,distilbert-base-uncased,,0.8593421052631579,0.8582165668081383,66956548,3.8788709998091995,255.42286682128906,0.9073353709363712,5,123,100,2.0,0.3,5,2e-05,8,128
student_distilbert-base-uncased_fs100_supp123_seed6_tau0.1_a0.3,student,distilbert-base-uncased,,0.8593421052631579,0.8584035545198625,66956548,4.356999533532265,255.42286682128906,0.9073353709363712,6,123,100,0.1,0.3,5,2e-05,8,128
student_distilbert-base-uncased_fs100_supp123_seed5_tau1.5_a0.1,student,distilbert-base-uncased,,0.8592105263157894,0.8585863837938645,66956548,3.8969531997281592,255.42286682128906,0.9071964434565156,5,123,100,1.5,0.1,5,2e-05,8,128
student_distilbert-base-uncased_fs100_supp123_seed4_tau1.0_a0.5,student,distilbert-base-uncased,,0.8586842105263158,0.8571776081544502,66956548,4.605067867669277,255.42286682128906,0.9066407335370936,4,123,100,1.0,0.5,5,2e-05,8,128
student_distilbert-base-uncased_fs100_supp123_seed5_tau1.0_a0.3,student,distilbert-base-uncased,,0.8585526315789473,0.8572674875058006,66956548,4.405497665963291,255.42286682128906,0.9065018060572381,5,123,100,1.0,0.3,5,2e-05,8,128
student_distilbert-base-uncased_fs100_supp123_seed5_tau1.5_a0.5,student,distilbert-base-uncased,,0.8585526315789473,0.8574820938368065,66956548,3.3313373336568475,255.42286682128906,0.9065018060572381,5,123,100,1.5,0.5,5,2e-05,8,128
student_distilbert-base-uncased_fs100_supp123_seed4_tau0.1_a0.5,student,distilbert-base-uncased,,0.858421052631579,0.8569666562139219,66956548,4.115280066616833,255.42286682128906,0.9063628785773826,4,123,100,0.1,0.5,5,2e-05,8,128
student_distilbert-base-uncased_fs100_supp123_seed5_tau2.5_a0.1,student,distilbert-base-uncased,,0.8582894736842105,0.8576453240720106,66956548,3.2499356665842547,255.42286682128906,0.906223951097527,5,123,100,2.5,0.1,5,2e-05,8,128
student_distilbert-base-uncased_fs100_supp123_seed5_tau0.1_a0.3,student,distilbert-base-uncased,,0.8576315789473684,0.8566448797296125,66956548,3.3979685989227923,255.42286682128906,0.9055293136982494,5,123,100,0.1,0.3,5,2e-05,8,128
student_distilbert-base-uncased_fs100_supp123_seed7_tau0.5_a0.3,student,distilbert-base-uncased,,0.8573684210526316,0.8564789882092821,66956548,3.7363406670920085,255.42286682128906,0.9052514587385384,7,123,100,0.5,0.3,5,2e-05,8,128
student_distilbert-base-uncased_fs100_supp123_seed4_tau0.5_a0.7,student,distilbert-base-uncased,,0.8569736842105263,0.8554164738692167,66956548,5.212661000890269,255.42286682128906,0.904834676298972,4,123,100,0.5,0.7,5,2e-05,8,128
student_distilbert-base-uncased_fs100_supp123_seed5_tau1.0_a0.5,student,distilbert-base-uncased,,0.8567105263157895,0.8557913636436797,66956548,3.2099226002173964,255.42286682128906,0.9045568213392609,5,123,100,1.0,0.5,5,2e-05,8,128
student_distilbert-base-uncased_fs100_supp123_seed6_tau0.5_a0.1,student,distilbert-base-uncased,,0.8567105263157895,0.8556257909735391,66956548,3.5228308668592945,255.42286682128906,0.9045568213392609,6,123,100,0.5,0.1,5,2e-05,8,128
student_distilbert-base-uncased_fs100_supp123_seed5_tau0.5_a0.1,student,distilbert-base-uncased,,0.8559210526315789,0.854405433151612,66956548,4.421016799945694,255.42286682128906,0.9037232564601277,5,123,100,0.5,0.1,5,2e-05,8,128
student_distilbert-base-uncased_fs100_supp123_seed7_tau0.5_a0.1,student,distilbert-base-uncased,,0.8551315789473685,0.8539363220908891,66956548,3.3437583333579823,255.42286682128906,0.9028896915809947,7,123,100,0.5,0.1,5,2e-05,8,128
student_distilbert-base-uncased_fs100_supp123_seed4_tau1.0_a0.9,student,distilbert-base-uncased,,0.855,0.8534059995877314,66956548,3.7864172666256004,255.42286682128906,0.9027507641011392,4,123,100,1.0,0.9,5,2e-05,8,128
student_distilbert-base-uncased_fs100_supp123_seed5_tau0.5_a0.9,student,distilbert-base-uncased,,0.8546052631578948,0.8525559033658228,66956548,3.1744933335479195,255.42286682128906,0.9023339816615726,5,123,100,0.5,0.9,5,2e-05,8,128
student_distilbert-base-uncased_fs100_supp123_seed4_tau0.5_a0.9,student,distilbert-base-uncased,,0.8515789473684211,0.8496701426486107,66956548,3.2094556673352295,255.42286682128906,0.8991386496248958,4,123,100,0.5,0.9,5,2e-05,8,128
student_distilbert-base-uncased_fs100_supp123_seed5_tau0.5_a0.5,student,distilbert-base-uncased,,0.8501315789473685,0.8478419735196818,66956548,3.8599034000071697,255.42286682128906,0.8976104473464851,5,123,100,0.5,0.5,5,2e-05,8,128
student_distilbert-base-uncased_fs100_supp123_seed3_tau0.1_a0.1,student,distilbert-base-uncased,,0.8497368421052631,0.8475023047317111,66956548,3.812558066662556,255.42286682128906,0.8971936649069185,3,123,100,0.1,0.1,5,2e-05,8,128
student_distilbert-base-uncased_fs100_supp123_seed5_tau0.5_a0.3,student,distilbert-base-uncased,,0.849078947368421,0.8467497354043302,66956548,4.528505933073272,255.42286682128906,0.896499027507641,5,123,100,0.5,0.3,5,2e-05,8,128
student_distilbert-base-uncased_fs100_supp123_seed4_tau0.1_a0.9,student,distilbert-base-uncased,,0.8481578947368421,0.8460885561196029,66956548,4.25209539947294,255.42286682128906,0.8955265351486523,4,123,100,0.1,0.9,5,2e-05,8,128
student_distilbert-base-uncased_fs100_supp123_seed4_tau0.1_a0.7,student,distilbert-base-uncased,,0.8468421052631578,0.8446357486093097,66956548,3.7150412669385937,255.42286682128906,0.8941372603500971,4,123,100,0.1,0.7,5,2e-05,8,128
student_distilbert-base-uncased_fs100_supp123_seed5_tau0.1_a0.1,student,distilbert-base-uncased,,0.8463157894736842,0.8442724645733357,66956548,3.69617380007791,255.42286682128906,0.8935815504306752,5,123,100,0.1,0.1,5,2e-05,8,128
student_distilbert-base-uncased_fs10_supp123_seed9_tau0.1_a0.9,student,distilbert-base-uncased,,0.8231578947368421,0.8212122947592944,66956548,3.673305733294304,255.42286682128906,0.8691303139761044,9,123,10,0.1,0.9,5,2e-05,8,128
student_distilbert-base-uncased_fs10_supp123_seed9_tau0.1_a0.7,student,distilbert-base-uncased,,0.8221052631578948,0.8200799159356872,66956548,3.2905985333248586,255.42286682128906,0.8680188941372604,9,123,10,0.1,0.7,5,2e-05,8,128
student_distilbert-base-uncased_fs10_supp123_seed6_tau0.1_a0.1,student,distilbert-base-uncased,,0.8210526315789474,0.8199796120823246,66956548,4.712095666582172,255.42286682128906,0.8669074742984162,6,123,10,0.1,0.1,5,2e-05,8,128
student_distilbert-base-uncased_fs10_supp123_seed9_tau3.0_a0.9,student,distilbert-base-uncased,,0.8210526315789474,0.8190903649956807,66956548,4.56458833286888,255.42286682128906,0.8669074742984162,9,123,10,3.0,0.9,5,2e-05,8,128
student_distilbert-base-uncased_fs10_supp123_seed9_tau1.0_a0.9,student,distilbert-base-uncased,,0.8206578947368421,0.818635282620492,66956548,3.2666113997644666,255.42286682128906,0.8664906918588496,9,123,10,1.0,0.9,5,2e-05,8,128
student_distilbert-base-uncased_fs10_supp123_seed7_tau0.1_a0.3,student,distilbert-base-uncased,,0.8205263157894737,0.8193384664375415,66956548,4.172698933386225,255.42286682128906,0.8663517643789941,7,123,10,0.1,0.3,5,2e-05,8,128
student_distilbert-base-uncased_fs10_supp123_seed7_tau1.0_a0.7,student,distilbert-base-uncased,,0.8205263157894737,0.8185538341051112,66956548,3.9494997330621118,255.42286682128906,0.8663517643789941,7,123,10,1.0,0.7,5,2e-05,8,128
student_distilbert-base-uncased_fs10_supp123_seed7_tau1.5_a0.7,student,distilbert-base-uncased,,0.8205263157894737,0.8185568819221509,66956548,4.304943799919177,255.42286682128906,0.8663517643789941,7,123,10,1.5,0.7,5,2e-05,8,128
student_distilbert-base-uncased_fs10_supp123_seed6_tau0.5_a0.1,student,distilbert-base-uncased,,0.8203947368421053,0.819115757015977,66956548,3.651698933390435,255.42286682128906,0.8662128368991386,6,123,10,0.5,0.1,5,2e-05,8,128
student_distilbert-base-uncased_fs10_supp123_seed7_tau2.5_a0.7,student,distilbert-base-uncased,,0.8203947368421053,0.8184079473328126,66956548,3.3091801997215953,255.42286682128906,0.8662128368991386,7,123,10,2.5,0.7,5,2e-05,8,128
student_distilbert-base-uncased_fs10_supp123_seed9_tau0.5_a0.9,student,distilbert-base-uncased,,0.8202631578947368,0.8181879210993652,66956548,3.7933587335525467,255.42286682128906,0.8660739094192831,9,123,10,0.5,0.9,5,2e-05,8,128
student_distilbert-base-uncased_fs10_supp123_seed7_tau0.5_a0.5,student,distilbert-base-uncased,,0.8201315789473684,0.8185052515151491,66956548,3.845775066414111,255.42286682128906,0.8659349819394276,7,123,10,0.5,0.5,5,2e-05,8,128
student_distilbert-base-uncased_fs10_supp123_seed6_tau0.5_a0.3,student,distilbert-base-uncased,,0.82,0.818922915796115,66956548,3.090656733365904,255.42286682128906,0.865796054459572,6,123,10,0.5,0.3,5,2e-05,8,128
student_distilbert-base-uncased_fs10_supp123_seed7_tau2.0_a0.7,student,distilbert-base-uncased,,0.82,0.8180238242535256,66956548,3.665551066660555,255.42286682128906,0.865796054459572,7,123,10,2.0,0.7,5,2e-05,8,128
student_distilbert-base-uncased_fs10_supp123_seed7_tau3.0_a0.7,student,distilbert-base-uncased,,0.82,0.8180630791954989,66956548,3.293148533339263,255.42286682128906,0.865796054459572,7,123,10,3.0,0.7,5,2e-05,8,128
student_distilbert-base-uncased_fs10_supp123_seed9_tau1.5_a0.9,student,distilbert-base-uncased,,0.82,0.8179684294496168,66956548,3.1221612665831344,255.42286682128906,0.865796054459572,9,123,10,1.5,0.9,5,2e-05,8,128
student_distilbert-base-uncased_fs10_supp123_seed9_tau2.5_a0.9,student,distilbert-base-uncased,,0.8198684210526316,0.8178157309170496,66956548,3.4146956665305574,255.42286682128906,0.8656571269797165,9,123,10,2.5,0.9,5,2e-05,8,128
student_distilbert-base-uncased_fs10_supp123_seed9_tau2.0_a0.9,student,distilbert-base-uncased,,0.8197368421052632,0.8176779751817043,66956548,3.619512866741085,255.42286682128906,0.8655181994998611,9,123,10,2.0,0.9,5,2e-05,8,128
student_distilbert-base-uncased_fs10_supp123_seed7_tau0.5_a0.7,student,distilbert-base-uncased,,0.8196052631578947,0.8175114075057766,66956548,3.4745524000148484,255.42286682128906,0.8653792720200055,7,123,10,0.5,0.7,5,2e-05,8,128
student_distilbert-base-uncased_fs10_supp123_seed6_tau2.5_a0.3,student,distilbert-base-uncased,,0.8192105263157895,0.8178707644911868,66956548,3.9828189999752794,255.42286682128906,0.864962489580439,6,123,10,2.5,0.3,5,2e-05,8,128
student_distilbert-base-uncased_fs10_supp123_seed7_tau1.0_a0.5,student,distilbert-base-uncased,,0.8192105263157895,0.8177999455118337,66956548,4.359322800398028,255.42286682128906,0.864962489580439,7,123,10,1.0,0.5,5,2e-05,8,128
student_distilbert-base-uncased_fs10_supp123_seed6_tau1.0_a0.1,student,distilbert-base-uncased,,0.819078947368421,0.8175319606423078,66956548,4.5465365999916685,255.42286682128906,0.8648235621005834,6,123,10,1.0,0.1,5,2e-05,8,128
student_distilbert-base-uncased_fs10_supp123_seed6_tau1.5_a0.3,student,distilbert-base-uncased,,0.819078947368421,0.8177910814670595,66956548,4.5706297332799295,255.42286682128906,0.8648235621005834,6,123,10,1.5,0.3,5,2e-05,8,128
student_distilbert-base-uncased_fs10_supp123_seed6_tau0.1_a0.3,student,distilbert-base-uncased,,0.8188157894736842,0.8178961810269431,66956548,3.723437333307326,255.42286682128906,0.8645457071408724,6,123,10,0.1,0.3,5,2e-05,8,128
student_distilbert-base-uncased_fs10_supp123_seed6_tau0.5_a0.5,student,distilbert-base-uncased,,0.8188157894736842,0.8180710336373656,66956548,4.6994356667710235,255.42286682128906,0.8645457071408724,6,123,10,0.5,0.5,5,2e-05,8,128
student_distilbert-base-uncased_fs10_supp123_seed6_tau3.0_a0.3,student,distilbert-base-uncased,,0.8188157894736842,0.8174314029765699,66956548,3.086312333592408,255.42286682128906,0.8645457071408724,6,123,10,3.0,0.3,5,2e-05,8,128
student_distilbert-base-uncased_fs10_supp123_seed9_tau0.1_a0.5,student,distilbert-base-uncased,,0.8185526315789474,0.8163025670291655,66956548,3.28399853327331,255.42286682128906,0.8642678521811614,9,123,10,0.1,0.5,5,2e-05,8,128
student_distilbert-base-uncased_fs10_supp123_seed6_tau2.0_a0.3,student,distilbert-base-uncased,,0.8184210526315789,0.8170611252414317,66956548,3.4941720665907874,255.42286682128906,0.8641289247013059,6,123,10,2.0,0.3,5,2e-05,8,128
student_distilbert-base-uncased_fs10_supp123_seed7_tau2.5_a0.5,student,distilbert-base-uncased,,0.8184210526315789,0.8170451599237246,66956548,3.066864533320768,255.42286682128906,0.8641289247013059,7,123,10,2.5,0.5,5,2e-05,8,128
student_distilbert-base-uncased_fs10_supp123_seed7_tau0.1_a0.5,student,distilbert-base-uncased,,0.8181578947368421,0.8161598514649717,66956548,3.893516333240162,255.42286682128906,0.8638510697415949,7,123,10,0.1,0.5,5,2e-05,8,128
student_distilbert-base-uncased_fs10_supp123_seed7_tau1.5_a0.5,student,distilbert-base-uncased,,0.8181578947368421,0.8167549111694419,66956548,3.3682456665701466,255.42286682128906,0.8638510697415949,7,123,10,1.5,0.5,5,2e-05,8,128
student_distilbert-base-uncased_fs10_supp123_seed7_tau2.0_a0.5,student,distilbert-base-uncased,,0.8181578947368421,0.8167848047854641,66956548,3.3319527333029932,255.42286682128906,0.8638510697415949,7,123,10,2.0,0.5,5,2e-05,8,128
student_distilbert-base-uncased_fs10_supp123_seed7_tau3.0_a0.5,student,distilbert-base-uncased,,0.8180263157894737,0.8166317105832217,66956548,4.161613266599791,255.42286682128906,0.8637121422617393,7,123,10,3.0,0.5,5,2e-05,8,128
student_distilbert-base-uncased_fs10_supp123_seed6_tau2.0_a0.5,student,distilbert-base-uncased,,0.8178947368421052,0.8169049683151163,66956548,4.98078920008993,255.42286682128906,0.8635732147818838,6,123,10,2.0,0.5,5,2e-05,8,128
student_distilbert-base-uncased_fs10_supp123_seed6_tau3.0_a0.5,student,distilbert-base-uncased,,0.8178947368421052,0.8168499169988772,66956548,3.4136667998609482,255.42286682128906,0.8635732147818838,6,123,10,3.0,0.5,5,2e-05,8,128
student_distilbert-base-uncased_fs10_supp123_seed7_tau0.1_a0.7,student,distilbert-base-uncased,,0.8178947368421052,0.8153441485230382,66956548,3.137120400000034,255.42286682128906,0.8635732147818838,7,123,10,0.1,0.7,5,2e-05,8,128
student_distilbert-base-uncased_fs10_supp123_seed6_tau2.5_a0.5,student,distilbert-base-uncased,,0.8177631578947369,0.8167314772148246,66956548,3.6009884666782455,255.42286682128906,0.8634342873020283,6,123,10,2.5,0.5,5,2e-05,8,128
student_distilbert-base-uncased_fs10_supp123_seed9_tau3.0_a0.7,student,distilbert-base-uncased,,0.8177631578947369,0.8157111235878689,66956548,3.297441866622345,255.42286682128906,0.8634342873020283,9,123,10,3.0,0.7,5,2e-05,8,128
student_distilbert-base-uncased_fs10_supp123_seed6_tau1.0_a0.3,student,distilbert-base-uncased,,0.8176315789473684,0.8163660394513254,66956548,3.291915266769744,255.42286682128906,0.8632953598221728,6,123,10,1.0,0.3,5,2e-05,8,128
student_distilbert-base-uncased_fs10_supp123_seed6_tau1.0_a0.5,student,distilbert-base-uncased,,0.8176315789473684,0.8167473874013045,66956548,4.872859533437198,255.42286682128906,0.8632953598221728,6,123,10,1.0,0.5,5,2e-05,8,128
student_distilbert-base-uncased_fs10_supp123_seed9_tau0.1_a0.3,student,distilbert-base-uncased,,0.8176315789473684,0.8151378675747125,66956548,4.450892666500295,255.42286682128906,0.8632953598221728,9,123,10,0.1,0.3,5,2e-05,8,128
student_distilbert-base-uncased_fs10_supp123_seed9_tau2.0_a0.7,student,distilbert-base-uncased,,0.8176315789473684,0.8155890470357958,66956548,4.100125600234605,255.42286682128906,0.8632953598221728,9,123,10,2.0,0.7,5,2e-05,8,128
student_distilbert-base-uncased_fs10_supp123_seed9_tau2.5_a0.7,student,distilbert-base-uncased,,0.8176315789473684,0.8155395698059095,66956548,4.1917283335351385,255.42286682128906,0.8632953598221728,9,123,10,2.5,0.7,5,2e-05,8,128
student_distilbert-base-uncased_fs10_supp123_seed6_tau1.5_a0.5,student,distilbert-base-uncased,,0.8175,0.8165508059143197,66956548,6.426676399981564,255.42286682128906,0.8631564323423173,6,123,10,1.5,0.5,5,2e-05,8,128
student_distilbert-base-uncased_fs10_supp123_seed6_tau1.5_a0.1,student,distilbert-base-uncased,,0.8173684210526316,0.8156655945731108,66956548,3.2470028667376027,255.42286682128906,0.8630175048624618,6,123,10,1.5,0.1,5,2e-05,8,128
student_distilbert-base-uncased_fs10_supp123_seed9_tau1.5_a0.7,student,distilbert-base-uncased,,0.8173684210526316,0.8152636616650499,66956548,4.5609987332378905,255.42286682128906,0.8630175048624618,9,123,10,1.5,0.7,5,2e-05,8,128
student_distilbert-base-uncased_fs10_supp123_seed6_tau3.0_a0.1,student,distilbert-base-uncased,,0.8172368421052632,0.8154274261520965,66956548,4.628678533481434,255.42286682128906,0.8628785773826062,6,123,10,3.0,0.1,5,2e-05,8,128
student_distilbert-base-uncased_fs10_supp123_seed6_tau2.5_a0.1,student,distilbert-base-uncased,,0.8171052631578948,0.815341928204522,66956548,3.4714782666924293,255.42286682128906,0.8627396499027508,6,123,10,2.5,0.1,5,2e-05,8,128
student_distilbert-base-uncased_fs10_supp123_seed6_tau2.0_a0.1,student,distilbert-base-uncased,,0.8169736842105263,0.8152223362420835,66956548,3.8987508000597395,255.42286682128906,0.8626007224228952,6,123,10,2.0,0.1,5,2e-05,8,128
student_distilbert-base-uncased_fs10_supp123_seed7_tau0.1_a0.9,student,distilbert-base-uncased,,0.8165789473684211,0.8137344686872865,66956548,3.242821733268405,255.42286682128906,0.8621839399833287,7,123,10,0.1,0.9,5,2e-05,8,128
student_distilbert-base-uncased_fs10_supp123_seed9_tau0.5_a0.7,student,distilbert-base-uncased,,0.8163157894736842,0.8140037646511991,66956548,4.42308986663799,255.42286682128906,0.8619060850236177,9,123,10,0.5,0.7,5,2e-05,8,128
student_distilbert-base-uncased_fs10_supp123_seed9_tau1.0_a0.7,student,distilbert-base-uncased,,0.8163157894736842,0.8141214052051693,66956548,3.5470559332073512,255.42286682128906,0.8619060850236177,9,123,10,1.0,0.7,5,2e-05,8,128
student_distilbert-base-uncased_fs10_supp123_seed7_tau0.5_a0.3,student,distilbert-base-uncased,,0.8161842105263157,0.8148206011037341,66956548,2.9352935334827635,255.42286682128906,0.8617671575437621,7,123,10,0.5,0.3,5,2e-05,8,128
student_distilbert-base-uncased_fs10_supp123_seed7_tau1.0_a0.9,student,distilbert-base-uncased,,0.8161842105263157,0.8133705449692752,66956548,3.477522866645207,255.42286682128906,0.8617671575437621,7,123,10,1.0,0.9,5,2e-05,8,128
student_distilbert-base-uncased_fs10_supp123_seed7_tau1.5_a0.9,student,distilbert-base-uncased,,0.8160526315789474,0.8132521053326788,66956548,3.7458660002206066,255.42286682128906,0.8616282300639065,7,123,10,1.5,0.9,5,2e-05,8,128
student_distilbert-base-uncased_fs10_supp123_seed7_tau0.5_a0.9,student,distilbert-base-uncased,,0.815921052631579,0.8131047982168945,66956548,3.920156400029858,255.42286682128906,0.8614893025840511,7,123,10,0.5,0.9,5,2e-05,8,128
student_distilbert-base-uncased_fs10_supp123_seed7_tau2.0_a0.9,student,distilbert-base-uncased,,0.815921052631579,0.8131221700199673,66956548,3.159683533400918,255.42286682128906,0.8614893025840511,7,123,10,2.0,0.9,5,2e-05,8,128
student_distilbert-base-uncased_fs10_supp123_seed7_tau2.5_a0.9,student,distilbert-base-uncased,,0.8157894736842105,0.8129769264311781,66956548,3.3197942665234828,255.42286682128906,0.8613503751041955,7,123,10,2.5,0.9,5,2e-05,8,128
student_distilbert-base-uncased_fs10_supp123_seed7_tau3.0_a0.9,student,distilbert-base-uncased,,0.8157894736842105,0.8129534244999161,66956548,4.451087999768788,255.42286682128906,0.8613503751041955,7,123,10,3.0,0.9,5,2e-05,8,128
student_distilbert-base-uncased_fs10_supp123_seed7_tau2.0_a0.3,student,distilbert-base-uncased,,0.8156578947368421,0.814616172339291,66956548,4.5972080663583865,255.42286682128906,0.8612114476243401,7,123,10,2.0,0.3,5,2e-05,8,128
student_distilbert-base-uncased_fs10_supp123_seed7_tau2.5_a0.3,student,distilbert-base-uncased,,0.8156578947368421,0.8146534429238196,66956548,3.3580007331086867,255.42286682128906,0.8612114476243401,7,123,10,2.5,0.3,5,2e-05,8,128
student_distilbert-base-uncased_fs10_supp123_seed6_tau0.1_a0.5,student,distilbert-base-uncased,,0.8153947368421053,0.8146809108860595,66956548,3.614616399985001,255.42286682128906,0.860933592664629,6,123,10,0.1,0.5,5,2e-05,8,128
student_distilbert-base-uncased_fs10_supp123_seed7_tau1.0_a0.3,student,distilbert-base-uncased,,0.8153947368421053,0.8143336915159992,66956548,3.486562200123444,255.42286682128906,0.860933592664629,7,123,10,1.0,0.3,5,2e-05,8,128
student_distilbert-base-uncased_fs10_supp123_seed7_tau3.0_a0.3,student,distilbert-base-uncased,,0.8153947368421053,0.8144053188965639,66956548,4.56875453334457,255.42286682128906,0.860933592664629,7,123,10,3.0,0.3,5,2e-05,8,128
student_distilbert-base-uncased_fs10_supp123_seed6_tau0.5_a0.7,student,distilbert-base-uncased,,0.8151315789473684,0.8146519227974525,66956548,4.642643199925563,255.42286682128906,0.860655737704918,6,123,10,0.5,0.7,5,2e-05,8,128
student_distilbert-base-uncased_fs10_supp123_seed7_tau1.5_a0.3,student,distilbert-base-uncased,,0.8151315789473684,0.8140909037415829,66956548,3.1205291996836118,255.42286682128906,0.860655737704918,7,123,10,1.5,0.3,5,2e-05,8,128
student_distilbert-base-uncased_fs10_supp123_seed5_tau0.1_a0.5,student,distilbert-base-uncased,,0.815,0.8117711766010589,66956548,3.463191399926776,255.42286682128906,0.8605168102250624,5,123,10,0.1,0.5,5,2e-05,8,128
student_distilbert-base-uncased_fs10_supp123_seed5_tau0.1_a0.7,student,distilbert-base-uncased,,0.815,0.8117390402834265,66956548,3.4616991333678016,255.42286682128906,0.8605168102250624,5,123,10,0.1,0.7,5,2e-05,8,128
student_distilbert-base-uncased_fs10_supp123_seed6_tau1.0_a0.7,student,distilbert-base-uncased,,0.8147368421052632,0.8141680762516921,66956548,3.1824647998291766,255.42286682128906,0.8602389552653515,6,123,10,1.0,0.7,5,2e-05,8,128
student_distilbert-base-uncased_fs10_supp123_seed6_tau2.0_a0.7,student,distilbert-base-uncased,,0.8147368421052632,0.8141344036943254,66956548,3.621783799765884,255.42286682128906,0.8602389552653515,6,123,10,2.0,0.7,5,2e-05,8,128
student_distilbert-base-uncased_fs10_supp123_seed6_tau1.5_a0.7,student,distilbert-base-uncased,,0.8144736842105263,0.8138786770465883,66956548,3.4902996666763406,255.42286682128906,0.8599611003056404,6,123,10,1.5,0.7,5,2e-05,8,128
student_distilbert-base-uncased_fs10_supp123_seed6_tau2.5_a0.7,student,distilbert-base-uncased,,0.8144736842105263,0.8138445577151294,66956548,3.3880560667967075,255.42286682128906,0.8599611003056404,6,123,10,2.5,0.7,5,2e-05,8,128
student_distilbert-base-uncased_fs10_supp123_seed7_tau0.1_a0.1,student,distilbert-base-uncased,,0.8143421052631579,0.813069154593331,66956548,3.5473652666041744,255.42286682128906,0.8598221728257849,7,123,10,0.1,0.1,5,2e-05,8,128
student_distilbert-base-uncased_fs10_supp123_seed6_tau3.0_a0.7,student,distilbert-base-uncased,,0.8142105263157895,0.8135975699292305,66956548,4.002109000066412,255.42286682128906,0.8596832453459294,6,123,10,3.0,0.7,5,2e-05,8,128
student_distilbert-base-uncased_fs10_supp123_seed7_tau0.5_a0.1,student,distilbert-base-uncased,,0.814078947368421,0.812587928703104,66956548,3.386441199897187,255.42286682128906,0.8595443178660738,7,123,10,0.5,0.1,5,2e-05,8,128
student_distilbert-base-uncased_fs10_supp123_seed5_tau3.0_a0.9,student,distilbert-base-uncased,,0.8136842105263158,0.8100817352608133,66956548,3.599590200004362,255.42286682128906,0.8591275354265073,5,123,10,3.0,0.9,5,2e-05,8,128
student_distilbert-base-uncased_fs10_supp123_seed3_tau0.5_a0.9,student,distilbert-base-uncased,,0.8134210526315789,0.8130813646422244,66956548,4.295579333241524,255.42286682128906,0.8588496804667963,3,123,10,0.5,0.9,5,2e-05,8,128
student_distilbert-base-uncased_fs10_supp123_seed5_tau2.5_a0.9,student,distilbert-base-uncased,,0.8134210526315789,0.8097925906289977,66956548,3.332699533317888,255.42286682128906,0.8588496804667963,5,123,10,2.5,0.9,5,2e-05,8,128
student_distilbert-base-uncased_fs10_supp123_seed6_tau0.1_a0.7,student,distilbert-base-uncased,,0.8134210526315789,0.81293948739213,66956548,3.6083328666184875,255.42286682128906,0.8588496804667963,6,123,10,0.1,0.7,5,2e-05,8,128
student_distilbert-base-uncased_fs10_supp123_seed5_tau1.5_a0.9,student,distilbert-base-uncased,,0.8132894736842106,0.8096493126944744,66956548,3.354464533367718,255.42286682128906,0.8587107529869408,5,123,10,1.5,0.9,5,2e-05,8,128
student_distilbert-base-uncased_fs10_supp123_seed5_tau2.0_a0.9,student,distilbert-base-uncased,,0.8132894736842106,0.8096642144874537,66956548,3.165683600036573,255.42286682128906,0.8587107529869408,5,123,10,2.0,0.9,5,2e-05,8,128
student_distilbert-base-uncased_fs10_supp123_seed3_tau0.1_a0.9,student,distilbert-base-uncased,,0.8131578947368421,0.8130497069071707,66956548,3.3039253336028196,255.42286682128906,0.8585718255070852,3,123,10,0.1,0.9,5,2e-05,8,128
student_distilbert-base-uncased_fs10_supp123_seed5_tau0.1_a0.3,student,distilbert-base-uncased,,0.8131578947368421,0.8094868838955686,66956548,4.718704599993846,255.42286682128906,0.8585718255070852,5,123,10,0.1,0.3,5,2e-05,8,128
student_distilbert-base-uncased_fs10_supp123_seed5_tau1.0_a0.9,student,distilbert-base-uncased,,0.8130263157894737,0.8093830607209793,66956548,3.1101010665527915,255.42286682128906,0.8584328980272298,5,123,10,1.0,0.9,5,2e-05,8,128
student_distilbert-base-uncased_fs10_supp123_seed5_tau3.0_a0.7,student,distilbert-base-uncased,,0.8130263157894737,0.8092816993031449,66956548,3.515915533292476,255.42286682128906,0.8584328980272298,5,123,10,3.0,0.7,5,2e-05,8,128
student_distilbert-base-uncased_fs10_supp123_seed3_tau2.0_a0.9,student,distilbert-base-uncased,,0.8128947368421052,0.8125904329112165,66956548,3.6191790666634915,255.42286682128906,0.8582939705473742,3,123,10,2.0,0.9,5,2e-05,8,128
student_distilbert-base-uncased_fs10_supp123_seed9_tau2.5_a0.5,student,distilbert-base-uncased,,0.8128947368421052,0.8103789781418004,66956548,3.125100733329115,255.42286682128906,0.8582939705473742,9,123,10,2.5,0.5,5,2e-05,8,128
student_distilbert-base-uncased_fs10_supp123_seed3_tau1.5_a0.9,student,distilbert-base-uncased,,0.8127631578947369,0.812486286774223,66956548,4.131030933179621,255.42286682128906,0.8581550430675188,3,123,10,1.5,0.9,5,2e-05,8,128
student_distilbert-base-uncased_fs10_supp123_seed5_tau0.1_a0.9,student,distilbert-base-uncased,,0.8127631578947369,0.8091555334288003,66956548,3.4610437999617716,255.42286682128906,0.8581550430675188,5,123,10,0.1,0.9,5,2e-05,8,128
student_distilbert-base-uncased_fs10_supp123_seed6_tau0.5_a0.9,student,distilbert-base-uncased,,0.8127631578947369,0.8124640407168834,66956548,3.272396799972436,255.42286682128906,0.8581550430675188,6,123,10,0.5,0.9,5,2e-05,8,128
student_distilbert-base-uncased_fs10_supp123_seed6_tau2.5_a0.9,student,distilbert-base-uncased,,0.8127631578947369,0.8124048652345585,66956548,3.1448932667141585,255.42286682128906,0.8581550430675188,6,123,10,2.5,0.9,5,2e-05,8,128
student_distilbert-base-uncased_fs10_supp123_seed6_tau3.0_a0.9,student,distilbert-base-uncased,,0.8127631578947369,0.8124289972231967,66956548,5.7783190666668816,255.42286682128906,0.8581550430675188,6,123,10,3.0,0.9,5,2e-05,8,128
student_distilbert-base-uncased_fs10_supp123_seed6_tau1.0_a0.9,student,distilbert-base-uncased,,0.8126315789473684,0.8122852471647287,66956548,3.184177933326282,255.42286682128906,0.8580161155876631,6,123,10,1.0,0.9,5,2e-05,8,128
student_distilbert-base-uncased_fs10_supp123_seed6_tau1.5_a0.9,student,distilbert-base-uncased,,0.8126315789473684,0.8122835086330975,66956548,4.064682399985031,255.42286682128906,0.8580161155876631,6,123,10,1.5,0.9,5,2e-05,8,128
student_distilbert-base-uncased_fs10_supp123_seed9_tau3.0_a0.5,student,distilbert-base-uncased,,0.8126315789473684,0.8102468206404138,66956548,4.1182566664550295,255.42286682128906,0.8580161155876631,9,123,10,3.0,0.5,5,2e-05,8,128
student_distilbert-base-uncased_fs10_supp123_seed3_tau2.5_a0.9,student,distilbert-base-uncased,,0.8125,0.8122317796672315,66956548,4.085232266758491,255.42286682128906,0.8578771881078077,3,123,10,2.5,0.9,5,2e-05,8,128
student_distilbert-base-uncased_fs10_supp123_seed5_tau2.5_a0.7,student,distilbert-base-uncased,,0.8125,0.8087605288229406,66956548,3.8242857332988933,255.42286682128906,0.8578771881078077,5,123,10,2.5,0.7,5,2e-05,8,128
student_distilbert-base-uncased_fs10_supp123_seed6_tau2.0_a0.9,student,distilbert-base-uncased,,0.8125,0.8121539570303439,66956548,4.364355133414695,255.42286682128906,0.8578771881078077,6,123,10,2.0,0.9,5,2e-05,8,128
student_distilbert-base-uncased_fs10_supp123_seed5_tau0.5_a0.9,student,distilbert-base-uncased,,0.8123684210526316,0.8085269524949493,66956548,4.1815658000511275,255.42286682128906,0.8577382606279522,5,123,10,0.5,0.9,5,2e-05,8,128
student_distilbert-base-uncased_fs10_supp123_seed3_tau3.0_a0.9,student,distilbert-base-uncased,,0.8122368421052631,0.8119684782062881,66956548,5.23712453347495,255.42286682128906,0.8575993331480967,3,123,10,3.0,0.9,5,2e-05,8,128
student_distilbert-base-uncased_fs10_supp123_seed3_tau1.0_a0.9,student,distilbert-base-uncased,,0.8121052631578948,0.8117620642921611,66956548,3.201289666564359,255.42286682128906,0.8574604056682412,3,123,10,1.0,0.9,5,2e-05,8,128
student_distilbert-base-uncased_fs10_supp123_seed5_tau2.0_a0.7,student,distilbert-base-uncased,,0.8121052631578948,0.8082488737084409,66956548,4.08658599996367,255.42286682128906,0.8574604056682412,5,123,10,2.0,0.7,5,2e-05,8,128
student_distilbert-base-uncased_fs10_supp123_seed6_tau0.1_a0.9,student,distilbert-base-uncased,,0.8121052631578948,0.8117889981854975,66956548,4.070979133393848,255.42286682128906,0.8574604056682412,6,123,10,0.1,0.9,5,2e-05,8,128
student_distilbert-base-uncased_fs10_supp123_seed8_tau0.1_a0.1,student,distilbert-base-uncased,,0.8121052631578948,0.8132767787603763,66956548,3.6560735999955796,255.42286682128906,0.8574604056682412,8,123,10,0.1,0.1,5,2e-05,8,128
student_distilbert-base-uncased_fs10_supp123_seed9_tau2.0_a0.5,student,distilbert-base-uncased,,0.8121052631578948,0.8094973120759006,66956548,3.170279733118756,255.42286682128906,0.8574604056682412,9,123,10,2.0,0.5,5,2e-05,8,128
student_distilbert-base-uncased_fs10_supp123_seed9_tau1.0_a0.5,student,distilbert-base-uncased,,0.8118421052631579,0.8090236078730617,66956548,3.5987907329399604,255.42286682128906,0.8571825507085301,9,123,10,1.0,0.5,5,2e-05,8,128
student_distilbert-base-uncased_fs10_supp123_seed7_tau1.0_a0.1,student,distilbert-base-uncased,,0.8117105263157894,0.8102033484527,66956548,4.189264533306414,255.42286682128906,0.8570436232286746,7,123,10,1.0,0.1,5,2e-05,8,128
student_distilbert-base-uncased_fs10_supp123_seed5_tau1.5_a0.7,student,distilbert-base-uncased,,0.8115789473684211,0.8077309690032584,66956548,3.8764285999908075,255.42286682128906,0.8569046957488191,5,123,10,1.5,0.7,5,2e-05,8,128
student_distilbert-base-uncased_fs10_supp123_seed5_tau0.5_a0.7,student,distilbert-base-uncased,,0.8114473684210526,0.8074940899954488,66956548,3.2348891999390617,255.42286682128906,0.8567657682689636,5,123,10,0.5,0.7,5,2e-05,8,128
student_distilbert-base-uncased_fs10_supp123_seed5_tau1.0_a0.7,student,distilbert-base-uncased,,0.8114473684210526,0.8074888446704238,66956548,3.3740859333496096,255.42286682128906,0.8567657682689636,5,123,10,1.0,0.7,5,2e-05,8,128
student_distilbert-base-uncased_fs10_supp123_seed7_tau1.5_a0.1,student,distilbert-base-uncased,,0.8114473684210526,0.8099579501377407,66956548,3.092102000421922,255.42286682128906,0.8567657682689636,7,123,10,1.5,0.1,5,2e-05,8,128
student_distilbert-base-uncased_fs10_supp123_seed9_tau0.1_a0.1,student,distilbert-base-uncased,,0.8114473684210526,0.8080510822148937,66956548,3.5841826666000998,255.42286682128906,0.8567657682689636,9,123,10,0.1,0.1,5,2e-05,8,128
student_distilbert-base-uncased_fs10_supp123_seed3_tau0.5_a0.7,student,distilbert-base-uncased,,0.8113157894736842,0.8108611585597977,66956548,2.919339066647808,255.42286682128906,0.856626840789108,3,123,10,0.5,0.7,5,2e-05,8,128
student_distilbert-base-uncased_fs10_supp123_seed7_tau2.5_a0.1,student,distilbert-base-uncased,,0.8110526315789474,0.8095094701018071,66956548,3.0718670665616323,255.42286682128906,0.856348985829397,7,123,10,2.5,0.1,5,2e-05,8,128
student_distilbert-base-uncased_fs10_supp123_seed9_tau0.5_a0.5,student,distilbert-base-uncased,,0.810921052631579,0.8077475445534387,66956548,3.1315063998287465,255.42286682128906,0.8562100583495416,9,123,10,0.5,0.5,5,2e-05,8,128
student_distilbert-base-uncased_fs10_supp123_seed9_tau1.5_a0.5,student,distilbert-base-uncased,,0.8107894736842105,0.8080493057498697,66956548,3.0992424000335936,255.42286682128906,0.856071130869686,9,123,10,1.5,0.5,5,2e-05,8,128
student_distilbert-base-uncased_fs10_supp123_seed3_tau0.1_a0.7,student,distilbert-base-uncased,,0.8106578947368421,0.8109596721994424,66956548,3.2211557333842697,255.42286682128906,0.8559322033898304,3,123,10,0.1,0.7,5,2e-05,8,128
student_distilbert-base-uncased_fs10_supp123_seed5_tau2.5_a0.5,student,distilbert-base-uncased,,0.8105263157894737,0.8063468437051791,66956548,3.24178939996879,255.42286682128906,0.8557932759099749,5,123,10,2.5,0.5,5,2e-05,8,128
student_distilbert-base-uncased_fs10_supp123_seed7_tau2.0_a0.1,student,distilbert-base-uncased,,0.8105263157894737,0.8089432404225926,66956548,3.806264199617241,255.42286682128906,0.8557932759099749,7,123,10,2.0,0.1,5,2e-05,8,128
student_distilbert-base-uncased_fs10_supp123_seed3_tau1.0_a0.7,student,distilbert-base-uncased,,0.8102631578947368,0.809799998679405,66956548,4.052592800144339,255.42286682128906,0.8555154209502639,3,123,10,1.0,0.7,5,2e-05,8,128
student_distilbert-base-uncased_fs10_supp123_seed7_tau3.0_a0.1,student,distilbert-base-uncased,,0.8101315789473684,0.8085892676324938,66956548,4.161742266539174,255.42286682128906,0.8553764934704084,7,123,10,3.0,0.1,5,2e-05,8,128
student_distilbert-base-uncased_fs10_supp123_seed2_tau0.5_a0.1,student,distilbert-base-uncased,,0.8098684210526316,0.8093855684765381,66956548,3.1439699335654345,255.42286682128906,0.8550986385106973,2,123,10,0.5,0.1,5,2e-05,8,128
student_distilbert-base-uncased_fs10_supp123_seed5_tau2.0_a0.5,student,distilbert-base-uncased,,0.8098684210526316,0.8055505849062006,66956548,3.6017598000095554,255.42286682128906,0.8550986385106973,5,123,10,2.0,0.5,5,2e-05,8,128
student_distilbert-base-uncased_fs10_supp123_seed3_tau0.1_a0.5,student,distilbert-base-uncased,,0.8097368421052632,0.8102110162112421,66956548,3.16812693333001,255.42286682128906,0.8549597110308419,3,123,10,0.1,0.5,5,2e-05,8,128
student_distilbert-base-uncased_fs10_supp123_seed3_tau1.5_a0.7,student,distilbert-base-uncased,,0.8096052631578947,0.8092575760860444,66956548,3.5179785335155125,255.42286682128906,0.8548207835509863,3,123,10,1.5,0.7,5,2e-05,8,128
student_distilbert-base-uncased_fs10_supp123_seed5_tau3.0_a0.5,student,distilbert-base-uncased,,0.8096052631578947,0.8053129601257846,66956548,4.513244466640269,255.42286682128906,0.8548207835509863,5,123,10,3.0,0.5,5,2e-05,8,128
student_distilbert-base-uncased_fs10_supp123_seed3_tau3.0_a0.7,student,distilbert-base-uncased,,0.8089473684210526,0.8087004099916929,66956548,3.9946694001021874,255.42286682128906,0.8541261461517088,3,123,10,3.0,0.7,5,2e-05,8,128
student_distilbert-base-uncased_fs10_supp123_seed3_tau2.5_a0.7,student,distilbert-base-uncased,,0.8088157894736843,0.8084835673601679,66956548,3.607559733306213,255.42286682128906,0.8539872186718533,3,123,10,2.5,0.7,5,2e-05,8,128
student_distilbert-base-uncased_fs10_supp123_seed3_tau2.0_a0.7,student,distilbert-base-uncased,,0.8086842105263158,0.8083622103189507,66956548,5.005886533035664,255.42286682128906,0.8538482911919977,3,123,10,2.0,0.7,5,2e-05,8,128
student_distilbert-base-uncased_fs10_supp123_seed5_tau1.0_a0.5,student,distilbert-base-uncased,,0.8085526315789474,0.8038749435190344,66956548,3.7126447999374554,255.42286682128906,0.8537093637121422,5,123,10,1.0,0.5,5,2e-05,8,128
student_distilbert-base-uncased_fs10_supp123_seed5_tau0.5_a0.5,student,distilbert-base-uncased,,0.8082894736842106,0.803469758356,66956548,3.0887363333931717,255.42286682128906,0.8534315087524312,5,123,10,0.5,0.5,5,2e-05,8,128
student_distilbert-base-uncased_fs10_supp123_seed5_tau1.5_a0.5,student,distilbert-base-uncased,,0.8082894736842106,0.8038141597999245,66956548,3.671110866677433,255.42286682128906,0.8534315087524312,5,123,10,1.5,0.5,5,2e-05,8,128
student_distilbert-base-uncased_fs10_supp123_seed8_tau0.1_a0.3,student,distilbert-base-uncased,,0.8082894736842106,0.8098625716467979,66956548,3.677076466556173,255.42286682128906,0.8534315087524312,8,123,10,0.1,0.3,5,2e-05,8,128
student_distilbert-base-uncased_fs10_supp123_seed3_tau0.5_a0.5,student,distilbert-base-uncased,,0.8080263157894737,0.8071010954827187,66956548,4.790441333170747,255.42286682128906,0.8531536537927201,3,123,10,0.5,0.5,5,2e-05,8,128
student_distilbert-base-uncased_fs10_supp123_seed2_tau0.5_a0.5,student,distilbert-base-uncased,,0.8078947368421052,0.8069412033707797,66956548,4.727481666850508,255.42286682128906,0.8530147263128646,2,123,10,0.5,0.5,5,2e-05,8,128
student_distilbert-base-uncased_fs10_supp123_seed0_tau0.1_a0.9,student,distilbert-base-uncased,,0.8077631578947368,0.8056436451430402,66956548,4.719990266615544,255.42286682128906,0.8528757988330091,0,123,10,0.1,0.9,5,2e-05,8,128
student_distilbert-base-uncased_fs10_supp123_seed0_tau0.5_a0.9,student,distilbert-base-uncased,,0.8075,0.8052155361643775,66956548,3.7634744666623496,255.42286682128906,0.8525979438732981,0,123,10,0.5,0.9,5,2e-05,8,128
student_distilbert-base-uncased_fs10_supp123_seed0_tau1.0_a0.9,student,distilbert-base-uncased,,0.8075,0.8051985671857345,66956548,5.631441733506411,255.42286682128906,0.8525979438732981,0,123,10,1.0,0.9,5,2e-05,8,128
student_distilbert-base-uncased_fs10_supp123_seed0_tau1.5_a0.9,student,distilbert-base-uncased,,0.8073684210526316,0.8051349569972153,66956548,5.236982133343797,255.42286682128906,0.8524590163934427,0,123,10,1.5,0.9,5,2e-05,8,128
student_distilbert-base-uncased_fs10_supp123_seed0_tau0.1_a0.7,student,distilbert-base-uncased,,0.8072368421052631,0.8049054233875829,66956548,3.799697266670895,255.42286682128906,0.852320088913587,0,123,10,0.1,0.7,5,2e-05,8,128
student_distilbert-base-uncased_fs10_supp123_seed0_tau2.0_a0.9,student,distilbert-base-uncased,,0.8072368421052631,0.8050742269142381,66956548,4.376972733371076,255.42286682128906,0.852320088913587,0,123,10,2.0,0.9,5,2e-05,8,128
student_distilbert-base-uncased_fs10_supp123_seed0_tau3.0_a0.9,student,distilbert-base-uncased,,0.8071052631578948,0.8049412431311206,66956548,3.939721466607201,255.42286682128906,0.8521811614337316,0,123,10,3.0,0.9,5,2e-05,8,128
student_distilbert-base-uncased_fs10_supp123_seed2_tau3.0_a0.1,student,distilbert-base-uncased,,0.8071052631578948,0.806026931280676,66956548,4.487334866522967,255.42286682128906,0.8521811614337316,2,123,10,3.0,0.1,5,2e-05,8,128
student_distilbert-base-uncased_fs10_supp123_seed0_tau2.5_a0.9,student,distilbert-base-uncased,,0.8069736842105263,0.804905701442676,66956548,4.28370633344457,255.42286682128906,0.852042233953876,0,123,10,2.5,0.9,5,2e-05,8,128
student_distilbert-base-uncased_fs10_supp123_seed2_tau2.5_a0.5,student,distilbert-base-uncased,,0.8069736842105263,0.8060810855868017,66956548,4.14743680000053,255.42286682128906,0.852042233953876,2,123,10,2.5,0.5,5,2e-05,8,128
student_distilbert-base-uncased_fs10_supp123_seed2_tau1.5_a0.1,student,distilbert-base-uncased,,0.8068421052631579,0.8057535176016921,66956548,3.7710887999613383,255.42286682128906,0.8519033064740206,2,123,10,1.5,0.1,5,2e-05,8,128
student_distilbert-base-uncased_fs10_supp123_seed2_tau2.0_a0.5,student,distilbert-base-uncased,,0.8068421052631579,0.80595712370344,66956548,3.7466979332142123,255.42286682128906,0.8519033064740206,2,123,10,2.0,0.5,5,2e-05,8,128
student_distilbert-base-uncased_fs10_supp123_seed0_tau2.5_a0.7,student,distilbert-base-uncased,,0.8067105263157894,0.80431798253054,66956548,5.628220133439754,255.42286682128906,0.851764378994165,0,123,10,2.5,0.7,5,2e-05,8,128
student_distilbert-base-uncased_fs10_supp123_seed2_tau1.5_a0.5,student,distilbert-base-uncased,,0.8067105263157894,0.805837559425373,66956548,5.081397066775632,255.42286682128906,0.851764378994165,2,123,10,1.5,0.5,5,2e-05,8,128
student_distilbert-base-uncased_fs10_supp123_seed2_tau3.0_a0.5,student,distilbert-base-uncased,,0.8067105263157894,0.8058214540746009,66956548,3.316249133179857,255.42286682128906,0.851764378994165,2,123,10,3.0,0.5,5,2e-05,8,128
student_distilbert-base-uncased_fs10_supp123_seed0_tau2.0_a0.7,student,distilbert-base-uncased,,0.8065789473684211,0.8041845280027052,66956548,4.872812066787446,255.42286682128906,0.8516254515143095,0,123,10,2.0,0.7,5,2e-05,8,128
student_distilbert-base-uncased_fs10_supp123_seed0_tau3.0_a0.7,student,distilbert-base-uncased,,0.8065789473684211,0.8041973663142005,66956548,3.299531133294901,255.42286682128906,0.8516254515143095,0,123,10,3.0,0.7,5,2e-05,8,128
student_distilbert-base-uncased_fs10_supp123_seed2_tau1.0_a0.1,student,distilbert-base-uncased,,0.8065789473684211,0.8056419519747855,66956548,4.124892999971053,255.42286682128906,0.8516254515143095,2,123,10,1.0,0.1,5,2e-05,8,128
student_distilbert-base-uncased_fs10_supp123_seed2_tau3.0_a0.3,student,distilbert-base-uncased,,0.8065789473684211,0.8059752410050205,66956548,4.1694075333604514,255.42286682128906,0.8516254515143095,2,123,10,3.0,0.3,5,2e-05,8,128
student_distilbert-base-uncased_fs10_supp123_seed2_tau0.5_a0.3,student,distilbert-base-uncased,,0.8064473684210526,0.8059844496647968,66956548,4.359957933290086,255.42286682128906,0.8514865240344539,2,123,10,0.5,0.3,5,2e-05,8,128
student_distilbert-base-uncased_fs10_supp123_seed2_tau1.0_a0.5,student,distilbert-base-uncased,,0.8064473684210526,0.8055520945070163,66956548,3.278028466957039,255.42286682128906,0.8514865240344539,2,123,10,1.0,0.5,5,2e-05,8,128
student_distilbert-base-uncased_fs10_supp123_seed2_tau2.0_a0.1,student,distilbert-base-uncased,,0.8064473684210526,0.8052916035244347,66956548,3.9453118000286245,255.42286682128906,0.8514865240344539,2,123,10,2.0,0.1,5,2e-05,8,128
student_distilbert-base-uncased_fs10_supp123_seed2_tau2.0_a0.3,student,distilbert-base-uncased,,0.8064473684210526,0.8058733826800788,66956548,4.089853533150745,255.42286682128906,0.8514865240344539,2,123,10,2.0,0.3,5,2e-05,8,128
student_distilbert-base-uncased_fs10_supp123_seed2_tau2.5_a0.1,student,distilbert-base-uncased,,0.8064473684210526,0.805302091912484,66956548,4.304405800091142,255.42286682128906,0.8514865240344539,2,123,10,2.5,0.1,5,2e-05,8,128
student_distilbert-base-uncased_fs10_supp123_seed2_tau2.5_a0.3,student,distilbert-base-uncased,,0.8064473684210526,0.8058316126927625,66956548,3.6059977335147173,255.42286682128906,0.8514865240344539,2,123,10,2.5,0.3,5,2e-05,8,128
student_distilbert-base-uncased_fs10_supp123_seed0_tau1.5_a0.7,student,distilbert-base-uncased,,0.8060526315789474,0.8036092490812249,66956548,3.0054756001845817,255.42286682128906,0.8510697415948875,0,123,10,1.5,0.7,5,2e-05,8,128
student_distilbert-base-uncased_fs10_supp123_seed2_tau1.5_a0.3,student,distilbert-base-uncased,,0.805921052631579,0.8053945821635672,66956548,3.3257266666623764,255.42286682128906,0.8509308141150319,2,123,10,1.5,0.3,5,2e-05,8,128
student_distilbert-base-uncased_fs10_supp123_seed8_tau0.1_a0.5,student,distilbert-base-uncased,,0.805921052631579,0.8078545594555758,66956548,3.081412333267508,255.42286682128906,0.8509308141150319,8,123,10,0.1,0.5,5,2e-05,8,128
student_distilbert-base-uncased_fs10_supp123_seed2_tau2.0_a0.7,student,distilbert-base-uncased,,0.8057894736842105,0.8047293266278764,66956548,4.158113666805245,255.42286682128906,0.8507918866351764,2,123,10,2.0,0.7,5,2e-05,8,128
student_distilbert-base-uncased_fs10_supp123_seed5_tau3.0_a0.3,student,distilbert-base-uncased,,0.8057894736842105,0.8004706789711112,66956548,3.3318753333333007,255.42286682128906,0.8507918866351764,5,123,10,3.0,0.3,5,2e-05,8,128
student_distilbert-base-uncased_fs10_supp123_seed2_tau2.5_a0.7,student,distilbert-base-uncased,,0.8056578947368421,0.8046105625991036,66956548,3.2444137997420817,255.42286682128906,0.8506529591553209,2,123,10,2.5,0.7,5,2e-05,8,128
student_distilbert-base-uncased_fs10_supp123_seed5_tau2.5_a0.3,student,distilbert-base-uncased,,0.8056578947368421,0.8003144987328912,66956548,3.07364126668593,255.42286682128906,0.8506529591553209,5,123,10,2.5,0.3,5,2e-05,8,128
student_distilbert-base-uncased_fs10_supp123_seed8_tau2.0_a0.9,student,distilbert-base-uncased,,0.8056578947368421,0.8075351883958841,66956548,3.0432116665906506,255.42286682128906,0.8506529591553209,8,123,10,2.0,0.9,5,2e-05,8,128
student_distilbert-base-uncased_fs10_supp123_seed8_tau2.5_a0.9,student,distilbert-base-uncased,,0.8056578947368421,0.8075261634919364,66956548,3.563808399849222,255.42286682128906,0.8506529591553209,8,123,10,2.5,0.9,5,2e-05,8,128
student_distilbert-base-uncased_fs10_supp123_seed8_tau3.0_a0.9,student,distilbert-base-uncased,,0.8056578947368421,0.8075261634919364,66956548,3.388429733361894,255.42286682128906,0.8506529591553209,8,123,10,3.0,0.9,5,2e-05,8,128
student_distilbert-base-uncased_fs10_supp123_seed2_tau3.0_a0.7,student,distilbert-base-uncased,,0.8055263157894736,0.804463556770365,66956548,4.052966133410034,255.42286682128906,0.8505140316754654,2,123,10,3.0,0.7,5,2e-05,8,128
student_distilbert-base-uncased_fs10_supp123_seed8_tau0.1_a0.7,student,distilbert-base-uncased,,0.8055263157894736,0.8074419230109732,66956548,4.180876333703054,255.42286682128906,0.8505140316754654,8,123,10,0.1,0.7,5,2e-05,8,128
student_distilbert-base-uncased_fs10_supp123_seed2_tau1.0_a0.3,student,distilbert-base-uncased,,0.8053947368421053,0.804922159592798,66956548,4.051998466578273,255.42286682128906,0.8503751041956099,2,123,10,1.0,0.3,5,2e-05,8,128
student_distilbert-base-uncased_fs10_supp123_seed8_tau1.0_a0.9,student,distilbert-base-uncased,,0.8053947368421053,0.8073201129966964,66956548,3.099419999974392,255.42286682128906,0.8503751041956099,8,123,10,1.0,0.9,5,2e-05,8,128
student_distilbert-base-uncased_fs10_supp123_seed5_tau2.0_a0.3,student,distilbert-base-uncased,,0.8052631578947368,0.7997707563102818,66956548,4.492207400016923,255.42286682128906,0.8502361767157542,5,123,10,2.0,0.3,5,2e-05,8,128
student_distilbert-base-uncased_fs10_supp123_seed0_tau0.1_a0.5,student,distilbert-base-uncased,,0.8051315789473684,0.8023188709194846,66956548,3.8981805332393074,255.42286682128906,0.8500972492358988,0,123,10,0.1,0.5,5,2e-05,8,128
student_distilbert-base-uncased_fs10_supp123_seed0_tau1.0_a0.7,student,distilbert-base-uncased,,0.805,0.8024943937290923,66956548,4.716501133467925,255.42286682128906,0.8499583217560434,0,123,10,1.0,0.7,5,2e-05,8,128
student_distilbert-base-uncased_fs10_supp123_seed5_tau1.5_a0.3,student,distilbert-base-uncased,,0.805,0.7993845679736216,66956548,3.4274419999746897,255.42286682128906,0.8499583217560434,5,123,10,1.5,0.3,5,2e-05,8,128
student_distilbert-base-uncased_fs10_supp123_seed3_tau0.1_a0.3,student,distilbert-base-uncased,,0.8048684210526316,0.8057824165614469,66956548,3.0654996667484133,255.42286682128906,0.8498193942761878,3,123,10,0.1,0.3,5,2e-05,8,128
student_distilbert-base-uncased_fs10_supp123_seed2_tau1.5_a0.7,student,distilbert-base-uncased,,0.8047368421052632,0.8037128328058903,66956548,3.336619400215568,255.42286682128906,0.8496804667963324,2,123,10,1.5,0.7,5,2e-05,8,128
student_distilbert-base-uncased_fs10_supp123_seed3_tau0.1_a0.1,student,distilbert-base-uncased,,0.8047368421052632,0.8052219534129922,66956548,3.824978999909945,255.42286682128906,0.8496804667963324,3,123,10,0.1,0.1,5,2e-05,8,128
student_distilbert-base-uncased_fs10_supp123_seed3_tau1.0_a0.5,student,distilbert-base-uncased,,0.8047368421052632,0.8039279844355933,66956548,3.5919300666137133,255.42286682128906,0.8496804667963324,3,123,10,1.0,0.5,5,2e-05,8,128
student_distilbert-base-uncased_fs10_supp123_seed8_tau1.5_a0.9,student,distilbert-base-uncased,,0.8047368421052632,0.8066527904598791,66956548,4.857441599718489,255.42286682128906,0.8496804667963324,8,123,10,1.5,0.9,5,2e-05,8,128
student_distilbert-base-uncased_fs10_supp123_seed8_tau0.1_a0.9,student,distilbert-base-uncased,,0.8046052631578947,0.8066035351135731,66956548,3.389878866801155,255.42286682128906,0.8495415393164767,8,123,10,0.1,0.9,5,2e-05,8,128
student_distilbert-base-uncased_fs10_supp123_seed8_tau0.5_a0.9,student,distilbert-base-uncased,,0.8046052631578947,0.8064656066623532,66956548,4.808745466531643,255.42286682128906,0.8495415393164767,8,123,10,0.5,0.9,5,2e-05,8,128
student_distilbert-base-uncased_fs10_supp123_seed2_tau0.5_a0.7,student,distilbert-base-uncased,,0.8044736842105263,0.8032538939283699,66956548,2.9926093335234327,255.42286682128906,0.8494026118366212,2,123,10,0.5,0.7,5,2e-05,8,128
student_distilbert-base-uncased_fs10_supp123_seed2_tau1.0_a0.7,student,distilbert-base-uncased,,0.8043421052631579,0.8032551470507902,66956548,3.0913130668826247,255.42286682128906,0.8492636843567657,2,123,10,1.0,0.7,5,2e-05,8,128
student_distilbert-base-uncased_fs10_supp123_seed5_tau1.0_a0.3,student,distilbert-base-uncased,,0.8043421052631579,0.7985078896104661,66956548,3.3903926666729,255.42286682128906,0.8492636843567657,5,123,10,1.0,0.3,5,2e-05,8,128
student_distilbert-base-uncased_fs10_supp123_seed0_tau0.5_a0.7,student,distilbert-base-uncased,,0.804078947368421,0.8013509493729669,66956548,4.275629866666956,255.42286682128906,0.8489858293970547,0,123,10,0.5,0.7,5,2e-05,8,128
student_distilbert-base-uncased_fs10_supp123_seed3_tau1.5_a0.5,student,distilbert-base-uncased,,0.8038157894736843,0.8030634519733145,66956548,3.9131934666026305,255.42286682128906,0.8487079744373437,3,123,10,1.5,0.5,5,2e-05,8,128
student_distilbert-base-uncased_fs10_supp123_seed0_tau2.0_a0.5,student,distilbert-base-uncased,,0.8036842105263158,0.8007939164760305,66956548,4.773749466767185,255.42286682128906,0.8485690469574881,0,123,10,2.0,0.5,5,2e-05,8,128
student_distilbert-base-uncased_fs10_supp123_seed0_tau3.0_a0.5,student,distilbert-base-uncased,,0.8036842105263158,0.8009641158164786,66956548,4.962880199915769,255.42286682128906,0.8485690469574881,0,123,10,3.0,0.5,5,2e-05,8,128
student_distilbert-base-uncased_fs10_supp123_seed0_tau1.5_a0.5,student,distilbert-base-uncased,,0.8034210526315789,0.800678232748197,66956548,5.243018933470012,255.42286682128906,0.8482911919977771,0,123,10,1.5,0.5,5,2e-05,8,128
student_distilbert-base-uncased_fs10_supp123_seed0_tau2.5_a0.5,student,distilbert-base-uncased,,0.8034210526315789,0.8005531559602834,66956548,5.519363199952447,255.42286682128906,0.8482911919977771,0,123,10,2.5,0.5,5,2e-05,8,128
student_distilbert-base-uncased_fs10_supp123_seed2_tau0.1_a0.1,student,distilbert-base-uncased,,0.8034210526315789,0.8024932404941509,66956548,3.4100975333179426,255.42286682128906,0.8482911919977771,2,123,10,0.1,0.1,5,2e-05,8,128
student_distilbert-base-uncased_fs10_supp123_seed5_tau0.5_a0.3,student,distilbert-base-uncased,,0.8032894736842106,0.7971332082555674,66956548,3.5553388666509513,255.42286682128906,0.8481522645179216,5,123,10,0.5,0.3,5,2e-05,8,128
student_distilbert-base-uncased_fs10_supp123_seed3_tau2.0_a0.5,student,distilbert-base-uncased,,0.8030263157894737,0.8022965907022945,66956548,3.70308060021974,255.42286682128906,0.8478744095582106,3,123,10,2.0,0.5,5,2e-05,8,128
student_distilbert-base-uncased_fs10_supp123_seed0_tau1.0_a0.5,student,distilbert-base-uncased,,0.8028947368421052,0.7999642591496547,66956548,5.012755800271407,255.42286682128906,0.847735482078355,0,123,10,1.0,0.5,5,2e-05,8,128
student_distilbert-base-uncased_fs10_supp123_seed3_tau2.5_a0.5,student,distilbert-base-uncased,,0.8023684210526316,0.8015837402900439,66956548,3.3299583997480418,255.42286682128906,0.847179772158933,3,123,10,2.5,0.5,5,2e-05,8,128
student_distilbert-base-uncased_fs10_supp123_seed8_tau0.5_a0.7,student,distilbert-base-uncased,,0.8022368421052631,0.8038407339659052,66956548,3.605625933414558,255.42286682128906,0.8470408446790775,8,123,10,0.5,0.7,5,2e-05,8,128
student_distilbert-base-uncased_fs10_supp123_seed8_tau3.0_a0.7,student,distilbert-base-uncased,,0.8018421052631579,0.8034539769931062,66956548,3.1472964002508284,255.42286682128906,0.8466240622395109,8,123,10,3.0,0.7,5,2e-05,8,128
student_distilbert-base-uncased_fs10_supp123_seed3_tau3.0_a0.5,student,distilbert-base-uncased,,0.8015789473684211,0.8009589359879298,66956548,3.8692455333754574,255.42286682128906,0.8463462072797999,3,123,10,3.0,0.5,5,2e-05,8,128
student_distilbert-base-uncased_fs10_supp123_seed8_tau2.5_a0.7,student,distilbert-base-uncased,,0.8015789473684211,0.8032110978935452,66956548,3.6160462002347535,255.42286682128906,0.8463462072797999,8,123,10,2.5,0.7,5,2e-05,8,128
student_distilbert-base-uncased_fs10_supp123_seed2_tau0.1_a0.5,student,distilbert-base-uncased,,0.8014473684210527,0.7999066892036528,66956548,3.9950918668182567,255.42286682128906,0.8462072797999445,2,123,10,0.1,0.5,5,2e-05,8,128
student_distilbert-base-uncased_fs10_supp123_seed8_tau2.0_a0.7,student,distilbert-base-uncased,,0.8013157894736842,0.80288548201962,66956548,3.186504333401293,255.42286682128906,0.8460683523200888,8,123,10,2.0,0.7,5,2e-05,8,128
student_distilbert-base-uncased_fs10_supp123_seed0_tau0.5_a0.5,student,distilbert-base-uncased,,0.8011842105263158,0.7978142146327201,66956548,3.5606226664943583,255.42286682128906,0.8459294248402334,0,123,10,0.5,0.5,5,2e-05,8,128
student_distilbert-base-uncased_fs10_supp123_seed9_tau2.5_a0.3,student,distilbert-base-uncased,,0.8011842105263158,0.7970902525529185,66956548,3.274500866731008,255.42286682128906,0.8459294248402334,9,123,10,2.5,0.3,5,2e-05,8,128
student_distilbert-base-uncased_fs10_supp123_seed8_tau0.5_a0.1,student,distilbert-base-uncased,,0.8010526315789473,0.8000248323156465,66956548,4.291135733365081,255.42286682128906,0.8457904973603778,8,123,10,0.5,0.1,5,2e-05,8,128
student_distilbert-base-uncased_fs10_supp123_seed8_tau1.0_a0.7,student,distilbert-base-uncased,,0.8010526315789473,0.8026030946768218,66956548,4.24936306650731,255.42286682128906,0.8457904973603778,8,123,10,1.0,0.7,5,2e-05,8,128
student_distilbert-base-uncased_fs10_supp123_seed8_tau1.5_a0.7,student,distilbert-base-uncased,,0.8010526315789473,0.8026557197613655,66956548,5.755984666757286,255.42286682128906,0.8457904973603778,8,123,10,1.5,0.7,5,2e-05,8,128
student_distilbert-base-uncased_fs10_supp123_seed2_tau0.1_a0.7,student,distilbert-base-uncased,,0.8007894736842105,0.7993420258253681,66956548,4.102258800169996,255.42286682128906,0.8455126424006668,2,123,10,0.1,0.7,5,2e-05,8,128
student_distilbert-base-uncased_fs10_supp123_seed2_tau0.5_a0.9,student,distilbert-base-uncased,,0.8006578947368421,0.7992520827176612,66956548,3.5614959998686877,255.42286682128906,0.8453737149208114,2,123,10,0.5,0.9,5,2e-05,8,128
student_distilbert-base-uncased_fs10_supp123_seed3_tau0.5_a0.3,student,distilbert-base-uncased,,0.8006578947368421,0.798715401793537,66956548,3.04950766658294,255.42286682128906,0.8453737149208114,3,123,10,0.5,0.3,5,2e-05,8,128
student_distilbert-base-uncased_fs10_supp123_seed0_tau0.1_a0.3,student,distilbert-base-uncased,,0.8005263157894736,0.7969934467315233,66956548,5.3116602667917805,255.42286682128906,0.8452347874409557,0,123,10,0.1,0.3,5,2e-05,8,128
student_distilbert-base-uncased_fs10_supp123_seed2_tau2.0_a0.9,student,distilbert-base-uncased,,0.8005263157894736,0.7991280663696813,66956548,2.977349400195332,255.42286682128906,0.8452347874409557,2,123,10,2.0,0.9,5,2e-05,8,128
student_distilbert-base-uncased_fs10_supp123_seed4_tau0.1_a0.1,student,distilbert-base-uncased,,0.8005263157894736,0.7946586521068238,66956548,4.2158220666654715,255.42286682128906,0.8452347874409557,4,123,10,0.1,0.1,5,2e-05,8,128
student_distilbert-base-uncased_fs10_supp123_seed2_tau2.5_a0.9,student,distilbert-base-uncased,,0.8003947368421053,0.7989890855570705,66956548,3.2692335998338726,255.42286682128906,0.8450958599611003,2,123,10,2.5,0.9,5,2e-05,8,128
student_distilbert-base-uncased_fs10_supp123_seed9_tau3.0_a0.3,student,distilbert-base-uncased,,0.8003947368421053,0.7962136463490104,66956548,3.6665051333936085,255.42286682128906,0.8450958599611003,9,123,10,3.0,0.3,5,2e-05,8,128
student_distilbert-base-uncased_fs10_supp123_seed2_tau3.0_a0.9,student,distilbert-base-uncased,,0.8002631578947368,0.798855659312005,66956548,3.736231999694913,255.42286682128906,0.8449569324812447,2,123,10,3.0,0.9,5,2e-05,8,128
student_distilbert-base-uncased_fs10_supp123_seed9_tau2.0_a0.3,student,distilbert-base-uncased,,0.8002631578947368,0.795951146491477,66956548,3.4470640004049833,255.42286682128906,0.8449569324812447,9,123,10,2.0,0.3,5,2e-05,8,128
student_distilbert-base-uncased_fs10_supp123_seed0_tau1.0_a0.3,student,distilbert-base-uncased,,0.8001315789473684,0.7964187594271257,66956548,3.2297659333683746,255.42286682128906,0.8448180050013893,0,123,10,1.0,0.3,5,2e-05,8,128
student_distilbert-base-uncased_fs10_supp123_seed0_tau1.5_a0.3,student,distilbert-base-uncased,,0.8001315789473684,0.7969663148264475,66956548,5.80239606667116,255.42286682128906,0.8448180050013893,0,123,10,1.5,0.3,5,2e-05,8,128
student_distilbert-base-uncased_fs10_supp123_seed0_tau2.5_a0.3,student,distilbert-base-uncased,,0.8001315789473684,0.7970891986179509,66956548,3.449644200009061,255.42286682128906,0.8448180050013893,0,123,10,2.5,0.3,5,2e-05,8,128
student_distilbert-base-uncased_fs10_supp123_seed2_tau1.0_a0.9,student,distilbert-base-uncased,,0.8001315789473684,0.7986943948643696,66956548,4.020096466653437,255.42286682128906,0.8448180050013893,2,123,10,1.0,0.9,5,2e-05,8,128
student_distilbert-base-uncased_fs10_supp123_seed0_tau2.0_a0.3,student,distilbert-base-uncased,,0.8,0.7969868746813598,66956548,4.819725333497142,255.42286682128906,0.8446790775215338,0,123,10,2.0,0.3,5,2e-05,8,128
student_distilbert-base-uncased_fs10_supp123_seed9_tau1.0_a0.3,student,distilbert-base-uncased,,0.8,0.7959238314157856,66956548,3.5382908667088486,255.42286682128906,0.8446790775215338,9,123,10,1.0,0.3,5,2e-05,8,128
student_distilbert-base-uncased_fs10_supp123_seed9_tau1.5_a0.3,student,distilbert-base-uncased,,0.7998684210526316,0.7956458142068892,66956548,3.2120663331928276,255.42286682128906,0.8445401500416782,9,123,10,1.5,0.3,5,2e-05,8,128
student_distilbert-base-uncased_fs10_supp123_seed5_tau0.1_a0.1,student,distilbert-base-uncased,,0.7997368421052632,0.7934879091284933,66956548,3.075822133299274,255.42286682128906,0.8444012225618227,5,123,10,0.1,0.1,5,2e-05,8,128
student_distilbert-base-uncased_fs10_supp123_seed0_tau3.0_a0.3,student,distilbert-base-uncased,,0.7996052631578947,0.7967516310710615,66956548,5.348288733269631,255.42286682128906,0.8442622950819672,0,123,10,3.0,0.3,5,2e-05,8,128
student_distilbert-base-uncased_fs10_supp123_seed2_tau1.5_a0.9,student,distilbert-base-uncased,,0.7993421052631579,0.7979190884384425,66956548,3.364531000139929,255.42286682128906,0.8439844401222562,2,123,10,1.5,0.9,5,2e-05,8,128
student_distilbert-base-uncased_fs10_supp123_seed8_tau0.5_a0.5,student,distilbert-base-uncased,,0.7993421052631579,0.800682299492202,66956548,4.19954919986291,255.42286682128906,0.8439844401222562,8,123,10,0.5,0.5,5,2e-05,8,128
student_distilbert-base-uncased_fs10_supp123_seed2_tau0.1_a0.9,student,distilbert-base-uncased,,0.7992105263157895,0.7976849005096857,66956548,5.4169162000713795,255.42286682128906,0.8438455126424006,2,123,10,0.1,0.9,5,2e-05,8,128
student_distilbert-base-uncased_fs10_supp123_seed2_tau0.1_a0.3,student,distilbert-base-uncased,,0.799078947368421,0.7976790829987811,66956548,4.012258066965539,255.42286682128906,0.843706585162545,2,123,10,0.1,0.3,5,2e-05,8,128
student_distilbert-base-uncased_fs10_supp123_seed9_tau0.5_a0.3,student,distilbert-base-uncased,,0.7989473684210526,0.7942483091367318,66956548,3.173670200218718,255.42286682128906,0.8435676576826896,9,123,10,0.5,0.3,5,2e-05,8,128
student_distilbert-base-uncased_fs10_supp123_seed8_tau1.0_a0.5,student,distilbert-base-uncased,,0.7984210526315789,0.7995780867814437,66956548,3.6147484664979856,255.42286682128906,0.8430119477632675,8,123,10,1.0,0.5,5,2e-05,8,128
student_distilbert-base-uncased_fs10_supp123_seed8_tau0.5_a0.3,student,distilbert-base-uncased,,0.7976315789473685,0.7980255623005754,66956548,3.244100266480624,255.42286682128906,0.8421783828841345,8,123,10,0.5,0.3,5,2e-05,8,128
student_distilbert-base-uncased_fs10_supp123_seed8_tau2.5_a0.5,student,distilbert-base-uncased,,0.7976315789473685,0.7986909040959383,66956548,5.392261666808433,255.42286682128906,0.8421783828841345,8,123,10,2.5,0.5,5,2e-05,8,128
student_distilbert-base-uncased_fs10_supp123_seed8_tau3.0_a0.5,student,distilbert-base-uncased,,0.7972368421052631,0.7983152505155025,66956548,3.215152133028217,255.42286682128906,0.8417616004445678,8,123,10,3.0,0.5,5,2e-05,8,128
student_distilbert-base-uncased_fs10_supp123_seed8_tau1.5_a0.5,student,distilbert-base-uncased,,0.7971052631578948,0.7982142779412673,66956548,4.244901600153146,255.42286682128906,0.8416226729647124,8,123,10,1.5,0.5,5,2e-05,8,128
student_distilbert-base-uncased_fs10_supp123_seed8_tau2.0_a0.5,student,distilbert-base-uncased,,0.7969736842105263,0.7980494982564639,66956548,5.091265266673872,255.42286682128906,0.8414837454848568,8,123,10,2.0,0.5,5,2e-05,8,128
student_distilbert-base-uncased_fs10_supp123_seed8_tau1.0_a0.1,student,distilbert-base-uncased,,0.7968421052631579,0.7951326720972824,66956548,3.4438664000238837,255.42286682128906,0.8413448180050014,8,123,10,1.0,0.1,5,2e-05,8,128
student_distilbert-base-uncased_fs10_supp123_seed8_tau1.0_a0.3,student,distilbert-base-uncased,,0.7967105263157894,0.7968837057044812,66956548,4.210688666959565,255.42286682128906,0.8412058905251458,8,123,10,1.0,0.3,5,2e-05,8,128
student_distilbert-base-uncased_fs10_supp123_seed8_tau1.5_a0.3,student,distilbert-base-uncased,,0.7960526315789473,0.796228357141907,66956548,5.269571799969223,255.42286682128906,0.8405112531258683,8,123,10,1.5,0.3,5,2e-05,8,128
student_distilbert-base-uncased_fs10_supp123_seed0_tau0.5_a0.3,student,distilbert-base-uncased,,0.795921052631579,0.7913447246948824,66956548,4.765883066708436,255.42286682128906,0.8403723256460127,0,123,10,0.5,0.3,5,2e-05,8,128
student_distilbert-base-uncased_fs10_supp123_seed8_tau2.0_a0.3,student,distilbert-base-uncased,,0.7957894736842105,0.7959620166470043,66956548,3.7483036666041394,255.42286682128906,0.8402333981661572,8,123,10,2.0,0.3,5,2e-05,8,128
student_distilbert-base-uncased_fs10_supp123_seed3_tau1.0_a0.3,student,distilbert-base-uncased,,0.7955263157894736,0.7932698800745368,66956548,5.682440466667534,255.42286682128906,0.8399555432064462,3,123,10,1.0,0.3,5,2e-05,8,128
student_distilbert-base-uncased_fs10_supp123_seed8_tau2.5_a0.3,student,distilbert-base-uncased,,0.7952631578947369,0.7953961843214394,66956548,4.928417400151375,255.42286682128906,0.8396776882467352,8,123,10,2.5,0.3,5,2e-05,8,128
student_distilbert-base-uncased_fs10_supp123_seed0_tau0.1_a0.1,student,distilbert-base-uncased,,0.795,0.7902759198123108,66956548,5.307449133276047,255.42286682128906,0.8393998332870242,0,123,10,0.1,0.1,5,2e-05,8,128
student_distilbert-base-uncased_fs10_supp123_seed8_tau3.0_a0.3,student,distilbert-base-uncased,,0.795,0.7950761105614688,66956548,4.4871786666287035,255.42286682128906,0.8393998332870242,8,123,10,3.0,0.3,5,2e-05,8,128
student_distilbert-base-uncased_fs10_supp123_seed1_tau0.5_a0.3,student,distilbert-base-uncased,,0.7946052631578947,0.7928241643617524,66956548,4.750284466596592,255.42286682128906,0.8389830508474575,1,123,10,0.5,0.3,5,2e-05,8,128
student_distilbert-base-uncased_fs10_supp123_seed1_tau1.0_a0.3,student,distilbert-base-uncased,,0.7944736842105263,0.792516788371616,66956548,3.4747113331832225,255.42286682128906,0.8388441233676021,1,123,10,1.0,0.3,5,2e-05,8,128
student_distilbert-base-uncased_fs10_supp123_seed1_tau1.5_a0.3,student,distilbert-base-uncased,,0.7942105263157895,0.7922643088107985,66956548,4.394942733172987,255.42286682128906,0.8385662684078911,1,123,10,1.5,0.3,5,2e-05,8,128
student_distilbert-base-uncased_fs10_supp123_seed1_tau2.0_a0.3,student,distilbert-base-uncased,,0.7942105263157895,0.7920915004163978,66956548,4.2279787336156005,255.42286682128906,0.8385662684078911,1,123,10,2.0,0.3,5,2e-05,8,128
student_distilbert-base-uncased_fs10_supp123_seed8_tau1.5_a0.1,student,distilbert-base-uncased,,0.7942105263157895,0.792294693720804,66956548,3.8726449334111144,255.42286682128906,0.8385662684078911,8,123,10,1.5,0.1,5,2e-05,8,128
student_distilbert-base-uncased_fs10_supp123_seed1_tau2.5_a0.3,student,distilbert-base-uncased,,0.7936842105263158,0.7914978497526365,66956548,4.362902066471482,255.42286682128906,0.838010558488469,1,123,10,2.5,0.3,5,2e-05,8,128
student_distilbert-base-uncased_fs10_supp123_seed1_tau3.0_a0.3,student,distilbert-base-uncased,,0.7936842105263158,0.7915930669948363,66956548,4.225115933635,255.42286682128906,0.838010558488469,1,123,10,3.0,0.3,5,2e-05,8,128
student_distilbert-base-uncased_fs10_supp123_seed8_tau2.0_a0.1,student,distilbert-base-uncased,,0.7935526315789474,0.7915833412963724,66956548,4.150193600071361,255.42286682128906,0.8378716310086135,8,123,10,2.0,0.1,5,2e-05,8,128
student_distilbert-base-uncased_fs10_supp123_seed5_tau1.5_a0.1,student,distilbert-base-uncased,,0.7931578947368421,0.7838682911515653,66956548,3.612253333327923,255.42286682128906,0.8374548485690468,5,123,10,1.5,0.1,5,2e-05,8,128
student_distilbert-base-uncased_fs10_supp123_seed4_tau0.5_a0.1,student,distilbert-base-uncased,,0.7930263157894737,0.7854631398079777,66956548,3.8741842666695447,255.42286682128906,0.8373159210891914,4,123,10,0.5,0.1,5,2e-05,8,128
student_distilbert-base-uncased_fs10_supp123_seed5_tau2.0_a0.1,student,distilbert-base-uncased,,0.7930263157894737,0.7837858181248526,66956548,3.3776362667595095,255.42286682128906,0.8373159210891914,5,123,10,2.0,0.1,5,2e-05,8,128
student_distilbert-base-uncased_fs10_supp123_seed4_tau1.0_a0.1,student,distilbert-base-uncased,,0.7928947368421052,0.7857459456121559,66956548,3.0687403999763774,255.42286682128906,0.8371769936093358,4,123,10,1.0,0.1,5,2e-05,8,128
student_distilbert-base-uncased_fs10_supp123_seed8_tau2.5_a0.1,student,distilbert-base-uncased,,0.7928947368421052,0.7908917590207575,66956548,4.156161000112964,255.42286682128906,0.8371769936093358,8,123,10,2.5,0.1,5,2e-05,8,128
student_distilbert-base-uncased_fs10_supp123_seed5_tau3.0_a0.1,student,distilbert-base-uncased,,0.7927631578947368,0.7835016872624125,66956548,3.7126865333448222,255.42286682128906,0.8370380661294804,5,123,10,3.0,0.1,5,2e-05,8,128
student_distilbert-base-uncased_fs10_supp123_seed5_tau1.0_a0.1,student,distilbert-base-uncased,,0.7926315789473685,0.7831895221353139,66956548,3.3882084667311574,255.42286682128906,0.836899138649625,5,123,10,1.0,0.1,5,2e-05,8,128
student_distilbert-base-uncased_fs10_supp123_seed5_tau2.5_a0.1,student,distilbert-base-uncased,,0.7925,0.7832464811826148,66956548,3.1802534666591478,255.42286682128906,0.8367602111697693,5,123,10,2.5,0.1,5,2e-05,8,128
student_distilbert-base-uncased_fs10_supp123_seed8_tau3.0_a0.1,student,distilbert-base-uncased,,0.7925,0.7903219836205007,66956548,4.1742958666873164,255.42286682128906,0.8367602111697693,8,123,10,3.0,0.1,5,2e-05,8,128
student_distilbert-base-uncased_fs10_supp123_seed3_tau1.5_a0.3,student,distilbert-base-uncased,,0.7922368421052631,0.7901112229856504,66956548,2.836498866599868,255.42286682128906,0.8364823562100583,3,123,10,1.5,0.3,5,2e-05,8,128
student_distilbert-base-uncased_fs10_supp123_seed5_tau0.5_a0.1,student,distilbert-base-uncased,,0.7913157894736842,0.781343441337432,66956548,3.325994333348111,255.42286682128906,0.8355098638510697,5,123,10,0.5,0.1,5,2e-05,8,128
student_distilbert-base-uncased_fs10_supp123_seed4_tau2.5_a0.1,student,distilbert-base-uncased,,0.7911842105263158,0.78379107354827,66956548,3.5001643333240886,255.42286682128906,0.8353709363712142,4,123,10,2.5,0.1,5,2e-05,8,128
student_distilbert-base-uncased_fs10_supp123_seed1_tau0.5_a0.1,student,distilbert-base-uncased,,0.7910526315789473,0.7895586429643721,66956548,3.6330940667539835,255.42286682128906,0.8352320088913586,1,123,10,0.5,0.1,5,2e-05,8,128
student_distilbert-base-uncased_fs10_supp123_seed4_tau1.5_a0.1,student,distilbert-base-uncased,,0.7910526315789473,0.783685205530014,66956548,3.5421750666576677,255.42286682128906,0.8352320088913586,4,123,10,1.5,0.1,5,2e-05,8,128
student_distilbert-base-uncased_fs10_supp123_seed4_tau2.0_a0.1,student,distilbert-base-uncased,,0.790921052631579,0.7836411594987436,66956548,4.506979199989776,255.42286682128906,0.8350930814115032,4,123,10,2.0,0.1,5,2e-05,8,128
student_distilbert-base-uncased_fs10_supp123_seed4_tau3.0_a0.1,student,distilbert-base-uncased,,0.790921052631579,0.7834995776941269,66956548,3.016160466662162,255.42286682128906,0.8350930814115032,4,123,10,3.0,0.1,5,2e-05,8,128
student_distilbert-base-uncased_fs10_supp123_seed3_tau2.0_a0.3,student,distilbert-base-uncased,,0.7903947368421053,0.788060145931259,66956548,2.9641106661680774,255.42286682128906,0.8345373714920811,3,123,10,2.0,0.3,5,2e-05,8,128
student_distilbert-base-uncased_fs10_supp123_seed3_tau2.5_a0.3,student,distilbert-base-uncased,,0.7903947368421053,0.7882072161326598,66956548,3.78570879996308,255.42286682128906,0.8345373714920811,3,123,10,2.5,0.3,5,2e-05,8,128
student_distilbert-base-uncased_fs10_supp123_seed1_tau1.5_a0.1,student,distilbert-base-uncased,,0.7901315789473684,0.7882885606082147,66956548,4.023703999822222,255.42286682128906,0.8342595165323701,1,123,10,1.5,0.1,5,2e-05,8,128
student_distilbert-base-uncased_fs10_supp123_seed1_tau2.0_a0.1,student,distilbert-base-uncased,,0.7897368421052632,0.787844583046232,66956548,4.00254273348158,255.42286682128906,0.8338427340928035,1,123,10,2.0,0.1,5,2e-05,8,128
student_distilbert-base-uncased_fs10_supp123_seed1_tau1.0_a0.1,student,distilbert-base-uncased,,0.7894736842105263,0.7877020894119505,66956548,4.434370800299803,255.42286682128906,0.8335648791330925,1,123,10,1.0,0.1,5,2e-05,8,128
student_distilbert-base-uncased_fs10_supp123_seed3_tau3.0_a0.3,student,distilbert-base-uncased,,0.7894736842105263,0.78735318731493,66956548,3.8970304000637648,255.42286682128906,0.8335648791330925,3,123,10,3.0,0.3,5,2e-05,8,128
student_distilbert-base-uncased_fs10_supp123_seed1_tau0.5_a0.5,student,distilbert-base-uncased,,0.7893421052631578,0.7853829788850597,66956548,3.791087200079346,255.42286682128906,0.833425951653237,1,123,10,0.5,0.5,5,2e-05,8,128
student_distilbert-base-uncased_fs10_supp123_seed1_tau1.5_a0.5,student,distilbert-base-uncased,,0.7892105263157895,0.785123187628138,66956548,3.5670211333732973,255.42286682128906,0.8332870241733814,1,123,10,1.5,0.5,5,2e-05,8,128
student_distilbert-base-uncased_fs10_supp123_seed1_tau0.1_a0.1,student,distilbert-base-uncased,,0.7889473684210526,0.7861862309666594,66956548,4.4497032002254855,255.42286682128906,0.8330091692136704,1,123,10,0.1,0.1,5,2e-05,8,128
student_distilbert-base-uncased_fs10_supp123_seed1_tau2.5_a0.1,student,distilbert-base-uncased,,0.7889473684210526,0.7869871486493822,66956548,3.812830067060228,255.42286682128906,0.8330091692136704,1,123,10,2.5,0.1,5,2e-05,8,128
student_distilbert-base-uncased_fs10_supp123_seed1_tau3.0_a0.1,student,distilbert-base-uncased,,0.7888157894736842,0.7867578180177218,66956548,3.49590440018801,255.42286682128906,0.832870241733815,1,123,10,3.0,0.1,5,2e-05,8,128
student_distilbert-base-uncased_fs10_supp123_seed1_tau1.0_a0.5,student,distilbert-base-uncased,,0.7885526315789474,0.7842911275944808,66956548,3.1138583333813585,255.42286682128906,0.8325923867741039,1,123,10,1.0,0.5,5,2e-05,8,128
student_distilbert-base-uncased_fs10_supp123_seed1_tau3.0_a0.5,student,distilbert-base-uncased,,0.7882894736842105,0.7838911089166468,66956548,4.207616199831439,255.42286682128906,0.8323145318143929,1,123,10,3.0,0.5,5,2e-05,8,128
student_distilbert-base-uncased_fs10_supp123_seed1_tau2.0_a0.5,student,distilbert-base-uncased,,0.7881578947368421,0.7838046423723796,66956548,3.883631666637181,255.42286682128906,0.8321756043345373,1,123,10,2.0,0.5,5,2e-05,8,128
student_distilbert-base-uncased_fs10_supp123_seed1_tau2.5_a0.5,student,distilbert-base-uncased,,0.7877631578947368,0.7833480498795045,66956548,3.621848733018851,255.42286682128906,0.8317588218949707,1,123,10,2.5,0.5,5,2e-05,8,128
student_distilbert-base-uncased_fs10_supp123_seed0_tau3.0_a0.1,student,distilbert-base-uncased,,0.7868421052631579,0.7811240852541661,66956548,3.6811558001015023,255.42286682128906,0.8307863295359822,0,123,10,3.0,0.1,5,2e-05,8,128
student_distilbert-base-uncased_fs10_supp123_seed1_tau0.1_a0.3,student,distilbert-base-uncased,,0.7867105263157895,0.782271714547596,66956548,4.265730000164088,255.42286682128906,0.8306474020561267,1,123,10,0.1,0.3,5,2e-05,8,128
student_distilbert-base-uncased_fs10_supp123_seed0_tau2.5_a0.1,student,distilbert-base-uncased,,0.785921052631579,0.7801352999430743,66956548,5.467968266566459,255.42286682128906,0.8298138371769936,0,123,10,2.5,0.1,5,2e-05,8,128
student_distilbert-base-uncased_fs10_supp123_seed0_tau2.0_a0.1,student,distilbert-base-uncased,,0.7846052631578947,0.7786050029399973,66956548,4.776058066636324,255.42286682128906,0.8284245623784384,0,123,10,2.0,0.1,5,2e-05,8,128
student_distilbert-base-uncased_fs10_supp123_seed3_tau0.5_a0.1,student,distilbert-base-uncased,,0.7839473684210526,0.7796346377889262,66956548,3.4559960666229017,255.42286682128906,0.8277299249791609,3,123,10,0.5,0.1,5,2e-05,8,128
student_distilbert-base-uncased_fs10_supp123_seed0_tau1.5_a0.1,student,distilbert-base-uncased,,0.7838157894736842,0.7776840435750401,66956548,3.6741190665755616,255.42286682128906,0.8275909974993053,0,123,10,1.5,0.1,5,2e-05,8,128
student_distilbert-base-uncased_fs10_supp123_seed1_tau0.5_a0.7,student,distilbert-base-uncased,,0.7830263157894737,0.7763718388490478,66956548,3.632850866536804,255.42286682128906,0.8267574326201722,1,123,10,0.5,0.7,5,2e-05,8,128
student_distilbert-base-uncased_fs10_supp123_seed1_tau1.0_a0.7,student,distilbert-base-uncased,,0.7830263157894737,0.7763771606195253,66956548,4.055098733321453,255.42286682128906,0.8267574326201722,1,123,10,1.0,0.7,5,2e-05,8,128
student_distilbert-base-uncased_fs10_supp123_seed1_tau2.5_a0.7,student,distilbert-base-uncased,,0.7830263157894737,0.7766710101509816,66956548,4.181431933223696,255.42286682128906,0.8267574326201722,1,123,10,2.5,0.7,5,2e-05,8,128
student_distilbert-base-uncased_fs10_supp123_seed1_tau2.0_a0.7,student,distilbert-base-uncased,,0.7827631578947368,0.7761508988251663,66956548,4.128616600185826,255.42286682128906,0.8264795776604612,1,123,10,2.0,0.7,5,2e-05,8,128
student_distilbert-base-uncased_fs10_supp123_seed1_tau1.5_a0.7,student,distilbert-base-uncased,,0.7826315789473685,0.7759753892450765,66956548,4.261523666840124,255.42286682128906,0.8263406501806058,1,123,10,1.5,0.7,5,2e-05,8,128
student_distilbert-base-uncased_fs10_supp123_seed1_tau3.0_a0.7,student,distilbert-base-uncased,,0.7826315789473685,0.7761310291646778,66956548,3.903557600278873,255.42286682128906,0.8263406501806058,1,123,10,3.0,0.7,5,2e-05,8,128
student_distilbert-base-uncased_fs10_supp123_seed0_tau0.5_a0.1,student,distilbert-base-uncased,,0.7825,0.7747542218240366,66956548,3.248079800080935,255.42286682128906,0.8262017227007501,0,123,10,0.5,0.1,5,2e-05,8,128
student_distilbert-base-uncased_fs10_supp123_seed1_tau0.1_a0.5,student,distilbert-base-uncased,,0.7823684210526316,0.7754580690270957,66956548,4.438141800104252,255.42286682128906,0.8260627952208947,1,123,10,0.1,0.5,5,2e-05,8,128
student_distilbert-base-uncased_fs10_supp123_seed0_tau1.0_a0.1,student,distilbert-base-uncased,,0.7819736842105263,0.7753061944923534,66956548,4.951143066864461,255.42286682128906,0.8256460127813281,0,123,10,1.0,0.1,5,2e-05,8,128
student_distilbert-base-uncased_fs10_supp123_seed4_tau0.1_a0.3,student,distilbert-base-uncased,,0.7796052631578947,0.7684257436992239,66956548,3.8793401998797585,255.42286682128906,0.8231453181439288,4,123,10,0.1,0.3,5,2e-05,8,128
student_distilbert-base-uncased_fs10_supp123_seed4_tau0.1_a0.7,student,distilbert-base-uncased,,0.779342105263158,0.7680625460536085,66956548,4.524905199995525,255.42286682128906,0.8228674631842179,4,123,10,0.1,0.7,5,2e-05,8,128
student_distilbert-base-uncased_fs10_supp123_seed9_tau1.0_a0.1,student,distilbert-base-uncased,,0.7792105263157895,0.7693434551554925,66956548,4.453013866683857,255.42286682128906,0.8227285357043622,9,123,10,1.0,0.1,5,2e-05,8,128
student_distilbert-base-uncased_fs10_supp123_seed9_tau0.5_a0.1,student,distilbert-base-uncased,,0.7786842105263158,0.769325425446715,66956548,4.062513333580379,255.42286682128906,0.8221728257849402,9,123,10,0.5,0.1,5,2e-05,8,128
student_distilbert-base-uncased_fs10_supp123_seed9_tau3.0_a0.1,student,distilbert-base-uncased,,0.7786842105263158,0.7687250703238114,66956548,3.839770333676521,255.42286682128906,0.8221728257849402,9,123,10,3.0,0.1,5,2e-05,8,128
student_distilbert-base-uncased_fs10_supp123_seed4_tau0.1_a0.5,student,distilbert-base-uncased,,0.7785526315789474,0.7670929018132925,66956548,4.4882437330670655,255.42286682128906,0.8220338983050848,4,123,10,0.1,0.5,5,2e-05,8,128
student_distilbert-base-uncased_fs10_supp123_seed9_tau2.5_a0.1,student,distilbert-base-uncased,,0.7785526315789474,0.7684355181563715,66956548,4.3267648665884435,255.42286682128906,0.8220338983050848,9,123,10,2.5,0.1,5,2e-05,8,128
student_distilbert-base-uncased_fs10_supp123_seed9_tau2.0_a0.1,student,distilbert-base-uncased,,0.7784210526315789,0.7682544331375563,66956548,3.567338999831312,255.42286682128906,0.8218949708252291,9,123,10,2.0,0.1,5,2e-05,8,128
student_distilbert-base-uncased_fs10_supp123_seed3_tau2.0_a0.1,student,distilbert-base-uncased,,0.7777631578947368,0.7729063648150795,66956548,3.4138897334438902,255.42286682128906,0.8212003334259516,3,123,10,2.0,0.1,5,2e-05,8,128
student_distilbert-base-uncased_fs10_supp123_seed4_tau0.1_a0.9,student,distilbert-base-uncased,,0.7777631578947368,0.7663295058063911,66956548,3.2618023333270685,255.42286682128906,0.8212003334259516,4,123,10,0.1,0.9,5,2e-05,8,128
student_distilbert-base-uncased_fs10_supp123_seed4_tau1.0_a0.9,student,distilbert-base-uncased,,0.7776315789473685,0.7658725583387437,66956548,5.95047419999446,255.42286682128906,0.8210614059460961,4,123,10,1.0,0.9,5,2e-05,8,128
student_distilbert-base-uncased_fs10_supp123_seed4_tau3.0_a0.3,student,distilbert-base-uncased,,0.7776315789473685,0.7656703921564034,66956548,3.9889837333551745,255.42286682128906,0.8210614059460961,4,123,10,3.0,0.3,5,2e-05,8,128
student_distilbert-base-uncased_fs10_supp123_seed4_tau3.0_a0.9,student,distilbert-base-uncased,,0.7776315789473685,0.7659070338686447,66956548,3.8575099333229446,255.42286682128906,0.8210614059460961,4,123,10,3.0,0.9,5,2e-05,8,128
student_distilbert-base-uncased_fs10_supp123_seed9_tau1.5_a0.1,student,distilbert-base-uncased,,0.7775,0.767298150779635,66956548,3.0918626668911506,255.42286682128906,0.8209224784662406,9,123,10,1.5,0.1,5,2e-05,8,128
student_distilbert-base-uncased_fs10_supp123_seed3_tau1.0_a0.1,student,distilbert-base-uncased,,0.7773684210526316,0.7720345202070753,66956548,4.0001703333302885,255.42286682128906,0.8207835509863851,3,123,10,1.0,0.1,5,2e-05,8,128
student_distilbert-base-uncased_fs10_supp123_seed3_tau1.5_a0.1,student,distilbert-base-uncased,,0.7772368421052631,0.7722234392675413,66956548,3.4456097335350933,255.42286682128906,0.8206446235065296,3,123,10,1.5,0.1,5,2e-05,8,128
student_distilbert-base-uncased_fs10_supp123_seed4_tau1.5_a0.9,student,distilbert-base-uncased,,0.7771052631578947,0.7653756768674006,66956548,4.734474733337872,255.42286682128906,0.820505696026674,4,123,10,1.5,0.9,5,2e-05,8,128
student_distilbert-base-uncased_fs10_supp123_seed4_tau2.5_a0.9,student,distilbert-base-uncased,,0.7771052631578947,0.7654500636342568,66956548,3.3980078666672853,255.42286682128906,0.820505696026674,4,123,10,2.5,0.9,5,2e-05,8,128
student_distilbert-base-uncased_fs10_supp123_seed4_tau0.5_a0.9,student,distilbert-base-uncased,,0.7769736842105263,0.7646157826156701,66956548,4.072893133328155,255.42286682128906,0.8203667685468184,4,123,10,0.5,0.9,5,2e-05,8,128
student_distilbert-base-uncased_fs10_supp123_seed4_tau2.0_a0.9,student,distilbert-base-uncased,,0.7769736842105263,0.7652711355235313,66956548,3.1118193333289432,255.42286682128906,0.8203667685468184,4,123,10,2.0,0.9,5,2e-05,8,128
student_distilbert-base-uncased_fs10_supp123_seed3_tau2.5_a0.1,student,distilbert-base-uncased,,0.7760526315789473,0.7712240173814509,66956548,3.6454697998124175,255.42286682128906,0.8193942761878299,3,123,10,2.5,0.1,5,2e-05,8,128
student_distilbert-base-uncased_fs10_supp123_seed3_tau3.0_a0.1,student,distilbert-base-uncased,,0.7756578947368421,0.7707760898174375,66956548,3.8188872663643756,255.42286682128906,0.8189774937482633,3,123,10,3.0,0.1,5,2e-05,8,128
student_distilbert-base-uncased_fs10_supp123_seed4_tau1.5_a0.3,student,distilbert-base-uncased,,0.7748684210526315,0.7622620856861597,66956548,4.087688066670125,255.42286682128906,0.8181439288691302,4,123,10,1.5,0.3,5,2e-05,8,128
student_distilbert-base-uncased_fs10_supp123_seed4_tau2.0_a0.3,student,distilbert-base-uncased,,0.7736842105263158,0.7607183464797573,66956548,5.6807824666748274,255.42286682128906,0.8168935815504306,4,123,10,2.0,0.3,5,2e-05,8,128
student_distilbert-base-uncased_fs10_supp123_seed4_tau1.0_a0.3,student,distilbert-base-uncased,,0.7735526315789474,0.7603500062795986,66956548,3.7076810000068385,255.42286682128906,0.8167546540705751,4,123,10,1.0,0.3,5,2e-05,8,128
student_distilbert-base-uncased_fs10_supp123_seed4_tau2.5_a0.3,student,distilbert-base-uncased,,0.7735526315789474,0.7607179117631495,66956548,3.2765239999889673,255.42286682128906,0.8167546540705751,4,123,10,2.5,0.3,5,2e-05,8,128
student_distilbert-base-uncased_fs10_supp123_seed1_tau0.1_a0.7,student,distilbert-base-uncased,,0.7732894736842105,0.7641051876409993,66956548,3.2143506001981828,255.42286682128906,0.8164767991108641,1,123,10,0.1,0.7,5,2e-05,8,128
student_distilbert-base-uncased_fs10_supp123_seed4_tau2.0_a0.7,student,distilbert-base-uncased,,0.7732894736842105,0.7598880483864332,66956548,3.397005466642137,255.42286682128906,0.8164767991108641,4,123,10,2.0,0.7,5,2e-05,8,128
student_distilbert-base-uncased_fs10_supp123_seed4_tau2.5_a0.7,student,distilbert-base-uncased,,0.7731578947368422,0.7597827204421336,66956548,3.6105091999919146,255.42286682128906,0.8163378716310086,4,123,10,2.5,0.7,5,2e-05,8,128
student_distilbert-base-uncased_fs10_supp123_seed4_tau3.0_a0.7,student,distilbert-base-uncased,,0.7731578947368422,0.7597184085548156,66956548,3.364128933299071,255.42286682128906,0.8163378716310086,4,123,10,3.0,0.7,5,2e-05,8,128
student_distilbert-base-uncased_fs10_supp123_seed1_tau1.0_a0.9,student,distilbert-base-uncased,,0.7728947368421053,0.7636049259585631,66956548,3.901989066556174,255.42286682128906,0.8160600166712976,1,123,10,1.0,0.9,5,2e-05,8,128
student_distilbert-base-uncased_fs10_supp123_seed1_tau1.5_a0.9,student,distilbert-base-uncased,,0.7728947368421053,0.763600870808584,66956548,3.9179328000803557,255.42286682128906,0.8160600166712976,1,123,10,1.5,0.9,5,2e-05,8,128
student_distilbert-base-uncased_fs10_supp123_seed4_tau1.5_a0.7,student,distilbert-base-uncased,,0.7727631578947368,0.7592560053936891,66956548,3.947029333342774,255.42286682128906,0.815921089191442,4,123,10,1.5,0.7,5,2e-05,8,128
student_distilbert-base-uncased_fs10_supp123_seed1_tau2.5_a0.9,student,distilbert-base-uncased,,0.7726315789473684,0.7631870368202045,66956548,4.0985315332363825,255.42286682128906,0.8157821617115866,1,123,10,2.5,0.9,5,2e-05,8,128
student_distilbert-base-uncased_fs10_supp123_seed1_tau3.0_a0.9,student,distilbert-base-uncased,,0.7726315789473684,0.7631870368202045,66956548,3.585687666539646,255.42286682128906,0.8157821617115866,1,123,10,3.0,0.9,5,2e-05,8,128
student_distilbert-base-uncased_fs10_supp123_seed4_tau1.0_a0.7,student,distilbert-base-uncased,,0.7726315789473684,0.759019616124853,66956548,3.97166980004234,255.42286682128906,0.8157821617115866,4,123,10,1.0,0.7,5,2e-05,8,128
student_distilbert-base-uncased_fs10_supp123_seed1_tau2.0_a0.9,student,distilbert-base-uncased,,0.7725,0.7631171073766199,66956548,3.7544961332362923,255.42286682128906,0.8156432342317309,1,123,10,2.0,0.9,5,2e-05,8,128
student_distilbert-base-uncased_fs10_supp123_seed4_tau0.5_a0.7,student,distilbert-base-uncased,,0.771578947368421,0.7575142923914828,66956548,3.446007666684636,255.42286682128906,0.8146707418727424,4,123,10,0.5,0.7,5,2e-05,8,128
student_distilbert-base-uncased_fs10_supp123_seed1_tau0.5_a0.9,student,distilbert-base-uncased,,0.7713157894736842,0.7614620200477884,66956548,3.9007908668281743,255.42286682128906,0.8143928869130314,1,123,10,0.5,0.9,5,2e-05,8,128
student_distilbert-base-uncased_fs10_supp123_seed4_tau0.5_a0.3,student,distilbert-base-uncased,,0.7713157894736842,0.7574287151526204,66956548,3.068254799988305,255.42286682128906,0.8143928869130314,4,123,10,0.5,0.3,5,2e-05,8,128
student_distilbert-base-uncased_fs10_supp123_seed1_tau0.1_a0.9,student,distilbert-base-uncased,,0.7698684210526315,0.7594837628412459,66956548,5.066376133375646,255.42286682128906,0.8128646846346207,1,123,10,0.1,0.9,5,2e-05,8,128
student_distilbert-base-uncased_fs10_supp123_seed4_tau1.5_a0.5,student,distilbert-base-uncased,,0.7681578947368422,0.7533413563104092,66956548,5.948529866683809,255.42286682128906,0.811058627396499,4,123,10,1.5,0.5,5,2e-05,8,128
student_distilbert-base-uncased_fs10_supp123_seed4_tau3.0_a0.5,student,distilbert-base-uncased,,0.7680263157894737,0.7533986905362666,66956548,3.2503467333375133,255.42286682128906,0.8109196999166435,4,123,10,3.0,0.5,5,2e-05,8,128
student_distilbert-base-uncased_fs10_supp123_seed4_tau1.0_a0.5,student,distilbert-base-uncased,,0.7677631578947368,0.7529409514688372,66956548,3.0474955333223384,255.42286682128906,0.8106418449569324,4,123,10,1.0,0.5,5,2e-05,8,128
student_distilbert-base-uncased_fs10_supp123_seed4_tau0.5_a0.5,student,distilbert-base-uncased,,0.7673684210526316,0.7523215517125461,66956548,3.4225235333299984,255.42286682128906,0.8102250625173659,4,123,10,0.5,0.5,5,2e-05,8,128
student_distilbert-base-uncased_fs10_supp123_seed4_tau2.5_a0.5,student,distilbert-base-uncased,,0.7672368421052631,0.7521445871179764,66956548,3.2822940666543823,255.42286682128906,0.8100861350375104,4,123,10,2.5,0.5,5,2e-05,8,128
student_distilbert-base-uncased_fs10_supp123_seed4_tau2.0_a0.5,student,distilbert-base-uncased,,0.7671052631578947,0.7519095089957057,66956548,3.279734133305586,255.42286682128906,0.8099472075576548,4,123,10,2.0,0.5,5,2e-05,8,128
student_t5-small_fs1000_supp123_seed6_tau1.5_a0.3,student,t5-small,,0.8935526315789474,0.893375843412137,60771332,13.394527663088715,231.82423400878906,0.9691736834593978,6,123,1000,1.5,0.3,5,2e-05,8,128
student_t5-small_fs1000_supp123_seed6_tau2.0_a0.7,student,t5-small,,0.8934210526315789,0.8932155090851014,60771332,14.931962331562923,231.82423400878906,0.969030969030969,6,123,1000,2.0,0.7,5,2e-05,8,128
student_t5-small_fs1000_supp123_seed6_tau3.0_a0.5,student,t5-small,,0.8932894736842105,0.8930530357507459,60771332,13.576089865334021,231.82423400878906,0.9688882546025404,6,123,1000,3.0,0.5,5,2e-05,8,128
student_t5-small_fs1000_supp123_seed6_tau0.5_a0.3,student,t5-small,,0.8928947368421053,0.8927085414989844,60771332,12.28561833462057,231.82423400878906,0.9684601113172543,6,123,1000,0.5,0.3,5,2e-05,8,128
student_t5-small_fs1000_supp123_seed6_tau2.0_a0.3,student,t5-small,,0.8928947368421053,0.8926923861570487,60771332,13.764483797907209,231.82423400878906,0.9684601113172543,6,123,1000,2.0,0.3,5,2e-05,8,128
student_t5-small_fs1000_supp123_seed5_tau1.5_a0.5,student,t5-small,,0.8927631578947368,0.892586608389371,60771332,12.348840001504868,231.82423400878906,0.9683173968888255,5,123,1000,1.5,0.5,5,2e-05,8,128
student_t5-small_fs1000_supp123_seed6_tau1.0_a0.5,student,t5-small,,0.8927631578947368,0.8925852851011946,60771332,13.148364801115045,231.82423400878906,0.9683173968888255,6,123,1000,1.0,0.5,5,2e-05,8,128
student_t5-small_fs1000_supp123_seed6_tau0.5_a0.1,student,t5-small,,0.8926315789473684,0.8924662596294157,60771332,12.925257665726045,231.82423400878906,0.9681746824603968,6,123,1000,0.5,0.1,5,2e-05,8,128
student_t5-small_fs1000_supp123_seed8_tau0.5_a0.1,student,t5-small,,0.8925,0.8923278363294775,60771332,12.724086267796034,231.82423400878906,0.968031968031968,8,123,1000,0.5,0.1,5,2e-05,8,128
student_t5-small_fs1000_supp123_seed8_tau1.5_a0.9,student,t5-small,,0.8925,0.8922958875874827,60771332,11.856105801416561,231.82423400878906,0.968031968031968,8,123,1000,1.5,0.9,5,2e-05,8,128
student_t5-small_fs1000_supp123_seed6_tau2.0_a0.5,student,t5-small,,0.8923684210526316,0.8921572226161326,60771332,13.793280734292543,231.82423400878906,0.9678892536035394,6,123,1000,2.0,0.5,5,2e-05,8,128
student_t5-small_fs1000_supp123_seed8_tau0.1_a0.7,student,t5-small,,0.8922368421052631,0.8920394328522881,60771332,13.36496386793442,231.82423400878906,0.9677465391751106,8,123,1000,0.1,0.7,5,2e-05,8,128
student_t5-small_fs1000_supp123_seed6_tau3.0_a0.1,student,t5-small,,0.8921052631578947,0.8919063721019613,60771332,14.687398268142715,231.82423400878906,0.9676038247466819,6,123,1000,3.0,0.1,5,2e-05,8,128
student_t5-small_fs1000_supp123_seed6_tau0.5_a0.9,student,t5-small,,0.8918421052631579,0.8916363834198917,60771332,16.6390652001913,231.82423400878906,0.9673183958898245,6,123,1000,0.5,0.9,5,2e-05,8,128
student_t5-small_fs1000_supp123_seed6_tau1.0_a0.7,student,t5-small,,0.8918421052631579,0.8916069629930479,60771332,13.548740402135687,231.82423400878906,0.9673183958898245,6,123,1000,1.0,0.7,5,2e-05,8,128
student_t5-small_fs1000_supp123_seed6_tau2.5_a0.5,student,t5-small,,0.8918421052631579,0.8916167347910602,60771332,15.522881200498281,231.82423400878906,0.9673183958898245,6,123,1000,2.5,0.5,5,2e-05,8,128
student_t5-small_fs1000_supp123_seed6_tau2.5_a0.7,student,t5-small,,0.8918421052631579,0.8916363686621842,60771332,11.894479198963381,231.82423400878906,0.9673183958898245,6,123,1000,2.5,0.7,5,2e-05,8,128
student_t5-small_fs1000_supp123_seed4_tau1.5_a0.5,student,t5-small,,0.8917105263157895,0.8914767150803904,60771332,13.706392399035394,231.82423400878906,0.9671756814613959,4,123,1000,1.5,0.5,5,2e-05,8,128
student_t5-small_fs1000_supp123_seed4_tau0.1_a0.1,student,t5-small,,0.891578947368421,0.8914394192732704,60771332,14.264480468894666,231.82423400878906,0.967032967032967,4,123,1000,0.1,0.1,5,2e-05,8,128
student_t5-small_fs1000_supp123_seed5_tau1.5_a0.3,student,t5-small,,0.891578947368421,0.8913715029707994,60771332,15.934160731073158,231.82423400878906,0.967032967032967,5,123,1000,1.5,0.3,5,2e-05,8,128
student_t5-small_fs1000_supp123_seed6_tau0.1_a0.9,student,t5-small,,0.891578947368421,0.8913900515580523,60771332,12.249137133282298,231.82423400878906,0.967032967032967,6,123,1000,0.1,0.9,5,2e-05,8,128
student_t5-small_fs1000_supp123_seed1_tau0.5_a0.1,student,t5-small,,0.8914473684210527,0.8911848530661826,60771332,16.286930733864818,231.82423400878906,0.9668902526045384,1,123,1000,0.5,0.1,5,2e-05,8,128
student_t5-small_fs1000_supp123_seed4_tau1.0_a0.3,student,t5-small,,0.8914473684210527,0.8912332700716371,60771332,14.00514520064462,231.82423400878906,0.9668902526045384,4,123,1000,1.0,0.3,5,2e-05,8,128
student_t5-small_fs1000_supp123_seed9_tau2.5_a0.3,student,t5-small,,0.8914473684210527,0.8910692604820847,60771332,14.260599063709378,231.82423400878906,0.9668902526045384,9,123,1000,2.5,0.3,5,2e-05,8,128
student_t5-small_fs1000_supp123_seed1_tau1.5_a0.3,student,t5-small,,0.8913157894736842,0.8909657068950875,60771332,13.5515486006625,231.82423400878906,0.9667475381761096,1,123,1000,1.5,0.3,5,2e-05,8,128
student_t5-small_fs1000_supp123_seed4_tau2.5_a0.1,student,t5-small,,0.8913157894736842,0.8909954610822988,60771332,13.150909799151123,231.82423400878906,0.9667475381761096,4,123,1000,2.5,0.1,5,2e-05,8,128
student_t5-small_fs1000_supp123_seed6_tau2.0_a0.9,student,t5-small,,0.8913157894736842,0.891098564367315,60771332,14.5654386675839,231.82423400878906,0.9667475381761096,6,123,1000,2.0,0.9,5,2e-05,8,128
student_t5-small_fs1000_supp123_seed9_tau0.1_a0.9,student,t5-small,,0.8913157894736842,0.8910011620660323,60771332,11.842210736358538,231.82423400878906,0.9667475381761096,9,123,1000,0.1,0.9,5,2e-05,8,128
student_t5-small_fs1000_supp123_seed1_tau0.5_a0.3,student,t5-small,,0.8911842105263158,0.8908903565516639,60771332,14.641637066961266,231.82423400878906,0.966604823747681,1,123,1000,0.5,0.3,5,2e-05,8,128
student_t5-small_fs1000_supp123_seed1_tau2.5_a0.7,student,t5-small,,0.8911842105263158,0.8908309418742255,60771332,15.894383331760764,231.82423400878906,0.966604823747681,1,123,1000,2.5,0.7,5,2e-05,8,128
student_t5-small_fs1000_supp123_seed4_tau0.1_a0.3,student,t5-small,,0.8911842105263158,0.8909733342763912,60771332,16.16774846819074,231.82423400878906,0.966604823747681,4,123,1000,0.1,0.3,5,2e-05,8,128
student_t5-small_fs1000_supp123_seed4_tau0.5_a0.1,student,t5-small,,0.8911842105263158,0.8910104863247781,60771332,14.472722996530743,231.82423400878906,0.966604823747681,4,123,1000,0.5,0.1,5,2e-05,8,128
student_t5-small_fs1000_supp123_seed5_tau1.0_a0.9,student,t5-small,,0.8911842105263158,0.890989637136699,60771332,12.859259799976522,231.82423400878906,0.966604823747681,5,123,1000,1.0,0.9,5,2e-05,8,128
student_t5-small_fs1000_supp123_seed6_tau0.1_a0.7,student,t5-small,,0.8911842105263158,0.8910073737574615,60771332,12.638901869649999,231.82423400878906,0.966604823747681,6,123,1000,0.1,0.7,5,2e-05,8,128
student_t5-small_fs1000_supp123_seed6_tau0.5_a0.7,student,t5-small,,0.8911842105263158,0.8910009667205545,60771332,15.674643733655103,231.82423400878906,0.966604823747681,6,123,1000,0.5,0.7,5,2e-05,8,128
student_t5-small_fs1000_supp123_seed6_tau1.0_a0.1,student,t5-small,,0.8911842105263158,0.8910168063046269,60771332,13.02840499750649,231.82423400878906,0.966604823747681,6,123,1000,1.0,0.1,5,2e-05,8,128
student_t5-small_fs1000_supp123_seed6_tau1.5_a0.7,student,t5-small,,0.8911842105263158,0.8909972851547876,60771332,13.254608930825876,231.82423400878906,0.966604823747681,6,123,1000,1.5,0.7,5,2e-05,8,128
student_t5-small_fs1000_supp123_seed6_tau2.5_a0.3,student,t5-small,,0.8911842105263158,0.8909696805865708,60771332,13.601159668178298,231.82423400878906,0.966604823747681,6,123,1000,2.5,0.3,5,2e-05,8,128
student_t5-small_fs1000_supp123_seed7_tau1.0_a0.7,student,t5-small,,0.8911842105263158,0.8910711325340819,60771332,12.887737865094095,231.82423400878906,0.966604823747681,7,123,1000,1.0,0.7,5,2e-05,8,128
student_t5-small_fs1000_supp123_seed4_tau1.0_a0.5,student,t5-small,,0.8910526315789473,0.8908241226151011,60771332,13.006691530851336,231.82423400878906,0.9664621093192521,4,123,1000,1.0,0.5,5,2e-05,8,128
student_t5-small_fs1000_supp123_seed5_tau0.1_a0.5,student,t5-small,,0.8910526315789473,0.8909040571212461,60771332,16.09926746750716,231.82423400878906,0.9664621093192521,5,123,1000,0.1,0.5,5,2e-05,8,128
student_t5-small_fs1000_supp123_seed6_tau1.5_a0.1,student,t5-small,,0.8910526315789473,0.8908480278303194,60771332,13.499560735848112,231.82423400878906,0.9664621093192521,6,123,1000,1.5,0.1,5,2e-05,8,128
student_t5-small_fs1000_supp123_seed6_tau3.0_a0.7,student,t5-small,,0.8910526315789473,0.8908820674631075,60771332,12.201212200064523,231.82423400878906,0.9664621093192521,6,123,1000,3.0,0.7,5,2e-05,8,128
student_t5-small_fs1000_supp123_seed8_tau0.5_a0.9,student,t5-small,,0.8910526315789473,0.8908388532804394,60771332,12.518010335043073,231.82423400878906,0.9664621093192521,8,123,1000,0.5,0.9,5,2e-05,8,128
student_t5-small_fs1000_supp123_seed8_tau1.0_a0.7,student,t5-small,,0.8910526315789473,0.8908509042587689,60771332,11.70433999989958,231.82423400878906,0.9664621093192521,8,123,1000,1.0,0.7,5,2e-05,8,128
student_t5-small_fs1000_supp123_seed8_tau3.0_a0.9,student,t5-small,,0.8910526315789473,0.8907907166772764,60771332,12.48989753269901,231.82423400878906,0.9664621093192521,8,123,1000,3.0,0.9,5,2e-05,8,128
student_t5-small_fs1000_supp123_seed6_tau3.0_a0.9,student,t5-small,,0.890921052631579,0.8906910393553037,60771332,15.059079197817482,231.82423400878906,0.9663193948908235,6,123,1000,3.0,0.9,5,2e-05,8,128
student_t5-small_fs1000_supp123_seed7_tau0.5_a0.7,student,t5-small,,0.890921052631579,0.890807572318124,60771332,12.439923732502697,231.82423400878906,0.9663193948908235,7,123,1000,0.5,0.7,5,2e-05,8,128
student_t5-small_fs1000_supp123_seed0_tau0.5_a0.3,student,t5-small,,0.8907894736842106,0.8907438863317811,60771332,10.924661466560792,231.82423400878906,0.9661766804623948,0,123,1000,0.5,0.3,5,2e-05,8,128
student_t5-small_fs1000_supp123_seed1_tau1.0_a0.7,student,t5-small,,0.8907894736842106,0.8905089808321939,60771332,13.564845733344555,231.82423400878906,0.9661766804623948,1,123,1000,1.0,0.7,5,2e-05,8,128
student_t5-small_fs1000_supp123_seed1_tau1.5_a0.9,student,t5-small,,0.8907894736842106,0.8904607687421462,60771332,16.71109206508845,231.82423400878906,0.9661766804623948,1,123,1000,1.5,0.9,5,2e-05,8,128
student_t5-small_fs1000_supp123_seed5_tau3.0_a0.5,student,t5-small,,0.8907894736842106,0.8905925272571074,60771332,13.953244600755474,231.82423400878906,0.9661766804623948,5,123,1000,3.0,0.5,5,2e-05,8,128
student_t5-small_fs1000_supp123_seed6_tau1.0_a0.9,student,t5-small,,0.8907894736842106,0.8905950078354468,60771332,12.347018797299825,231.82423400878906,0.9661766804623948,6,123,1000,1.0,0.9,5,2e-05,8,128
student_t5-small_fs1000_supp123_seed7_tau0.5_a0.5,student,t5-small,,0.8907894736842106,0.8906757218107288,60771332,13.843783400564766,231.82423400878906,0.9661766804623948,7,123,1000,0.5,0.5,5,2e-05,8,128
student_t5-small_fs1000_supp123_seed7_tau2.5_a0.1,student,t5-small,,0.8907894736842106,0.8906866738335226,60771332,14.38637179962825,231.82423400878906,0.9661766804623948,7,123,1000,2.5,0.1,5,2e-05,8,128
student_t5-small_fs1000_supp123_seed7_tau2.5_a0.3,student,t5-small,,0.8907894736842106,0.8906559411120908,60771332,13.324646400481774,231.82423400878906,0.9661766804623948,7,123,1000,2.5,0.3,5,2e-05,8,128
student_t5-small_fs1000_supp123_seed8_tau1.5_a0.7,student,t5-small,,0.8907894736842106,0.8905326400542044,60771332,13.853466865839437,231.82423400878906,0.9661766804623948,8,123,1000,1.5,0.7,5,2e-05,8,128
student_t5-small_fs1000_supp123_seed9_tau1.0_a0.7,student,t5-small,,0.8907894736842106,0.8904314153882666,60771332,14.992456262310347,231.82423400878906,0.9661766804623948,9,123,1000,1.0,0.7,5,2e-05,8,128
student_t5-small_fs1000_supp123_seed4_tau0.5_a0.9,student,t5-small,,0.8906578947368421,0.8904344974068549,60771332,15.884942666161805,231.82423400878906,0.9660339660339661,4,123,1000,0.5,0.9,5,2e-05,8,128
student_t5-small_fs1000_supp123_seed4_tau2.5_a0.5,student,t5-small,,0.8906578947368421,0.8903311860803034,60771332,12.546161802796027,231.82423400878906,0.9660339660339661,4,123,1000,2.5,0.5,5,2e-05,8,128
student_t5-small_fs1000_supp123_seed5_tau1.0_a0.1,student,t5-small,,0.8906578947368421,0.8904871655251421,60771332,13.722416733313972,231.82423400878906,0.9660339660339661,5,123,1000,1.0,0.1,5,2e-05,8,128
student_t5-small_fs1000_supp123_seed5_tau2.0_a0.5,student,t5-small,,0.8906578947368421,0.8904713267933219,60771332,13.746877935288163,231.82423400878906,0.9660339660339661,5,123,1000,2.0,0.5,5,2e-05,8,128
student_t5-small_fs1000_supp123_seed5_tau2.5_a0.9,student,t5-small,,0.8906578947368421,0.8904298332229672,60771332,12.95705380034633,231.82423400878906,0.9660339660339661,5,123,1000,2.5,0.9,5,2e-05,8,128
student_t5-small_fs1000_supp123_seed7_tau2.0_a0.5,student,t5-small,,0.8906578947368421,0.8905534776768845,60771332,12.013143669658652,231.82423400878906,0.9660339660339661,7,123,1000,2.0,0.5,5,2e-05,8,128
student_t5-small_fs1000_supp123_seed7_tau2.5_a0.5,student,t5-small,,0.8906578947368421,0.8905031205815002,60771332,12.242001402773894,231.82423400878906,0.9660339660339661,7,123,1000,2.5,0.5,5,2e-05,8,128
student_t5-small_fs1000_supp123_seed8_tau1.0_a0.5,student,t5-small,,0.8906578947368421,0.89043902604815,60771332,13.153556199783148,231.82423400878906,0.9660339660339661,8,123,1000,1.0,0.5,5,2e-05,8,128
student_t5-small_fs1000_supp123_seed9_tau2.5_a0.5,student,t5-small,,0.8906578947368421,0.8903052667848387,60771332,11.793089669663459,231.82423400878906,0.9660339660339661,9,123,1000,2.5,0.5,5,2e-05,8,128
student_t5-small_fs1000_supp123_seed1_tau3.0_a0.5,student,t5-small,,0.8905263157894737,0.8901675242346825,60771332,17.551074870668042,231.82423400878906,0.9658912516055373,1,123,1000,3.0,0.5,5,2e-05,8,128
student_t5-small_fs1000_supp123_seed4_tau1.0_a0.1,student,t5-small,,0.8905263157894737,0.8902508531881232,60771332,13.406124600442126,231.82423400878906,0.9658912516055373,4,123,1000,1.0,0.1,5,2e-05,8,128
student_t5-small_fs1000_supp123_seed4_tau2.0_a0.5,student,t5-small,,0.8905263157894737,0.8902457379220435,60771332,12.315138465298029,231.82423400878906,0.9658912516055373,4,123,1000,2.0,0.5,5,2e-05,8,128
student_t5-small_fs1000_supp123_seed4_tau2.5_a0.9,student,t5-small,,0.8905263157894737,0.8902712828893656,60771332,13.976718065290092,231.82423400878906,0.9658912516055373,4,123,1000,2.5,0.9,5,2e-05,8,128
student_t5-small_fs1000_supp123_seed5_tau1.0_a0.3,student,t5-small,,0.8905263157894737,0.8903641014096152,60771332,14.883527603039207,231.82423400878906,0.9658912516055373,5,123,1000,1.0,0.3,5,2e-05,8,128
student_t5-small_fs1000_supp123_seed5_tau2.0_a0.9,student,t5-small,,0.8905263157894737,0.8903967988545896,60771332,16.823987796669826,231.82423400878906,0.9658912516055373,5,123,1000,2.0,0.9,5,2e-05,8,128
student_t5-small_fs1000_supp123_seed6_tau1.5_a0.9,student,t5-small,,0.8905263157894737,0.890309503045443,60771332,13.59498406915615,231.82423400878906,0.9658912516055373,6,123,1000,1.5,0.9,5,2e-05,8,128
student_t5-small_fs1000_supp123_seed6_tau2.0_a0.1,student,t5-small,,0.8905263157894737,0.8903049358204087,60771332,13.356463331729174,231.82423400878906,0.9658912516055373,6,123,1000,2.0,0.1,5,2e-05,8,128
student_t5-small_fs1000_supp123_seed6_tau2.5_a0.1,student,t5-small,,0.8905263157894737,0.890308440546782,60771332,15.47236319941779,231.82423400878906,0.9658912516055373,6,123,1000,2.5,0.1,5,2e-05,8,128
student_t5-small_fs1000_supp123_seed7_tau0.1_a0.1,student,t5-small,,0.8905263157894737,0.8903843322711822,60771332,12.55307233465525,231.82423400878906,0.9658912516055373,7,123,1000,0.1,0.1,5,2e-05,8,128
student_t5-small_fs1000_supp123_seed7_tau2.0_a0.1,student,t5-small,,0.8905263157894737,0.8903933354022426,60771332,11.858584933603803,231.82423400878906,0.9658912516055373,7,123,1000,2.0,0.1,5,2e-05,8,128
student_t5-small_fs1000_supp123_seed7_tau3.0_a0.3,student,t5-small,,0.8905263157894737,0.8903666502245337,60771332,13.164667265179256,231.82423400878906,0.9658912516055373,7,123,1000,3.0,0.3,5,2e-05,8,128
student_t5-small_fs1000_supp123_seed9_tau1.5_a0.9,student,t5-small,,0.8905263157894737,0.8901649012904762,60771332,12.126137599504242,231.82423400878906,0.9658912516055373,9,123,1000,1.5,0.9,5,2e-05,8,128
student_t5-small_fs1000_supp123_seed9_tau2.0_a0.7,student,t5-small,,0.8905263157894737,0.8901920986774543,60771332,12.378054067570096,231.82423400878906,0.9658912516055373,9,123,1000,2.0,0.7,5,2e-05,8,128
student_t5-small_fs1000_supp123_seed0_tau0.1_a0.3,student,t5-small,,0.8903947368421052,0.890307300374604,60771332,16.21668039976309,231.82423400878906,0.9657485371771086,0,123,1000,0.1,0.3,5,2e-05,8,128
student_t5-small_fs1000_supp123_seed0_tau0.5_a0.1,student,t5-small,,0.8903947368421052,0.8903644340884733,60771332,12.962117733453246,231.82423400878906,0.9657485371771086,0,123,1000,0.5,0.1,5,2e-05,8,128
student_t5-small_fs1000_supp123_seed0_tau1.5_a0.3,student,t5-small,,0.8903947368421052,0.8902475274438593,60771332,12.649634933040943,231.82423400878906,0.9657485371771086,0,123,1000,1.5,0.3,5,2e-05,8,128
student_t5-small_fs1000_supp123_seed1_tau1.0_a0.3,student,t5-small,,0.8903947368421052,0.890049611600264,60771332,11.923332667599121,231.82423400878906,0.9657485371771086,1,123,1000,1.0,0.3,5,2e-05,8,128
student_t5-small_fs1000_supp123_seed1_tau2.0_a0.3,student,t5-small,,0.8903947368421052,0.8900396259455062,60771332,12.175285599854154,231.82423400878906,0.9657485371771086,1,123,1000,2.0,0.3,5,2e-05,8,128
student_t5-small_fs1000_supp123_seed1_tau2.5_a0.3,student,t5-small,,0.8903947368421052,0.8900398154313351,60771332,13.873447732961116,231.82423400878906,0.9657485371771086,1,123,1000,2.5,0.3,5,2e-05,8,128
student_t5-small_fs1000_supp123_seed1_tau3.0_a0.1,student,t5-small,,0.8903947368421052,0.8900695377041128,60771332,11.971503667882644,231.82423400878906,0.9657485371771086,1,123,1000,3.0,0.1,5,2e-05,8,128
student_t5-small_fs1000_supp123_seed4_tau3.0_a0.5,student,t5-small,,0.8903947368421052,0.8901061859960706,60771332,16.713723468516644,231.82423400878906,0.9657485371771086,4,123,1000,3.0,0.5,5,2e-05,8,128
student_t5-small_fs1000_supp123_seed5_tau0.1_a0.3,student,t5-small,,0.8903947368421052,0.8902007844580888,60771332,12.23083513226205,231.82423400878906,0.9657485371771086,5,123,1000,0.1,0.3,5,2e-05,8,128
student_t5-small_fs1000_supp123_seed5_tau0.1_a0.7,student,t5-small,,0.8903947368421052,0.8902660877447715,60771332,12.445795200377082,231.82423400878906,0.9657485371771086,5,123,1000,0.1,0.7,5,2e-05,8,128
student_t5-small_fs1000_supp123_seed6_tau2.5_a0.9,student,t5-small,,0.8903947368421052,0.89022600535389,60771332,14.267709200309278,231.82423400878906,0.9657485371771086,6,123,1000,2.5,0.9,5,2e-05,8,128
student_t5-small_fs1000_supp123_seed6_tau3.0_a0.3,student,t5-small,,0.8903947368421052,0.8901454035978468,60771332,12.236164931285506,231.82423400878906,0.9657485371771086,6,123,1000,3.0,0.3,5,2e-05,8,128
student_t5-small_fs1000_supp123_seed8_tau0.1_a0.5,student,t5-small,,0.8903947368421052,0.8901551085322027,60771332,15.661520067563591,231.82423400878906,0.9657485371771086,8,123,1000,0.1,0.5,5,2e-05,8,128
student_t5-small_fs1000_supp123_seed8_tau0.1_a0.9,student,t5-small,,0.8903947368421052,0.8902229175836393,60771332,15.597767601138912,231.82423400878906,0.9657485371771086,8,123,1000,0.1,0.9,5,2e-05,8,128
student_t5-small_fs1000_supp123_seed8_tau1.5_a0.1,student,t5-small,,0.8903947368421052,0.890166740891892,60771332,13.181556002624953,231.82423400878906,0.9657485371771086,8,123,1000,1.5,0.1,5,2e-05,8,128
student_t5-small_fs1000_supp123_seed0_tau3.0_a0.5,student,t5-small,,0.8902631578947369,0.8901363290966209,60771332,14.348106865751712,231.82423400878906,0.96560582274868,0,123,1000,3.0,0.5,5,2e-05,8,128
student_t5-small_fs1000_supp123_seed1_tau0.1_a0.7,student,t5-small,,0.8902631578947369,0.8899761636129637,60771332,12.673858199074553,231.82423400878906,0.96560582274868,1,123,1000,0.1,0.7,5,2e-05,8,128
student_t5-small_fs1000_supp123_seed1_tau0.5_a0.7,student,t5-small,,0.8902631578947369,0.889975457759509,60771332,13.133803000285601,231.82423400878906,0.96560582274868,1,123,1000,0.5,0.7,5,2e-05,8,128
student_t5-small_fs1000_supp123_seed1_tau0.5_a0.9,student,t5-small,,0.8902631578947369,0.8899505858854043,60771332,10.594658334351456,231.82423400878906,0.96560582274868,1,123,1000,0.5,0.9,5,2e-05,8,128
student_t5-small_fs1000_supp123_seed4_tau1.5_a0.3,student,t5-small,,0.8902631578947369,0.8900146513300669,60771332,11.988421800197102,231.82423400878906,0.96560582274868,4,123,1000,1.5,0.3,5,2e-05,8,128
student_t5-small_fs1000_supp123_seed5_tau0.5_a0.7,student,t5-small,,0.8902631578947369,0.8901522862159612,60771332,15.79383286977342,231.82423400878906,0.96560582274868,5,123,1000,0.5,0.7,5,2e-05,8,128
student_t5-small_fs1000_supp123_seed5_tau0.5_a0.9,student,t5-small,,0.8902631578947369,0.8901003269430957,60771332,15.838893467055945,231.82423400878906,0.96560582274868,5,123,1000,0.5,0.9,5,2e-05,8,128
student_t5-small_fs1000_supp123_seed5_tau2.5_a0.5,student,t5-small,,0.8902631578947369,0.8900684878871044,60771332,13.36391806738296,231.82423400878906,0.96560582274868,5,123,1000,2.5,0.5,5,2e-05,8,128
student_t5-small_fs1000_supp123_seed5_tau2.5_a0.7,student,t5-small,,0.8902631578947369,0.8900871101211564,60771332,17.355612868171495,231.82423400878906,0.96560582274868,5,123,1000,2.5,0.7,5,2e-05,8,128
student_t5-small_fs1000_supp123_seed6_tau0.5_a0.5,student,t5-small,,0.8902631578947369,0.8900775687736562,60771332,15.796313528941633,231.82423400878906,0.96560582274868,6,123,1000,0.5,0.5,5,2e-05,8,128
student_t5-small_fs1000_supp123_seed6_tau1.5_a0.5,student,t5-small,,0.8902631578947369,0.8900483549519049,60771332,12.875786532337466,231.82423400878906,0.96560582274868,6,123,1000,1.5,0.5,5,2e-05,8,128
student_t5-small_fs1000_supp123_seed9_tau1.5_a0.3,student,t5-small,,0.8902631578947369,0.8899298402255182,60771332,18.716011731885374,231.82423400878906,0.96560582274868,9,123,1000,1.5,0.3,5,2e-05,8,128
student_t5-small_fs1000_supp123_seed0_tau0.1_a0.1,student,t5-small,,0.8901315789473684,0.8900523354258497,60771332,14.61882466780177,231.82423400878906,0.9654631083202512,0,123,1000,0.1,0.1,5,2e-05,8,128
student_t5-small_fs1000_supp123_seed1_tau3.0_a0.3,student,t5-small,,0.8901315789473684,0.8897857000196896,60771332,10.526134464695739,231.82423400878906,0.9654631083202512,1,123,1000,3.0,0.3,5,2e-05,8,128
student_t5-small_fs1000_supp123_seed1_tau3.0_a0.7,student,t5-small,,0.8901315789473684,0.8897996468410108,60771332,12.722929535084404,231.82423400878906,0.9654631083202512,1,123,1000,3.0,0.7,5,2e-05,8,128
student_t5-small_fs1000_supp123_seed4_tau0.1_a0.9,student,t5-small,,0.8901315789473684,0.889900397834926,60771332,15.948947603465058,231.82423400878906,0.9654631083202512,4,123,1000,0.1,0.9,5,2e-05,8,128
student_t5-small_fs1000_supp123_seed4_tau2.0_a0.1,student,t5-small,,0.8901315789473684,0.8897986423444533,60771332,16.037578935114045,231.82423400878906,0.9654631083202512,4,123,1000,2.0,0.1,5,2e-05,8,128
student_t5-small_fs1000_supp123_seed4_tau2.0_a0.3,student,t5-small,,0.8901315789473684,0.889852375965575,60771332,12.83598920078172,231.82423400878906,0.9654631083202512,4,123,1000,2.0,0.3,5,2e-05,8,128
student_t5-small_fs1000_supp123_seed4_tau2.5_a0.3,student,t5-small,,0.8901315789473684,0.8898214195266786,60771332,15.440739866850587,231.82423400878906,0.9654631083202512,4,123,1000,2.5,0.3,5,2e-05,8,128
student_t5-small_fs1000_supp123_seed4_tau3.0_a0.7,student,t5-small,,0.8901315789473684,0.8898441110867242,60771332,13.210916866470749,231.82423400878906,0.9654631083202512,4,123,1000,3.0,0.7,5,2e-05,8,128
student_t5-small_fs1000_supp123_seed5_tau0.1_a0.9,student,t5-small,,0.8901315789473684,0.8899745877037207,60771332,15.37374786566943,231.82423400878906,0.9654631083202512,5,123,1000,0.1,0.9,5,2e-05,8,128
student_t5-small_fs1000_supp123_seed5_tau3.0_a0.7,student,t5-small,,0.8901315789473684,0.8899301874427336,60771332,16.946718336354632,231.82423400878906,0.9654631083202512,5,123,1000,3.0,0.7,5,2e-05,8,128
student_t5-small_fs1000_supp123_seed8_tau2.0_a0.1,student,t5-small,,0.8901315789473684,0.8898707056022886,60771332,14.044412004295737,231.82423400878906,0.9654631083202512,8,123,1000,2.0,0.1,5,2e-05,8,128
student_t5-small_fs1000_supp123_seed8_tau3.0_a0.1,student,t5-small,,0.8901315789473684,0.8898461315163253,60771332,12.831564938339094,231.82423400878906,0.9654631083202512,8,123,1000,3.0,0.1,5,2e-05,8,128
student_t5-small_fs1000_supp123_seed9_tau2.0_a0.9,student,t5-small,,0.8901315789473684,0.8897301932462118,60771332,12.715294264489785,231.82423400878906,0.9654631083202512,9,123,1000,2.0,0.9,5,2e-05,8,128
student_t5-small_fs1000_supp123_seed1_tau0.5_a0.5,student,t5-small,,0.89,0.8897088941859648,60771332,13.150475667013476,231.82423400878906,0.9653203938918226,1,123,1000,0.5,0.5,5,2e-05,8,128
student_t5-small_fs1000_supp123_seed4_tau2.0_a0.9,student,t5-small,,0.89,0.8897663671642133,60771332,15.932407399911122,231.82423400878906,0.9653203938918226,4,123,1000,2.0,0.9,5,2e-05,8,128
student_t5-small_fs1000_supp123_seed5_tau1.0_a0.7,student,t5-small,,0.89,0.8898673530422685,60771332,12.472492532106116,231.82423400878906,0.9653203938918226,5,123,1000,1.0,0.7,5,2e-05,8,128
student_t5-small_fs1000_supp123_seed5_tau1.5_a0.1,student,t5-small,,0.89,0.8898259514434816,60771332,14.14573740233512,231.82423400878906,0.9653203938918226,5,123,1000,1.5,0.1,5,2e-05,8,128
student_t5-small_fs1000_supp123_seed5_tau1.5_a0.7,student,t5-small,,0.89,0.8898395405535051,60771332,13.268519064877182,231.82423400878906,0.9653203938918226,5,123,1000,1.5,0.7,5,2e-05,8,128
student_t5-small_fs1000_supp123_seed6_tau0.1_a0.3,student,t5-small,,0.89,0.8898147140984598,60771332,14.78441039895794,231.82423400878906,0.9653203938918226,6,123,1000,0.1,0.3,5,2e-05,8,128
student_t5-small_fs1000_supp123_seed8_tau2.5_a0.3,student,t5-small,,0.89,0.8897490063100774,60771332,15.47707419958897,231.82423400878906,0.9653203938918226,8,123,1000,2.5,0.3,5,2e-05,8,128
student_t5-small_fs1000_supp123_seed9_tau0.5_a0.9,student,t5-small,,0.89,0.8896763421391339,60771332,16.1893569980748,231.82423400878906,0.9653203938918226,9,123,1000,0.5,0.9,5,2e-05,8,128
student_t5-small_fs1000_supp123_seed9_tau2.5_a0.1,student,t5-small,,0.89,0.8896752357693194,60771332,14.550083266415944,231.82423400878906,0.9653203938918226,9,123,1000,2.5,0.1,5,2e-05,8,128
student_t5-small_fs1000_supp123_seed0_tau0.5_a0.5,student,t5-small,,0.8898684210526315,0.8898146569910145,60771332,13.080489867328046,231.82423400878906,0.9651776794633937,0,123,1000,0.5,0.5,5,2e-05,8,128
student_t5-small_fs1000_supp123_seed0_tau1.0_a0.9,student,t5-small,,0.8898684210526315,0.889806989570379,60771332,14.20961386708465,231.82423400878906,0.9651776794633937,0,123,1000,1.0,0.9,5,2e-05,8,128
student_t5-small_fs1000_supp123_seed1_tau1.5_a0.5,student,t5-small,,0.8898684210526315,0.8895276286730857,60771332,15.260579599998891,231.82423400878906,0.9651776794633937,1,123,1000,1.5,0.5,5,2e-05,8,128
student_t5-small_fs1000_supp123_seed1_tau2.0_a0.1,student,t5-small,,0.8898684210526315,0.8895314013266504,60771332,12.603807933434533,231.82423400878906,0.9651776794633937,1,123,1000,2.0,0.1,5,2e-05,8,128
student_t5-small_fs1000_supp123_seed4_tau1.0_a0.9,student,t5-small,,0.8898684210526315,0.8896776122465648,60771332,12.235655332915485,231.82423400878906,0.9651776794633937,4,123,1000,1.0,0.9,5,2e-05,8,128
student_t5-small_fs1000_supp123_seed4_tau1.5_a0.7,student,t5-small,,0.8898684210526315,0.8896631659666703,60771332,13.457568931820182,231.82423400878906,0.9651776794633937,4,123,1000,1.5,0.7,5,2e-05,8,128
student_t5-small_fs1000_supp123_seed5_tau0.5_a0.5,student,t5-small,,0.8898684210526315,0.8897080620754584,60771332,13.775114597713886,231.82423400878906,0.9651776794633937,5,123,1000,0.5,0.5,5,2e-05,8,128
student_t5-small_fs1000_supp123_seed6_tau1.0_a0.3,student,t5-small,,0.8898684210526315,0.8896874501180613,60771332,13.859117732499726,231.82423400878906,0.9651776794633937,6,123,1000,1.0,0.3,5,2e-05,8,128
student_t5-small_fs1000_supp123_seed7_tau1.5_a0.1,student,t5-small,,0.8898684210526315,0.8897560052984063,60771332,15.256317268358544,231.82423400878906,0.9651776794633937,7,123,1000,1.5,0.1,5,2e-05,8,128
student_t5-small_fs1000_supp123_seed8_tau2.0_a0.9,student,t5-small,,0.8898684210526315,0.8896261898643987,60771332,14.269322861218825,231.82423400878906,0.9651776794633937,8,123,1000,2.0,0.9,5,2e-05,8,128
student_t5-small_fs1000_supp123_seed9_tau0.1_a0.3,student,t5-small,,0.8898684210526315,0.8895171217055104,60771332,17.437035937715944,231.82423400878906,0.9651776794633937,9,123,1000,0.1,0.3,5,2e-05,8,128
student_t5-small_fs1000_supp123_seed9_tau0.5_a0.7,student,t5-small,,0.8898684210526315,0.8894310382938818,60771332,13.01599446645317,231.82423400878906,0.9651776794633937,9,123,1000,0.5,0.7,5,2e-05,8,128
student_t5-small_fs1000_supp123_seed9_tau2.0_a0.3,student,t5-small,,0.8898684210526315,0.8895081332022667,60771332,14.81052900198847,231.82423400878906,0.9651776794633937,9,123,1000,2.0,0.3,5,2e-05,8,128
student_t5-small_fs1000_supp123_seed9_tau3.0_a0.1,student,t5-small,,0.8898684210526315,0.8895440915845723,60771332,13.212663402858501,231.82423400878906,0.9651776794633937,9,123,1000,3.0,0.1,5,2e-05,8,128
student_t5-small_fs1000_supp123_seed0_tau1.0_a0.5,student,t5-small,,0.8897368421052632,0.8896503448201976,60771332,16.96616966704217,231.82423400878906,0.9650349650349651,0,123,1000,1.0,0.5,5,2e-05,8,128
student_t5-small_fs1000_supp123_seed0_tau1.5_a0.1,student,t5-small,,0.8897368421052632,0.8895980888831149,60771332,11.937964932682613,231.82423400878906,0.9650349650349651,0,123,1000,1.5,0.1,5,2e-05,8,128
student_t5-small_fs1000_supp123_seed1_tau2.0_a0.5,student,t5-small,,0.8897368421052632,0.889414636883539,60771332,14.153782332626482,231.82423400878906,0.9650349650349651,1,123,1000,2.0,0.5,5,2e-05,8,128
student_t5-small_fs1000_supp123_seed1_tau2.5_a0.1,student,t5-small,,0.8897368421052632,0.8893950908356228,60771332,13.33536046925777,231.82423400878906,0.9650349650349651,1,123,1000,2.5,0.1,5,2e-05,8,128
student_t5-small_fs1000_supp123_seed1_tau2.5_a0.5,student,t5-small,,0.8897368421052632,0.889423666353961,60771332,14.741083533347895,231.82423400878906,0.9650349650349651,1,123,1000,2.5,0.5,5,2e-05,8,128
student_t5-small_fs1000_supp123_seed1_tau3.0_a0.9,student,t5-small,,0.8897368421052632,0.8894453852751063,60771332,19.20391739792346,231.82423400878906,0.9650349650349651,1,123,1000,3.0,0.9,5,2e-05,8,128
student_t5-small_fs1000_supp123_seed2_tau3.0_a0.5,student,t5-small,,0.8897368421052632,0.889579952625845,60771332,14.32915753296887,231.82423400878906,0.9650349650349651,2,123,1000,3.0,0.5,5,2e-05,8,128
student_t5-small_fs1000_supp123_seed5_tau3.0_a0.9,student,t5-small,,0.8897368421052632,0.8895844123349813,60771332,13.579679401785446,231.82423400878906,0.9650349650349651,5,123,1000,3.0,0.9,5,2e-05,8,128
student_t5-small_fs1000_supp123_seed7_tau3.0_a0.1,student,t5-small,,0.8897368421052632,0.8896081738299152,60771332,13.648350196308456,231.82423400878906,0.9650349650349651,7,123,1000,3.0,0.1,5,2e-05,8,128
student_t5-small_fs1000_supp123_seed7_tau3.0_a0.5,student,t5-small,,0.8897368421052632,0.8895484987576039,60771332,15.825718800382068,231.82423400878906,0.9650349650349651,7,123,1000,3.0,0.5,5,2e-05,8,128
student_t5-small_fs1000_supp123_seed8_tau3.0_a0.7,student,t5-small,,0.8897368421052632,0.8894876344553677,60771332,14.858877934360256,231.82423400878906,0.9650349650349651,8,123,1000,3.0,0.7,5,2e-05,8,128
student_t5-small_fs1000_supp123_seed9_tau0.5_a0.1,student,t5-small,,0.8897368421052632,0.8894050057356899,60771332,15.087350335670635,231.82423400878906,0.9650349650349651,9,123,1000,0.5,0.1,5,2e-05,8,128
student_t5-small_fs1000_supp123_seed9_tau1.0_a0.9,student,t5-small,,0.8897368421052632,0.8893855503621488,60771332,13.002838467946276,231.82423400878906,0.9650349650349651,9,123,1000,1.0,0.9,5,2e-05,8,128
student_t5-small_fs1000_supp123_seed9_tau1.5_a0.5,student,t5-small,,0.8897368421052632,0.8894197768458558,60771332,13.142323195158193,231.82423400878906,0.9650349650349651,9,123,1000,1.5,0.5,5,2e-05,8,128
student_t5-small_fs1000_supp123_seed9_tau3.0_a0.5,student,t5-small,,0.8897368421052632,0.8893762368300218,60771332,14.741637072681138,231.82423400878906,0.9650349650349651,9,123,1000,3.0,0.5,5,2e-05,8,128
student_t5-small_fs1000_supp123_seed1_tau0.1_a0.1,student,t5-small,,0.8896052631578948,0.8893263373813591,60771332,15.739482999682272,231.82423400878906,0.9648922506065364,1,123,1000,0.1,0.1,5,2e-05,8,128
student_t5-small_fs1000_supp123_seed1_tau1.0_a0.1,student,t5-small,,0.8896052631578948,0.8892815227414481,60771332,11.818525800481439,231.82423400878906,0.9648922506065364,1,123,1000,1.0,0.1,5,2e-05,8,128
student_t5-small_fs1000_supp123_seed1_tau2.5_a0.9,student,t5-small,,0.8896052631578948,0.8892971572441711,60771332,11.297120335317837,231.82423400878906,0.9648922506065364,1,123,1000,2.5,0.9,5,2e-05,8,128
student_t5-small_fs1000_supp123_seed2_tau2.0_a0.3,student,t5-small,,0.8896052631578948,0.8894922250931325,60771332,15.076908533228561,231.82423400878906,0.9648922506065364,2,123,1000,2.0,0.3,5,2e-05,8,128
student_t5-small_fs1000_supp123_seed3_tau2.5_a0.3,student,t5-small,,0.8896052631578948,0.8892772886164688,60771332,16.32286600021568,231.82423400878906,0.9648922506065364,3,123,1000,2.5,0.3,5,2e-05,8,128
student_t5-small_fs1000_supp123_seed4_tau0.1_a0.7,student,t5-small,,0.8896052631578948,0.8893962507074469,60771332,13.59597333551695,231.82423400878906,0.9648922506065364,4,123,1000,0.1,0.7,5,2e-05,8,128
student_t5-small_fs1000_supp123_seed4_tau0.5_a0.3,student,t5-small,,0.8896052631578948,0.8894066813289215,60771332,14.63196626670348,231.82423400878906,0.9648922506065364,4,123,1000,0.5,0.3,5,2e-05,8,128
student_t5-small_fs1000_supp123_seed4_tau1.0_a0.7,student,t5-small,,0.8896052631578948,0.8894312999876786,60771332,13.561256531587182,231.82423400878906,0.9648922506065364,4,123,1000,1.0,0.7,5,2e-05,8,128
student_t5-small_fs1000_supp123_seed4_tau2.5_a0.7,student,t5-small,,0.8896052631578948,0.8893623975182116,60771332,17.065558065466274,231.82423400878906,0.9648922506065364,4,123,1000,2.5,0.7,5,2e-05,8,128
student_t5-small_fs1000_supp123_seed4_tau3.0_a0.3,student,t5-small,,0.8896052631578948,0.8892732415109845,60771332,12.441690735674152,231.82423400878906,0.9648922506065364,4,123,1000,3.0,0.3,5,2e-05,8,128
student_t5-small_fs1000_supp123_seed5_tau2.0_a0.7,student,t5-small,,0.8896052631578948,0.8894113962317364,60771332,14.116424067954844,231.82423400878906,0.9648922506065364,5,123,1000,2.0,0.7,5,2e-05,8,128
student_t5-small_fs1000_supp123_seed5_tau3.0_a0.3,student,t5-small,,0.8896052631578948,0.8893716193196655,60771332,16.058060733485036,231.82423400878906,0.9648922506065364,5,123,1000,3.0,0.3,5,2e-05,8,128
student_t5-small_fs1000_supp123_seed7_tau0.1_a0.9,student,t5-small,,0.8896052631578948,0.8895032410698325,60771332,18.154196330578998,231.82423400878906,0.9648922506065364,7,123,1000,0.1,0.9,5,2e-05,8,128
student_t5-small_fs1000_supp123_seed7_tau1.0_a0.1,student,t5-small,,0.8896052631578948,0.8894862795590825,60771332,13.947660667084468,231.82423400878906,0.9648922506065364,7,123,1000,1.0,0.1,5,2e-05,8,128
student_t5-small_fs1000_supp123_seed7_tau3.0_a0.7,student,t5-small,,0.8896052631578948,0.889550109942589,60771332,12.130855067516677,231.82423400878906,0.9648922506065364,7,123,1000,3.0,0.7,5,2e-05,8,128
student_t5-small_fs1000_supp123_seed9_tau1.0_a0.3,student,t5-small,,0.8896052631578948,0.8892460426487967,60771332,13.821799602980414,231.82423400878906,0.9648922506065364,9,123,1000,1.0,0.3,5,2e-05,8,128
student_t5-small_fs1000_supp123_seed9_tau2.5_a0.7,student,t5-small,,0.8896052631578948,0.8892299579568412,60771332,15.63681119781298,231.82423400878906,0.9648922506065364,9,123,1000,2.5,0.7,5,2e-05,8,128
student_t5-small_fs1000_supp123_seed9_tau2.5_a0.9,student,t5-small,,0.8896052631578948,0.8892400625444448,60771332,14.259640670691928,231.82423400878906,0.9648922506065364,9,123,1000,2.5,0.9,5,2e-05,8,128
student_t5-small_fs1000_supp123_seed9_tau3.0_a0.3,student,t5-small,,0.8896052631578948,0.8892159300854342,60771332,12.725260137813166,231.82423400878906,0.9648922506065364,9,123,1000,3.0,0.3,5,2e-05,8,128
student_t5-small_fs1000_supp123_seed9_tau3.0_a0.9,student,t5-small,,0.8896052631578948,0.8892355107775533,60771332,16.09890973389459,231.82423400878906,0.9648922506065364,9,123,1000,3.0,0.9,5,2e-05,8,128
student_t5-small_fs1000_supp123_seed0_tau0.1_a0.5,student,t5-small,,0.8894736842105263,0.8893561681382753,60771332,12.284476334267916,231.82423400878906,0.9647495361781077,0,123,1000,0.1,0.5,5,2e-05,8,128
student_t5-small_fs1000_supp123_seed0_tau0.5_a0.9,student,t5-small,,0.8894736842105263,0.8893891192759149,60771332,16.118697666873533,231.82423400878906,0.9647495361781077,0,123,1000,0.5,0.9,5,2e-05,8,128
student_t5-small_fs1000_supp123_seed0_tau1.5_a0.5,student,t5-small,,0.8894736842105263,0.8893591876299596,60771332,15.828580933157355,231.82423400878906,0.9647495361781077,0,123,1000,1.5,0.5,5,2e-05,8,128
student_t5-small_fs1000_supp123_seed0_tau2.0_a0.5,student,t5-small,,0.8894736842105263,0.8893492803243171,60771332,14.059215799594918,231.82423400878906,0.9647495361781077,0,123,1000,2.0,0.5,5,2e-05,8,128
student_t5-small_fs1000_supp123_seed0_tau2.5_a0.9,student,t5-small,,0.8894736842105263,0.889410822073949,60771332,15.297013799621103,231.82423400878906,0.9647495361781077,0,123,1000,2.5,0.9,5,2e-05,8,128
student_t5-small_fs1000_supp123_seed3_tau0.1_a0.1,student,t5-small,,0.8894736842105263,0.889209508598611,60771332,13.421215732523706,231.82423400878906,0.9647495361781077,3,123,1000,0.1,0.1,5,2e-05,8,128
student_t5-small_fs1000_supp123_seed4_tau0.5_a0.7,student,t5-small,,0.8894736842105263,0.8892554418358304,60771332,15.396788198268041,231.82423400878906,0.9647495361781077,4,123,1000,0.5,0.7,5,2e-05,8,128
student_t5-small_fs1000_supp123_seed5_tau0.5_a0.1,student,t5-small,,0.8894736842105263,0.8894002413310438,60771332,12.838321401310774,231.82423400878906,0.9647495361781077,5,123,1000,0.5,0.1,5,2e-05,8,128
student_t5-small_fs1000_supp123_seed5_tau0.5_a0.3,student,t5-small,,0.8894736842105263,0.8893587897783879,60771332,15.643939534008192,231.82423400878906,0.9647495361781077,5,123,1000,0.5,0.3,5,2e-05,8,128
student_t5-small_fs1000_supp123_seed5_tau2.0_a0.1,student,t5-small,,0.8894736842105263,0.889294259812053,60771332,13.181269200867973,231.82423400878906,0.9647495361781077,5,123,1000,2.0,0.1,5,2e-05,8,128
student_t5-small_fs1000_supp123_seed7_tau2.0_a0.3,student,t5-small,,0.8894736842105263,0.8893875743424612,60771332,12.860523534861082,231.82423400878906,0.9647495361781077,7,123,1000,2.0,0.3,5,2e-05,8,128
student_t5-small_fs1000_supp123_seed8_tau0.5_a0.3,student,t5-small,,0.8894736842105263,0.8892891075204008,60771332,18.430585467528243,231.82423400878906,0.9647495361781077,8,123,1000,0.5,0.3,5,2e-05,8,128
student_t5-small_fs1000_supp123_seed8_tau2.5_a0.1,student,t5-small,,0.8894736842105263,0.889180736730232,60771332,13.020690266663829,231.82423400878906,0.9647495361781077,8,123,1000,2.5,0.1,5,2e-05,8,128
student_t5-small_fs1000_supp123_seed9_tau1.0_a0.1,student,t5-small,,0.8894736842105263,0.8891399518054568,60771332,13.63260006570878,231.82423400878906,0.9647495361781077,9,123,1000,1.0,0.1,5,2e-05,8,128
student_t5-small_fs1000_supp123_seed1_tau2.0_a0.7,student,t5-small,,0.8893421052631579,0.8890069557280444,60771332,11.197083400717625,231.82423400878906,0.9646068217496789,1,123,1000,2.0,0.7,5,2e-05,8,128
student_t5-small_fs1000_supp123_seed2_tau0.5_a0.3,student,t5-small,,0.8893421052631579,0.889210470509303,60771332,12.641676266988119,231.82423400878906,0.9646068217496789,2,123,1000,0.5,0.3,5,2e-05,8,128
student_t5-small_fs1000_supp123_seed2_tau2.0_a0.5,student,t5-small,,0.8893421052631579,0.8891862006734252,60771332,15.453871065013422,231.82423400878906,0.9646068217496789,2,123,1000,2.0,0.5,5,2e-05,8,128
student_t5-small_fs1000_supp123_seed2_tau3.0_a0.3,student,t5-small,,0.8893421052631579,0.8892447487732791,60771332,14.01616299796539,231.82423400878906,0.9646068217496789,2,123,1000,3.0,0.3,5,2e-05,8,128
student_t5-small_fs1000_supp123_seed5_tau3.0_a0.1,student,t5-small,,0.8893421052631579,0.8890995599023104,60771332,13.571002331445925,231.82423400878906,0.9646068217496789,5,123,1000,3.0,0.1,5,2e-05,8,128
student_t5-small_fs1000_supp123_seed6_tau0.1_a0.5,student,t5-small,,0.8893421052631579,0.8891017411831004,60771332,15.3040750650689,231.82423400878906,0.9646068217496789,6,123,1000,0.1,0.5,5,2e-05,8,128
student_t5-small_fs1000_supp123_seed7_tau1.5_a0.5,student,t5-small,,0.8893421052631579,0.8892295759049478,60771332,14.109419466694817,231.82423400878906,0.9646068217496789,7,123,1000,1.5,0.5,5,2e-05,8,128
student_t5-small_fs1000_supp123_seed7_tau2.5_a0.7,student,t5-small,,0.8893421052631579,0.8892275824041187,60771332,13.593858666718006,231.82423400878906,0.9646068217496789,7,123,1000,2.5,0.7,5,2e-05,8,128
student_t5-small_fs1000_supp123_seed8_tau2.0_a0.3,student,t5-small,,0.8893421052631579,0.8890803852703278,60771332,18.750962271587923,231.82423400878906,0.9646068217496789,8,123,1000,2.0,0.3,5,2e-05,8,128
student_t5-small_fs1000_supp123_seed8_tau2.0_a0.5,student,t5-small,,0.8893421052631579,0.8891383886410325,60771332,12.601529069555303,231.82423400878906,0.9646068217496789,8,123,1000,2.0,0.5,5,2e-05,8,128
student_t5-small_fs1000_supp123_seed1_tau1.0_a0.9,student,t5-small,,0.8892105263157895,0.8889222139435403,60771332,13.221760266848529,231.82423400878906,0.9644641073212502,1,123,1000,1.0,0.9,5,2e-05,8,128
student_t5-small_fs1000_supp123_seed1_tau1.5_a0.7,student,t5-small,,0.8892105263157895,0.8888966141234573,60771332,12.14606326733095,231.82423400878906,0.9644641073212502,1,123,1000,1.5,0.7,5,2e-05,8,128
student_t5-small_fs1000_supp123_seed2_tau1.5_a0.1,student,t5-small,,0.8892105263157895,0.8890692988587727,60771332,13.085492600415213,231.82423400878906,0.9644641073212502,2,123,1000,1.5,0.1,5,2e-05,8,128
student_t5-small_fs1000_supp123_seed2_tau1.5_a0.5,student,t5-small,,0.8892105263157895,0.8890644646214028,60771332,13.790007932887724,231.82423400878906,0.9644641073212502,2,123,1000,1.5,0.5,5,2e-05,8,128
student_t5-small_fs1000_supp123_seed2_tau2.0_a0.1,student,t5-small,,0.8892105263157895,0.8890413618488279,60771332,14.810999667194361,231.82423400878906,0.9644641073212502,2,123,1000,2.0,0.1,5,2e-05,8,128
student_t5-small_fs1000_supp123_seed2_tau2.0_a0.7,student,t5-small,,0.8892105263157895,0.8890256060879862,60771332,13.319241464099226,231.82423400878906,0.9644641073212502,2,123,1000,2.0,0.7,5,2e-05,8,128
student_t5-small_fs1000_supp123_seed2_tau2.5_a0.3,student,t5-small,,0.8892105263157895,0.8890934615600425,60771332,14.997312733127425,231.82423400878906,0.9644641073212502,2,123,1000,2.5,0.3,5,2e-05,8,128
student_t5-small_fs1000_supp123_seed4_tau2.0_a0.7,student,t5-small,,0.8892105263157895,0.8889535487173704,60771332,12.002635930548422,231.82423400878906,0.9644641073212502,4,123,1000,2.0,0.7,5,2e-05,8,128
student_t5-small_fs1000_supp123_seed5_tau1.0_a0.5,student,t5-small,,0.8892105263157895,0.8890925598683882,60771332,14.325126065523364,231.82423400878906,0.9644641073212502,5,123,1000,1.0,0.5,5,2e-05,8,128
student_t5-small_fs1000_supp123_seed5_tau2.0_a0.3,student,t5-small,,0.8892105263157895,0.8890655256401677,60771332,17.514522332930937,231.82423400878906,0.9644641073212502,5,123,1000,2.0,0.3,5,2e-05,8,128
student_t5-small_fs1000_supp123_seed7_tau0.1_a0.7,student,t5-small,,0.8892105263157895,0.8891371720721556,60771332,12.951815598838342,231.82423400878906,0.9644641073212502,7,123,1000,0.1,0.7,5,2e-05,8,128
student_t5-small_fs1000_supp123_seed7_tau1.0_a0.3,student,t5-small,,0.8892105263157895,0.8891203162324886,60771332,14.049435867733942,231.82423400878906,0.9644641073212502,7,123,1000,1.0,0.3,5,2e-05,8,128
student_t5-small_fs1000_supp123_seed7_tau1.0_a0.9,student,t5-small,,0.8892105263157895,0.8890628793921649,60771332,13.987947730735565,231.82423400878906,0.9644641073212502,7,123,1000,1.0,0.9,5,2e-05,8,128
student_t5-small_fs1000_supp123_seed7_tau2.0_a0.7,student,t5-small,,0.8892105263157895,0.8891349325716851,60771332,12.689614399763135,231.82423400878906,0.9644641073212502,7,123,1000,2.0,0.7,5,2e-05,8,128
student_t5-small_fs1000_supp123_seed8_tau0.5_a0.7,student,t5-small,,0.8892105263157895,0.8889927373993383,60771332,13.404933932664184,231.82423400878906,0.9644641073212502,8,123,1000,0.5,0.7,5,2e-05,8,128
student_t5-small_fs1000_supp123_seed8_tau1.5_a0.3,student,t5-small,,0.8892105263157895,0.8889844460333569,60771332,16.530192798624437,231.82423400878906,0.9644641073212502,8,123,1000,1.5,0.3,5,2e-05,8,128
student_t5-small_fs1000_supp123_seed8_tau2.0_a0.7,student,t5-small,,0.8892105263157895,0.8889771337942218,60771332,14.874833197488138,231.82423400878906,0.9644641073212502,8,123,1000,2.0,0.7,5,2e-05,8,128
student_t5-small_fs1000_supp123_seed9_tau0.1_a0.7,student,t5-small,,0.8892105263157895,0.8888092381785553,60771332,15.39681053448779,231.82423400878906,0.9644641073212502,9,123,1000,0.1,0.7,5,2e-05,8,128
student_t5-small_fs1000_supp123_seed9_tau1.5_a0.1,student,t5-small,,0.8892105263157895,0.8888441258561904,60771332,12.166578272202363,231.82423400878906,0.9644641073212502,9,123,1000,1.5,0.1,5,2e-05,8,128
student_t5-small_fs1000_supp123_seed9_tau1.5_a0.7,student,t5-small,,0.8892105263157895,0.8888441223200634,60771332,11.669893799504885,231.82423400878906,0.9644641073212502,9,123,1000,1.5,0.7,5,2e-05,8,128
student_t5-small_fs1000_supp123_seed0_tau0.1_a0.9,student,t5-small,,0.8890789473684211,0.8890291868009444,60771332,13.787197533626264,231.82423400878906,0.9643213928928215,0,123,1000,0.1,0.9,5,2e-05,8,128
student_t5-small_fs1000_supp123_seed0_tau1.5_a0.9,student,t5-small,,0.8890789473684211,0.889010768432583,60771332,12.76336860076602,231.82423400878906,0.9643213928928215,0,123,1000,1.5,0.9,5,2e-05,8,128
student_t5-small_fs1000_supp123_seed0_tau3.0_a0.9,student,t5-small,,0.8890789473684211,0.8890121987835278,60771332,15.007426265704757,231.82423400878906,0.9643213928928215,0,123,1000,3.0,0.9,5,2e-05,8,128
student_t5-small_fs1000_supp123_seed1_tau1.0_a0.5,student,t5-small,,0.8890789473684211,0.8887440102438593,60771332,15.63974593397385,231.82423400878906,0.9643213928928215,1,123,1000,1.0,0.5,5,2e-05,8,128
student_t5-small_fs1000_supp123_seed2_tau1.0_a0.5,student,t5-small,,0.8890789473684211,0.8889325629446347,60771332,17.312798198933404,231.82423400878906,0.9643213928928215,2,123,1000,1.0,0.5,5,2e-05,8,128
student_t5-small_fs1000_supp123_seed2_tau1.5_a0.7,student,t5-small,,0.8890789473684211,0.888949457109846,60771332,14.148343665874563,231.82423400878906,0.9643213928928215,2,123,1000,1.5,0.7,5,2e-05,8,128
student_t5-small_fs1000_supp123_seed2_tau2.5_a0.5,student,t5-small,,0.8890789473684211,0.8889240272283664,60771332,11.949499933204303,231.82423400878906,0.9643213928928215,2,123,1000,2.5,0.5,5,2e-05,8,128
student_t5-small_fs1000_supp123_seed4_tau3.0_a0.9,student,t5-small,,0.8890789473684211,0.8888754004460323,60771332,13.906951135140844,231.82423400878906,0.9643213928928215,4,123,1000,3.0,0.9,5,2e-05,8,128
student_t5-small_fs1000_supp123_seed5_tau2.5_a0.3,student,t5-small,,0.8890789473684211,0.8889243231926256,60771332,12.78154426642383,231.82423400878906,0.9643213928928215,5,123,1000,2.5,0.3,5,2e-05,8,128
student_t5-small_fs1000_supp123_seed7_tau0.1_a0.5,student,t5-small,,0.8890789473684211,0.8889921144263104,60771332,13.13740273374909,231.82423400878906,0.9643213928928215,7,123,1000,0.1,0.5,5,2e-05,8,128
student_t5-small_fs1000_supp123_seed7_tau1.5_a0.3,student,t5-small,,0.8890789473684211,0.8890324227700929,60771332,17.69953240000177,231.82423400878906,0.9643213928928215,7,123,1000,1.5,0.3,5,2e-05,8,128
student_t5-small_fs1000_supp123_seed8_tau0.1_a0.3,student,t5-small,,0.8890789473684211,0.8889241942688089,60771332,13.640036998549476,231.82423400878906,0.9643213928928215,8,123,1000,0.1,0.3,5,2e-05,8,128
student_t5-small_fs1000_supp123_seed8_tau0.5_a0.5,student,t5-small,,0.8890789473684211,0.8889085830742858,60771332,11.993897999248778,231.82423400878906,0.9643213928928215,8,123,1000,0.5,0.5,5,2e-05,8,128
student_t5-small_fs1000_supp123_seed8_tau2.5_a0.7,student,t5-small,,0.8890789473684211,0.8888227329076889,60771332,12.966959735301012,231.82423400878906,0.9643213928928215,8,123,1000,2.5,0.7,5,2e-05,8,128
student_t5-small_fs1000_supp123_seed9_tau2.0_a0.1,student,t5-small,,0.8890789473684211,0.8887303235634831,60771332,12.340957931398103,231.82423400878906,0.9643213928928215,9,123,1000,2.0,0.1,5,2e-05,8,128
student_t5-small_fs1000_supp123_seed0_tau1.0_a0.1,student,t5-small,,0.8889473684210526,0.8888335544238112,60771332,13.947223400464281,231.82423400878906,0.9641786784643928,0,123,1000,1.0,0.1,5,2e-05,8,128
student_t5-small_fs1000_supp123_seed0_tau2.5_a0.7,student,t5-small,,0.8889473684210526,0.8888261543435674,60771332,12.17630920097387,231.82423400878906,0.9641786784643928,0,123,1000,2.5,0.7,5,2e-05,8,128
student_t5-small_fs1000_supp123_seed2_tau1.0_a0.9,student,t5-small,,0.8889473684210526,0.8887193912877731,60771332,12.001463067523824,231.82423400878906,0.9641786784643928,2,123,1000,1.0,0.9,5,2e-05,8,128
student_t5-small_fs1000_supp123_seed3_tau2.0_a0.1,student,t5-small,,0.8889473684210526,0.8885829931821703,60771332,12.800229866115842,231.82423400878906,0.9641786784643928,3,123,1000,2.0,0.1,5,2e-05,8,128
student_t5-small_fs1000_supp123_seed4_tau0.5_a0.5,student,t5-small,,0.8889473684210526,0.8887652117827061,60771332,14.356229600768225,231.82423400878906,0.9641786784643928,4,123,1000,0.5,0.5,5,2e-05,8,128
student_t5-small_fs1000_supp123_seed5_tau0.1_a0.1,student,t5-small,,0.8889473684210526,0.8888785515878624,60771332,15.700834333741417,231.82423400878906,0.9641786784643928,5,123,1000,0.1,0.1,5,2e-05,8,128
student_t5-small_fs1000_supp123_seed5_tau1.5_a0.9,student,t5-small,,0.8889473684210526,0.8887409302048226,60771332,15.05231773480773,231.82423400878906,0.9641786784643928,5,123,1000,1.5,0.9,5,2e-05,8,128
student_t5-small_fs1000_supp123_seed7_tau3.0_a0.9,student,t5-small,,0.8889473684210526,0.8888374998218054,60771332,15.627434733323753,231.82423400878906,0.9641786784643928,7,123,1000,3.0,0.9,5,2e-05,8,128
student_t5-small_fs1000_supp123_seed8_tau1.0_a0.3,student,t5-small,,0.8889473684210526,0.8887119310203528,60771332,11.713080866805589,231.82423400878906,0.9641786784643928,8,123,1000,1.0,0.3,5,2e-05,8,128
student_t5-small_fs1000_supp123_seed8_tau1.5_a0.5,student,t5-small,,0.8889473684210526,0.8887015636161372,60771332,13.09153326243783,231.82423400878906,0.9641786784643928,8,123,1000,1.5,0.5,5,2e-05,8,128
student_t5-small_fs1000_supp123_seed9_tau2.0_a0.5,student,t5-small,,0.8889473684210526,0.8885685690832613,60771332,11.851509268550823,231.82423400878906,0.9641786784643928,9,123,1000,2.0,0.5,5,2e-05,8,128
student_t5-small_fs1000_supp123_seed0_tau0.1_a0.7,student,t5-small,,0.8888157894736842,0.8886908167850832,60771332,11.818631466303486,231.82423400878906,0.9640359640359641,0,123,1000,0.1,0.7,5,2e-05,8,128
student_t5-small_fs1000_supp123_seed0_tau2.0_a0.7,student,t5-small,,0.8888157894736842,0.8886498252779534,60771332,15.237679599764911,231.82423400878906,0.9640359640359641,0,123,1000,2.0,0.7,5,2e-05,8,128
student_t5-small_fs1000_supp123_seed1_tau0.1_a0.9,student,t5-small,,0.8888157894736842,0.8884828964685343,60771332,11.308157132104194,231.82423400878906,0.9640359640359641,1,123,1000,0.1,0.9,5,2e-05,8,128
student_t5-small_fs1000_supp123_seed2_tau1.0_a0.7,student,t5-small,,0.8888157894736842,0.8886956778233495,60771332,16.40032933598074,231.82423400878906,0.9640359640359641,2,123,1000,1.0,0.7,5,2e-05,8,128
student_t5-small_fs1000_supp123_seed2_tau2.5_a0.1,student,t5-small,,0.8888157894736842,0.8886863104626459,60771332,12.54460686565532,231.82423400878906,0.9640359640359641,2,123,1000,2.5,0.1,5,2e-05,8,128
student_t5-small_fs1000_supp123_seed2_tau3.0_a0.7,student,t5-small,,0.8888157894736842,0.8886766583730641,60771332,14.828341933510577,231.82423400878906,0.9640359640359641,2,123,1000,3.0,0.7,5,2e-05,8,128
student_t5-small_fs1000_supp123_seed4_tau0.1_a0.5,student,t5-small,,0.8888157894736842,0.8885615286647496,60771332,16.07457186813311,231.82423400878906,0.9640359640359641,4,123,1000,0.1,0.5,5,2e-05,8,128
student_t5-small_fs1000_supp123_seed4_tau1.5_a0.1,student,t5-small,,0.8888157894736842,0.8885070191398526,60771332,13.179090801471224,231.82423400878906,0.9640359640359641,4,123,1000,1.5,0.1,5,2e-05,8,128
student_t5-small_fs1000_supp123_seed4_tau3.0_a0.1,student,t5-small,,0.8888157894736842,0.8884758664124931,60771332,14.592233601918755,231.82423400878906,0.9640359640359641,4,123,1000,3.0,0.1,5,2e-05,8,128
student_t5-small_fs1000_supp123_seed5_tau2.5_a0.1,student,t5-small,,0.8888157894736842,0.8886459794301704,60771332,13.964938334538601,231.82423400878906,0.9640359640359641,5,123,1000,2.5,0.1,5,2e-05,8,128
student_t5-small_fs1000_supp123_seed8_tau1.0_a0.9,student,t5-small,,0.8888157894736842,0.8885614524972341,60771332,14.103435399010777,231.82423400878906,0.9640359640359641,8,123,1000,1.0,0.9,5,2e-05,8,128
student_t5-small_fs1000_supp123_seed9_tau1.0_a0.5,student,t5-small,,0.8888157894736842,0.8884541936706967,60771332,11.951334268087521,231.82423400878906,0.9640359640359641,9,123,1000,1.0,0.5,5,2e-05,8,128
student_t5-small_fs1000_supp123_seed9_tau3.0_a0.7,student,t5-small,,0.8888157894736842,0.8884765166617996,60771332,15.505168600551164,231.82423400878906,0.9640359640359641,9,123,1000,3.0,0.7,5,2e-05,8,128
student_t5-small_fs1000_supp123_seed1_tau1.5_a0.1,student,t5-small,,0.8886842105263157,0.8883381452553164,60771332,15.647939735208638,231.82423400878906,0.9638932496075353,1,123,1000,1.5,0.1,5,2e-05,8,128
student_t5-small_fs1000_supp123_seed2_tau2.5_a0.7,student,t5-small,,0.8886842105263157,0.8884779656407867,60771332,13.865864065398151,231.82423400878906,0.9638932496075353,2,123,1000,2.5,0.7,5,2e-05,8,128
student_t5-small_fs1000_supp123_seed2_tau3.0_a0.1,student,t5-small,,0.8886842105263157,0.8885693126482507,60771332,15.889842333854176,231.82423400878906,0.9638932496075353,2,123,1000,3.0,0.1,5,2e-05,8,128
student_t5-small_fs1000_supp123_seed8_tau2.5_a0.9,student,t5-small,,0.8886842105263157,0.8884914351001684,60771332,18.244607797047745,231.82423400878906,0.9638932496075353,8,123,1000,2.5,0.9,5,2e-05,8,128
student_t5-small_fs1000_supp123_seed8_tau3.0_a0.3,student,t5-small,,0.8886842105263157,0.8884101652249741,60771332,15.506867666651184,231.82423400878906,0.9638932496075353,8,123,1000,3.0,0.3,5,2e-05,8,128
student_t5-small_fs1000_supp123_seed0_tau0.5_a0.7,student,t5-small,,0.8885526315789474,0.8884999515402046,60771332,18.108167134050746,231.82423400878906,0.9637505351791067,0,123,1000,0.5,0.7,5,2e-05,8,128
student_t5-small_fs1000_supp123_seed0_tau2.5_a0.3,student,t5-small,,0.8885526315789474,0.8883796214125466,60771332,12.837352199615756,231.82423400878906,0.9637505351791067,0,123,1000,2.5,0.3,5,2e-05,8,128
student_t5-small_fs1000_supp123_seed1_tau0.1_a0.5,student,t5-small,,0.8885526315789474,0.8882809041664592,60771332,12.702847334730905,231.82423400878906,0.9637505351791067,1,123,1000,0.1,0.5,5,2e-05,8,128
student_t5-small_fs1000_supp123_seed2_tau1.5_a0.3,student,t5-small,,0.8885526315789474,0.8884008061128412,60771332,14.203914399452819,231.82423400878906,0.9637505351791067,2,123,1000,1.5,0.3,5,2e-05,8,128
student_t5-small_fs1000_supp123_seed9_tau0.1_a0.5,student,t5-small,,0.8885526315789474,0.8881853092240046,60771332,12.47035053287012,231.82423400878906,0.9637505351791067,9,123,1000,0.1,0.5,5,2e-05,8,128
student_t5-small_fs1000_supp123_seed0_tau2.0_a0.1,student,t5-small,,0.888421052631579,0.8882444475624691,60771332,15.944456599148301,231.82423400878906,0.963607820750678,0,123,1000,2.0,0.1,5,2e-05,8,128
student_t5-small_fs1000_supp123_seed2_tau0.5_a0.1,student,t5-small,,0.888421052631579,0.8882993155461224,60771332,14.452948669592539,231.82423400878906,0.963607820750678,2,123,1000,0.5,0.1,5,2e-05,8,128
student_t5-small_fs1000_supp123_seed7_tau0.1_a0.3,student,t5-small,,0.888421052631579,0.8882784070290584,60771332,17.001540864778992,231.82423400878906,0.963607820750678,7,123,1000,0.1,0.3,5,2e-05,8,128
student_t5-small_fs1000_supp123_seed7_tau0.5_a0.3,student,t5-small,,0.888421052631579,0.8883312672936828,60771332,12.082095468455615,231.82423400878906,0.963607820750678,7,123,1000,0.5,0.3,5,2e-05,8,128
student_t5-small_fs1000_supp123_seed7_tau1.5_a0.7,student,t5-small,,0.888421052631579,0.8883367210989606,60771332,15.291226133316135,231.82423400878906,0.963607820750678,7,123,1000,1.5,0.7,5,2e-05,8,128
student_t5-small_fs1000_supp123_seed7_tau2.0_a0.9,student,t5-small,,0.888421052631579,0.8883632143322628,60771332,12.508171798738962,231.82423400878906,0.963607820750678,7,123,1000,2.0,0.9,5,2e-05,8,128
student_t5-small_fs1000_supp123_seed0_tau3.0_a0.3,student,t5-small,,0.8882894736842105,0.8880841201009331,60771332,13.03114506493633,231.82423400878906,0.9634651063222492,0,123,1000,3.0,0.3,5,2e-05,8,128
student_t5-small_fs1000_supp123_seed2_tau0.5_a0.5,student,t5-small,,0.8882894736842105,0.8881594619227364,60771332,17.729038133014303,231.82423400878906,0.9634651063222492,2,123,1000,0.5,0.5,5,2e-05,8,128
student_t5-small_fs1000_supp123_seed7_tau1.5_a0.9,student,t5-small,,0.8882894736842105,0.8881961197366687,60771332,15.98498433304485,231.82423400878906,0.9634651063222492,7,123,1000,1.5,0.9,5,2e-05,8,128
student_t5-small_fs1000_supp123_seed8_tau0.1_a0.1,student,t5-small,,0.8882894736842105,0.8881524106849102,60771332,12.500663266594833,231.82423400878906,0.9634651063222492,8,123,1000,0.1,0.1,5,2e-05,8,128
student_t5-small_fs1000_supp123_seed8_tau1.0_a0.1,student,t5-small,,0.8882894736842105,0.8880681417177586,60771332,14.727937664914256,231.82423400878906,0.9634651063222492,8,123,1000,1.0,0.1,5,2e-05,8,128
student_t5-small_fs1000_supp123_seed9_tau0.5_a0.5,student,t5-small,,0.8882894736842105,0.8878939596626871,60771332,16.60670779723053,231.82423400878906,0.9634651063222492,9,123,1000,0.5,0.5,5,2e-05,8,128
student_t5-small_fs1000_supp123_seed0_tau1.0_a0.3,student,t5-small,,0.8881578947368421,0.8880056452414105,60771332,13.664650533367725,231.82423400878906,0.9633223918938205,0,123,1000,1.0,0.3,5,2e-05,8,128
student_t5-small_fs1000_supp123_seed0_tau2.5_a0.5,student,t5-small,,0.8881578947368421,0.8880155368614333,60771332,12.567087066418026,231.82423400878906,0.9633223918938205,0,123,1000,2.5,0.5,5,2e-05,8,128
student_t5-small_fs1000_supp123_seed1_tau0.1_a0.3,student,t5-small,,0.8881578947368421,0.8878361868736252,60771332,12.75351879982433,231.82423400878906,0.9633223918938205,1,123,1000,0.1,0.3,5,2e-05,8,128
student_t5-small_fs1000_supp123_seed2_tau1.0_a0.1,student,t5-small,,0.8881578947368421,0.8879941777341046,60771332,13.693232399721941,231.82423400878906,0.9633223918938205,2,123,1000,1.0,0.1,5,2e-05,8,128
student_t5-small_fs1000_supp123_seed2_tau1.0_a0.3,student,t5-small,,0.8881578947368421,0.8879644074323686,60771332,15.312799268091718,231.82423400878906,0.9633223918938205,2,123,1000,1.0,0.3,5,2e-05,8,128
student_t5-small_fs1000_supp123_seed3_tau1.5_a0.3,student,t5-small,,0.8881578947368421,0.8878112392834233,60771332,16.74426933362459,231.82423400878906,0.9633223918938205,3,123,1000,1.5,0.3,5,2e-05,8,128
student_t5-small_fs1000_supp123_seed3_tau2.0_a0.3,student,t5-small,,0.8881578947368421,0.8878156228470191,60771332,12.240445067679198,231.82423400878906,0.9633223918938205,3,123,1000,2.0,0.3,5,2e-05,8,128
student_t5-small_fs1000_supp123_seed3_tau2.0_a0.5,student,t5-small,,0.8881578947368421,0.8878345341279736,60771332,15.154873332357965,231.82423400878906,0.9633223918938205,3,123,1000,2.0,0.5,5,2e-05,8,128
student_t5-small_fs1000_supp123_seed0_tau2.0_a0.3,student,t5-small,,0.8880263157894737,0.8878592250231371,60771332,11.535243799638314,231.82423400878906,0.9631796774653918,0,123,1000,2.0,0.3,5,2e-05,8,128
student_t5-small_fs1000_supp123_seed0_tau2.0_a0.9,student,t5-small,,0.8880263157894737,0.8879349271142742,60771332,14.201900265470613,231.82423400878906,0.9631796774653918,0,123,1000,2.0,0.9,5,2e-05,8,128
student_t5-small_fs1000_supp123_seed0_tau2.5_a0.1,student,t5-small,,0.8880263157894737,0.8878447064006919,60771332,11.544565332587808,231.82423400878906,0.9631796774653918,0,123,1000,2.5,0.1,5,2e-05,8,128
student_t5-small_fs1000_supp123_seed0_tau3.0_a0.7,student,t5-small,,0.8880263157894737,0.887917302578181,60771332,12.700467333585644,231.82423400878906,0.9631796774653918,0,123,1000,3.0,0.7,5,2e-05,8,128
student_t5-small_fs1000_supp123_seed1_tau2.0_a0.9,student,t5-small,,0.8880263157894737,0.8876688093518177,60771332,19.928798867234338,231.82423400878906,0.9631796774653918,1,123,1000,2.0,0.9,5,2e-05,8,128
student_t5-small_fs1000_supp123_seed3_tau2.5_a0.1,student,t5-small,,0.8880263157894737,0.8876967854427888,60771332,16.020764800002024,231.82423400878906,0.9631796774653918,3,123,1000,2.5,0.1,5,2e-05,8,128
student_t5-small_fs1000_supp123_seed6_tau0.1_a0.1,student,t5-small,,0.8880263157894737,0.8878204969856582,60771332,12.686896799520278,231.82423400878906,0.9631796774653918,6,123,1000,0.1,0.1,5,2e-05,8,128
student_t5-small_fs1000_supp123_seed8_tau2.5_a0.5,student,t5-small,,0.8880263157894737,0.887724132053336,60771332,13.494072268561771,231.82423400878906,0.9631796774653918,8,123,1000,2.5,0.5,5,2e-05,8,128
student_t5-small_fs1000_supp123_seed0_tau3.0_a0.1,student,t5-small,,0.8878947368421053,0.88771198812898,60771332,17.6426132665559,231.82423400878906,0.9630369630369631,0,123,1000,3.0,0.1,5,2e-05,8,128
student_t5-small_fs1000_supp123_seed2_tau1.5_a0.9,student,t5-small,,0.8878947368421053,0.8876985759814853,60771332,13.345030665126009,231.82423400878906,0.9630369630369631,2,123,1000,1.5,0.9,5,2e-05,8,128
student_t5-small_fs1000_supp123_seed3_tau3.0_a0.1,student,t5-small,,0.8878947368421053,0.8875913419913419,60771332,14.322649399885753,231.82423400878906,0.9630369630369631,3,123,1000,3.0,0.1,5,2e-05,8,128
student_t5-small_fs1000_supp123_seed7_tau0.5_a0.1,student,t5-small,,0.8878947368421053,0.8877860795476588,60771332,14.120384533695566,231.82423400878906,0.9630369630369631,7,123,1000,0.5,0.1,5,2e-05,8,128
student_t5-small_fs1000_supp123_seed7_tau1.0_a0.5,student,t5-small,,0.8878947368421053,0.8878122898030709,60771332,16.755061932296183,231.82423400878906,0.9630369630369631,7,123,1000,1.0,0.5,5,2e-05,8,128
student_t5-small_fs1000_supp123_seed7_tau2.5_a0.9,student,t5-small,,0.8878947368421053,0.8877743114554787,60771332,13.204353664574834,231.82423400878906,0.9630369630369631,7,123,1000,2.5,0.9,5,2e-05,8,128
student_t5-small_fs1000_supp123_seed8_tau3.0_a0.5,student,t5-small,,0.8878947368421053,0.8876367167026696,60771332,12.745532333307589,231.82423400878906,0.9630369630369631,8,123,1000,3.0,0.5,5,2e-05,8,128
student_t5-small_fs1000_supp123_seed0_tau1.5_a0.7,student,t5-small,,0.8877631578947368,0.887695059026552,60771332,12.86630560013388,231.82423400878906,0.9628942486085343,0,123,1000,1.5,0.7,5,2e-05,8,128
student_t5-small_fs1000_supp123_seed2_tau0.1_a0.1,student,t5-small,,0.8877631578947368,0.8876915391799443,60771332,12.931833999270262,231.82423400878906,0.9628942486085343,2,123,1000,0.1,0.1,5,2e-05,8,128
student_t5-small_fs1000_supp123_seed2_tau0.1_a0.3,student,t5-small,,0.8877631578947368,0.8876348790415941,60771332,16.76265026908368,231.82423400878906,0.9628942486085343,2,123,1000,0.1,0.3,5,2e-05,8,128
student_t5-small_fs1000_supp123_seed2_tau0.1_a0.7,student,t5-small,,0.8877631578947368,0.8876872542931399,60771332,13.424216532924524,231.82423400878906,0.9628942486085343,2,123,1000,0.1,0.7,5,2e-05,8,128
student_t5-small_fs1000_supp123_seed2_tau3.0_a0.9,student,t5-small,,0.8877631578947368,0.8875555999322982,60771332,17.521803932807718,231.82423400878906,0.9628942486085343,2,123,1000,3.0,0.9,5,2e-05,8,128
student_t5-small_fs1000_supp123_seed3_tau0.5_a0.3,student,t5-small,,0.8877631578947368,0.8873929372767293,60771332,12.963022731613213,231.82423400878906,0.9628942486085343,3,123,1000,0.5,0.3,5,2e-05,8,128
student_t5-small_fs1000_supp123_seed3_tau1.0_a0.5,student,t5-small,,0.8877631578947368,0.8873648370672687,60771332,13.379128333569193,231.82423400878906,0.9628942486085343,3,123,1000,1.0,0.5,5,2e-05,8,128
student_t5-small_fs1000_supp123_seed3_tau1.5_a0.1,student,t5-small,,0.8877631578947368,0.8874740032851591,60771332,16.304810133199982,231.82423400878906,0.9628942486085343,3,123,1000,1.5,0.1,5,2e-05,8,128
student_t5-small_fs1000_supp123_seed3_tau2.5_a0.5,student,t5-small,,0.8877631578947368,0.8873667369174018,60771332,17.76334133222311,231.82423400878906,0.9628942486085343,3,123,1000,2.5,0.5,5,2e-05,8,128
student_t5-small_fs1000_supp123_seed7_tau0.5_a0.9,student,t5-small,,0.8877631578947368,0.8877021278124059,60771332,12.418047134997323,231.82423400878906,0.9628942486085343,7,123,1000,0.5,0.9,5,2e-05,8,128
student_t5-small_fs1000_supp123_seed3_tau0.1_a0.7,student,t5-small,,0.8876315789473684,0.8872452424597638,60771332,12.708422934034994,231.82423400878906,0.9627515341801056,3,123,1000,0.1,0.7,5,2e-05,8,128
student_t5-small_fs1000_supp123_seed3_tau0.5_a0.9,student,t5-small,,0.8875,0.8871186349432788,60771332,14.035517200439548,231.82423400878906,0.9626088197516769,3,123,1000,0.5,0.9,5,2e-05,8,128
student_t5-small_fs1000_supp123_seed3_tau3.0_a0.5,student,t5-small,,0.8875,0.8871232732153179,60771332,11.891470600191193,231.82423400878906,0.9626088197516769,3,123,1000,3.0,0.5,5,2e-05,8,128
student_t5-small_fs1000_supp123_seed2_tau2.5_a0.9,student,t5-small,,0.8873684210526316,0.8871656056559277,60771332,16.48514859843999,231.82423400878906,0.9624661053232483,2,123,1000,2.5,0.9,5,2e-05,8,128
student_t5-small_fs1000_supp123_seed3_tau1.0_a0.1,student,t5-small,,0.8873684210526316,0.8870669067214054,60771332,11.151851534668822,231.82423400878906,0.9624661053232483,3,123,1000,1.0,0.1,5,2e-05,8,128
student_t5-small_fs1000_supp123_seed3_tau1.0_a0.3,student,t5-small,,0.8873684210526316,0.8870090414540244,60771332,15.59752760028156,231.82423400878906,0.9624661053232483,3,123,1000,1.0,0.3,5,2e-05,8,128
student_t5-small_fs1000_supp123_seed3_tau1.0_a0.7,student,t5-small,,0.8873684210526316,0.8870028392136406,60771332,13.579471599465856,231.82423400878906,0.9624661053232483,3,123,1000,1.0,0.7,5,2e-05,8,128
student_t5-small_fs1000_supp123_seed4_tau1.5_a0.9,student,t5-small,,0.8873684210526316,0.8870765086911535,60771332,14.51887586833133,231.82423400878906,0.9624661053232483,4,123,1000,1.5,0.9,5,2e-05,8,128
student_t5-small_fs1000_supp123_seed0_tau1.0_a0.7,student,t5-small,,0.8872368421052632,0.887184344117358,60771332,12.748890332780624,231.82423400878906,0.9623233908948196,0,123,1000,1.0,0.7,5,2e-05,8,128
student_t5-small_fs1000_supp123_seed2_tau2.0_a0.9,student,t5-small,,0.8871052631578947,0.8869403111926226,60771332,14.097715000389144,231.82423400878906,0.9621806764663908,2,123,1000,2.0,0.9,5,2e-05,8,128
student_t5-small_fs1000_supp123_seed3_tau1.5_a0.5,student,t5-small,,0.8871052631578947,0.8867445765836863,60771332,13.043687133176718,231.82423400878906,0.9621806764663908,3,123,1000,1.5,0.5,5,2e-05,8,128
student_t5-small_fs1000_supp123_seed3_tau3.0_a0.3,student,t5-small,,0.8871052631578947,0.8867806482898565,60771332,13.545583466475364,231.82423400878906,0.9621806764663908,3,123,1000,3.0,0.3,5,2e-05,8,128
student_t5-small_fs1000_supp123_seed3_tau0.5_a0.5,student,t5-small,,0.8869736842105264,0.8865807494654663,60771332,13.05102046705239,231.82423400878906,0.9620379620379621,3,123,1000,0.5,0.5,5,2e-05,8,128
student_t5-small_fs1000_supp123_seed3_tau0.5_a0.7,student,t5-small,,0.8869736842105264,0.8866165946670226,60771332,13.594541400865031,231.82423400878906,0.9620379620379621,3,123,1000,0.5,0.7,5,2e-05,8,128
student_t5-small_fs1000_supp123_seed2_tau0.5_a0.7,student,t5-small,,0.8868421052631579,0.8867144331183879,60771332,13.740418799958812,231.82423400878906,0.9618952476095334,2,123,1000,0.5,0.7,5,2e-05,8,128
student_t5-small_fs1000_supp123_seed3_tau0.1_a0.3,student,t5-small,,0.8868421052631579,0.886465121192497,60771332,15.231082399744386,231.82423400878906,0.9618952476095334,3,123,1000,0.1,0.3,5,2e-05,8,128
student_t5-small_fs1000_supp123_seed3_tau1.0_a0.9,student,t5-small,,0.8867105263157895,0.8863533378950653,60771332,16.70953693295208,231.82423400878906,0.9617525331811047,3,123,1000,1.0,0.9,5,2e-05,8,128
student_t5-small_fs1000_supp123_seed3_tau2.0_a0.9,student,t5-small,,0.8867105263157895,0.8863221413099038,60771332,15.84809060053279,231.82423400878906,0.9617525331811047,3,123,1000,2.0,0.9,5,2e-05,8,128
student_t5-small_fs1000_supp123_seed9_tau0.5_a0.3,student,t5-small,,0.8867105263157895,0.8863704154770148,60771332,15.35447692925421,231.82423400878906,0.9617525331811047,9,123,1000,0.5,0.3,5,2e-05,8,128
student_t5-small_fs1000_supp123_seed2_tau0.1_a0.5,student,t5-small,,0.886578947368421,0.8864355758111316,60771332,12.618331664513486,231.82423400878906,0.9616098187526759,2,123,1000,0.1,0.5,5,2e-05,8,128
student_t5-small_fs1000_supp123_seed2_tau0.1_a0.9,student,t5-small,,0.886578947368421,0.8863943446462943,60771332,17.46138700012428,231.82423400878906,0.9616098187526759,2,123,1000,0.1,0.9,5,2e-05,8,128
student_t5-small_fs1000_supp123_seed2_tau0.5_a0.9,student,t5-small,,0.886578947368421,0.8864466854147262,60771332,14.800447801826522,231.82423400878906,0.9616098187526759,2,123,1000,0.5,0.9,5,2e-05,8,128
student_t5-small_fs1000_supp123_seed3_tau3.0_a0.7,student,t5-small,,0.886578947368421,0.8861892537057654,60771332,15.238910667054975,231.82423400878906,0.9616098187526759,3,123,1000,3.0,0.7,5,2e-05,8,128
student_t5-small_fs1000_supp123_seed3_tau0.5_a0.1,student,t5-small,,0.8864473684210527,0.8861075048250124,60771332,15.047110667122373,231.82423400878906,0.9614671043242472,3,123,1000,0.5,0.1,5,2e-05,8,128
student_t5-small_fs1000_supp123_seed3_tau1.5_a0.7,student,t5-small,,0.8864473684210527,0.8860328876784507,60771332,15.004590932706682,231.82423400878906,0.9614671043242472,3,123,1000,1.5,0.7,5,2e-05,8,128
student_t5-small_fs1000_supp123_seed3_tau1.5_a0.9,student,t5-small,,0.8864473684210527,0.8861036741087042,60771332,13.224981200376837,231.82423400878906,0.9614671043242472,3,123,1000,1.5,0.9,5,2e-05,8,128
student_t5-small_fs1000_supp123_seed3_tau2.5_a0.9,student,t5-small,,0.8864473684210527,0.8860871047355541,60771332,12.390922932051277,231.82423400878906,0.9614671043242472,3,123,1000,2.5,0.9,5,2e-05,8,128
student_t5-small_fs1000_supp123_seed3_tau0.1_a0.5,student,t5-small,,0.8863157894736842,0.885923582491218,60771332,17.596757667100366,231.82423400878906,0.9613243898958185,3,123,1000,0.1,0.5,5,2e-05,8,128
student_t5-small_fs1000_supp123_seed3_tau3.0_a0.9,student,t5-small,,0.8863157894736842,0.8859389020792798,60771332,12.193435667722952,231.82423400878906,0.9613243898958185,3,123,1000,3.0,0.9,5,2e-05,8,128
student_t5-small_fs1000_supp123_seed3_tau2.0_a0.7,student,t5-small,,0.8860526315789473,0.8856809081981887,60771332,13.591112600018581,231.82423400878906,0.961038961038961,3,123,1000,2.0,0.7,5,2e-05,8,128
student_t5-small_fs1000_supp123_seed3_tau0.1_a0.9,student,t5-small,,0.8857894736842106,0.885441243983796,60771332,16.482666065955225,231.82423400878906,0.9607535321821037,3,123,1000,0.1,0.9,5,2e-05,8,128
student_t5-small_fs1000_supp123_seed9_tau0.1_a0.1,student,t5-small,,0.8852631578947369,0.8848759364343227,60771332,12.102539200956622,231.82423400878906,0.9601826744683888,9,123,1000,0.1,0.1,5,2e-05,8,128
student_t5-small_fs1000_supp123_seed3_tau2.5_a0.7,student,t5-small,,0.8848684210526315,0.8845345849191418,60771332,13.386786467647957,231.82423400878906,0.9597545311831026,3,123,1000,2.5,0.7,5,2e-05,8,128
student_t5-small_fs100_supp123_seed4_tau1.0_a0.1,student,t5-small,,0.7736842105263158,0.7724839556723486,60771332,11.784977200295543,231.82423400878906,0.8391608391608392,4,123,100,1.0,0.1,5,2e-05,8,128
student_t5-small_fs100_supp123_seed4_tau2.0_a0.1,student,t5-small,,0.7732894736842105,0.7722360219297368,60771332,15.276755933155073,231.82423400878906,0.8387326958755531,4,123,100,2.0,0.1,5,2e-05,8,128
student_t5-small_fs100_supp123_seed1_tau1.5_a0.9,student,t5-small,,0.7721052631578947,0.7725228070983559,60771332,12.711670000377731,231.82423400878906,0.8374482660196946,1,123,100,1.5,0.9,5,2e-05,8,128
student_t5-small_fs100_supp123_seed4_tau0.1_a0.3,student,t5-small,,0.771578947368421,0.7713063388581423,60771332,15.472808800889956,231.82423400878906,0.8368774083059798,4,123,100,0.1,0.3,5,2e-05,8,128
student_t5-small_fs100_supp123_seed4_tau3.0_a0.1,student,t5-small,,0.7711842105263158,0.7702177642743504,60771332,12.470345599770857,231.82423400878906,0.8364492650206936,4,123,100,3.0,0.1,5,2e-05,8,128
student_t5-small_fs100_supp123_seed4_tau0.5_a0.3,student,t5-small,,0.7710526315789473,0.7698254379901264,60771332,16.75534733318879,231.82423400878906,0.8363065505922649,4,123,100,0.5,0.3,5,2e-05,8,128
student_t5-small_fs100_supp123_seed4_tau2.5_a0.1,student,t5-small,,0.770921052631579,0.7698992654766528,60771332,12.496330733847572,231.82423400878906,0.8361638361638362,4,123,100,2.5,0.1,5,2e-05,8,128
student_t5-small_fs100_supp123_seed1_tau1.5_a0.3,student,t5-small,,0.7707894736842106,0.7714001262614681,60771332,14.569152133481111,231.82423400878906,0.8360211217354075,1,123,100,1.5,0.3,5,2e-05,8,128
student_t5-small_fs100_supp123_seed1_tau2.5_a0.9,student,t5-small,,0.7707894736842106,0.771195125140154,60771332,12.307165133339973,231.82423400878906,0.8360211217354075,1,123,100,2.5,0.9,5,2e-05,8,128
student_t5-small_fs100_supp123_seed4_tau1.0_a0.5,student,t5-small,,0.7706578947368421,0.7691236599429958,60771332,13.608727600512793,231.82423400878906,0.8358784073069787,4,123,100,1.0,0.5,5,2e-05,8,128
student_t5-small_fs100_supp123_seed1_tau1.0_a0.9,student,t5-small,,0.7703947368421052,0.770949000640381,60771332,15.07990939959806,231.82423400878906,0.8355929784501214,1,123,100,1.0,0.9,5,2e-05,8,128
student_t5-small_fs100_supp123_seed1_tau3.0_a0.7,student,t5-small,,0.7703947368421052,0.7710847499953793,60771332,11.777724465840341,231.82423400878906,0.8355929784501214,1,123,100,3.0,0.7,5,2e-05,8,128
student_t5-small_fs100_supp123_seed1_tau2.0_a0.3,student,t5-small,,0.7702631578947369,0.7707044327425885,60771332,12.08448199928777,231.82423400878906,0.8354502640216926,1,123,100,2.0,0.3,5,2e-05,8,128
student_t5-small_fs100_supp123_seed4_tau1.5_a0.5,student,t5-small,,0.7701315789473684,0.7686552271670526,60771332,12.673155466958027,231.82423400878906,0.8353075495932639,4,123,100,1.5,0.5,5,2e-05,8,128
student_t5-small_fs100_supp123_seed4_tau3.0_a0.3,student,t5-small,,0.7701315789473684,0.7689979960379056,60771332,13.484831399546238,231.82423400878906,0.8353075495932639,4,123,100,3.0,0.3,5,2e-05,8,128
student_t5-small_fs100_supp123_seed1_tau0.5_a0.9,student,t5-small,,0.77,0.7703463650107938,60771332,12.087213933409657,231.82423400878906,0.8351648351648352,1,123,100,0.5,0.9,5,2e-05,8,128
student_t5-small_fs100_supp123_seed1_tau2.5_a0.7,student,t5-small,,0.77,0.7705247968338451,60771332,15.629060933861183,231.82423400878906,0.8351648351648352,1,123,100,2.5,0.7,5,2e-05,8,128
student_t5-small_fs100_supp123_seed1_tau2.0_a0.9,student,t5-small,,0.7698684210526315,0.7702991266512631,60771332,13.733969133075638,231.82423400878906,0.8350221207364065,1,123,100,2.0,0.9,5,2e-05,8,128
student_t5-small_fs100_supp123_seed4_tau2.5_a0.5,student,t5-small,,0.7697368421052632,0.7685961382115021,60771332,16.122144533195144,231.82423400878906,0.8348794063079777,4,123,100,2.5,0.5,5,2e-05,8,128
student_t5-small_fs100_supp123_seed1_tau0.5_a0.5,student,t5-small,,0.7694736842105263,0.7696431188608993,60771332,15.89947806763424,231.82423400878906,0.8345939774511203,1,123,100,0.5,0.5,5,2e-05,8,128
student_t5-small_fs100_supp123_seed1_tau3.0_a0.9,student,t5-small,,0.7694736842105263,0.7700359637967213,60771332,12.093341466243146,231.82423400878906,0.8345939774511203,1,123,100,3.0,0.9,5,2e-05,8,128
student_t5-small_fs100_supp123_seed1_tau2.0_a0.7,student,t5-small,,0.7690789473684211,0.7696638194769266,60771332,11.617068666237174,231.82423400878906,0.8341658341658342,1,123,100,2.0,0.7,5,2e-05,8,128
student_t5-small_fs100_supp123_seed4_tau0.5_a0.1,student,t5-small,,0.7690789473684211,0.7678934027820908,60771332,14.89867353423809,231.82423400878906,0.8341658341658342,4,123,100,0.5,0.1,5,2e-05,8,128
student_t5-small_fs100_supp123_seed1_tau1.0_a0.3,student,t5-small,,0.7689473684210526,0.7693081277734184,60771332,11.99804906694529,231.82423400878906,0.8340231197374055,1,123,100,1.0,0.3,5,2e-05,8,128
student_t5-small_fs100_supp123_seed1_tau1.5_a0.5,student,t5-small,,0.7688157894736842,0.769493545055638,60771332,14.253776400437346,231.82423400878906,0.8338804053089768,1,123,100,1.5,0.5,5,2e-05,8,128
student_t5-small_fs100_supp123_seed4_tau0.5_a0.5,student,t5-small,,0.7685526315789474,0.7670702645864436,60771332,13.868227734443886,231.82423400878906,0.8335949764521193,4,123,100,0.5,0.5,5,2e-05,8,128
student_t5-small_fs100_supp123_seed1_tau0.1_a0.5,student,t5-small,,0.7684210526315789,0.7690529276525877,60771332,12.872061133869769,231.82423400878906,0.8334522620236906,1,123,100,0.1,0.5,5,2e-05,8,128
student_t5-small_fs100_supp123_seed1_tau0.5_a0.1,student,t5-small,,0.7682894736842105,0.7684048597359102,60771332,16.21729133306265,231.82423400878906,0.8333095475952619,1,123,100,0.5,0.1,5,2e-05,8,128
student_t5-small_fs100_supp123_seed1_tau1.5_a0.7,student,t5-small,,0.7681578947368422,0.7688032958163353,60771332,12.944503333225535,231.82423400878906,0.8331668331668333,1,123,100,1.5,0.7,5,2e-05,8,128
student_t5-small_fs100_supp123_seed4_tau0.1_a0.7,student,t5-small,,0.7680263157894737,0.7667374356565745,60771332,15.386195400545452,231.82423400878906,0.8330241187384044,4,123,100,0.1,0.7,5,2e-05,8,128
student_t5-small_fs100_supp123_seed1_tau0.1_a0.3,student,t5-small,,0.7678947368421053,0.7683449094856551,60771332,11.748658932871573,231.82423400878906,0.8328814043099758,1,123,100,0.1,0.3,5,2e-05,8,128
student_t5-small_fs100_supp123_seed1_tau3.0_a0.1,student,t5-small,,0.7677631578947368,0.7682974578160962,60771332,12.121775599371176,231.82423400878906,0.832738689881547,1,123,100,3.0,0.1,5,2e-05,8,128
student_t5-small_fs100_supp123_seed1_tau0.5_a0.3,student,t5-small,,0.7676315789473684,0.7677870351683755,60771332,11.301464132945208,231.82423400878906,0.8325959754531184,1,123,100,0.5,0.3,5,2e-05,8,128
student_t5-small_fs100_supp123_seed1_tau3.0_a0.3,student,t5-small,,0.7675,0.7678401655880382,60771332,11.817367000427717,231.82423400878906,0.8324532610246896,1,123,100,3.0,0.3,5,2e-05,8,128
student_t5-small_fs100_supp123_seed4_tau3.0_a0.5,student,t5-small,,0.7673684210526316,0.7660956820145727,60771332,16.0788128671508,231.82423400878906,0.8323105465962609,4,123,100,3.0,0.5,5,2e-05,8,128
student_t5-small_fs100_supp123_seed1_tau2.5_a0.3,student,t5-small,,0.7672368421052631,0.7677933434505168,60771332,13.092414333611183,231.82423400878906,0.8321678321678322,1,123,100,2.5,0.3,5,2e-05,8,128
student_t5-small_fs100_supp123_seed4_tau2.0_a0.7,student,t5-small,,0.7669736842105264,0.7652521392999191,60771332,13.11076239993175,231.82423400878906,0.8318824033109748,4,123,100,2.0,0.7,5,2e-05,8,128
student_t5-small_fs100_supp123_seed1_tau2.5_a0.1,student,t5-small,,0.7668421052631579,0.7671579269140052,60771332,11.134827332474137,231.82423400878906,0.831739688882546,1,123,100,2.5,0.1,5,2e-05,8,128
student_t5-small_fs100_supp123_seed1_tau0.1_a0.7,student,t5-small,,0.766578947368421,0.7672877677260349,60771332,11.801148199932262,231.82423400878906,0.8314542600256886,1,123,100,0.1,0.7,5,2e-05,8,128
student_t5-small_fs100_supp123_seed1_tau1.0_a0.7,student,t5-small,,0.7663157894736842,0.7668053246209572,60771332,16.900889867247315,231.82423400878906,0.8311688311688311,1,123,100,1.0,0.7,5,2e-05,8,128
student_t5-small_fs100_supp123_seed1_tau1.5_a0.1,student,t5-small,,0.7663157894736842,0.766388512070263,60771332,11.469957533699926,231.82423400878906,0.8311688311688311,1,123,100,1.5,0.1,5,2e-05,8,128
student_t5-small_fs100_supp123_seed4_tau1.5_a0.7,student,t5-small,,0.7663157894736842,0.7648108903245481,60771332,13.767938000334349,231.82423400878906,0.8311688311688311,4,123,100,1.5,0.7,5,2e-05,8,128
student_t5-small_fs100_supp123_seed4_tau0.1_a0.5,student,t5-small,,0.7657894736842106,0.7648726260108885,60771332,14.918527333550932,231.82423400878906,0.8305979734551164,4,123,100,0.1,0.5,5,2e-05,8,128
student_t5-small_fs100_supp123_seed4_tau0.5_a0.9,student,t5-small,,0.7657894736842106,0.7643091291537907,60771332,17.166918867102748,231.82423400878906,0.8305979734551164,4,123,100,0.5,0.9,5,2e-05,8,128
student_t5-small_fs100_supp123_seed4_tau2.0_a0.5,student,t5-small,,0.7655263157894737,0.764302080611396,60771332,15.254526199472215,231.82423400878906,0.830312544598259,4,123,100,2.0,0.5,5,2e-05,8,128
student_t5-small_fs100_supp123_seed1_tau0.1_a0.1,student,t5-small,,0.7653947368421052,0.7650594695621113,60771332,13.0805688672505,231.82423400878906,0.8301698301698301,1,123,100,0.1,0.1,5,2e-05,8,128
student_t5-small_fs100_supp123_seed4_tau3.0_a0.7,student,t5-small,,0.7652631578947369,0.7644015038542762,60771332,13.655614733094504,231.82423400878906,0.8300271157414015,4,123,100,3.0,0.7,5,2e-05,8,128
student_t5-small_fs100_supp123_seed4_tau1.0_a0.3,student,t5-small,,0.765,0.763416281506422,60771332,14.453195132712912,231.82423400878906,0.8297416868845441,4,123,100,1.0,0.3,5,2e-05,8,128
student_t5-small_fs100_supp123_seed4_tau1.5_a0.1,student,t5-small,,0.765,0.7640149080663001,60771332,13.946554732926112,231.82423400878906,0.8297416868845441,4,123,100,1.5,0.1,5,2e-05,8,128
student_t5-small_fs100_supp123_seed1_tau0.1_a0.9,student,t5-small,,0.7647368421052632,0.7654439033905368,60771332,11.206786732994564,231.82423400878906,0.8294562580276866,1,123,100,0.1,0.9,5,2e-05,8,128
student_t5-small_fs100_supp123_seed1_tau1.0_a0.5,student,t5-small,,0.7646052631578948,0.7653973627562105,60771332,13.976754400209757,231.82423400878906,0.829313543599258,1,123,100,1.0,0.5,5,2e-05,8,128
student_t5-small_fs100_supp123_seed4_tau1.5_a0.9,student,t5-small,,0.7644736842105263,0.7627809350409621,60771332,14.695451066169577,231.82423400878906,0.8291708291708292,4,123,100,1.5,0.9,5,2e-05,8,128
student_t5-small_fs100_supp123_seed1_tau1.0_a0.1,student,t5-small,,0.7642105263157895,0.7641456222732721,60771332,12.408478133390114,231.82423400878906,0.8288854003139717,1,123,100,1.0,0.1,5,2e-05,8,128
student_t5-small_fs100_supp123_seed1_tau3.0_a0.5,student,t5-small,,0.7639473684210526,0.7644575356850019,60771332,13.998850065884957,231.82423400878906,0.8285999714571143,1,123,100,3.0,0.5,5,2e-05,8,128
student_t5-small_fs100_supp123_seed1_tau2.0_a0.5,student,t5-small,,0.7638157894736842,0.7644105635482574,60771332,11.326453133127265,231.82423400878906,0.8284572570286857,1,123,100,2.0,0.5,5,2e-05,8,128
student_t5-small_fs100_supp123_seed4_tau1.5_a0.3,student,t5-small,,0.7635526315789474,0.7623030282270715,60771332,13.484052533749491,231.82423400878906,0.8281718281718282,4,123,100,1.5,0.3,5,2e-05,8,128
student_t5-small_fs100_supp123_seed4_tau2.5_a0.9,student,t5-small,,0.7635526315789474,0.7620215427402752,60771332,11.935728933409942,231.82423400878906,0.8281718281718282,4,123,100,2.5,0.9,5,2e-05,8,128
student_t5-small_fs100_supp123_seed4_tau2.5_a0.7,student,t5-small,,0.763421052631579,0.7619903289383747,60771332,12.355239933579773,231.82423400878906,0.8280291137433996,4,123,100,2.5,0.7,5,2e-05,8,128
student_t5-small_fs100_supp123_seed4_tau2.0_a0.3,student,t5-small,,0.7630263157894737,0.762020240128028,60771332,13.475281200226163,231.82423400878906,0.8276009704581133,4,123,100,2.0,0.3,5,2e-05,8,128
student_t5-small_fs100_supp123_seed1_tau0.5_a0.7,student,t5-small,,0.7628947368421053,0.7635324285592671,60771332,12.245136933537045,231.82423400878906,0.8274582560296847,1,123,100,0.5,0.7,5,2e-05,8,128
student_t5-small_fs100_supp123_seed1_tau2.5_a0.5,student,t5-small,,0.7625,0.7629683562532612,60771332,11.318439199385466,231.82423400878906,0.8270301127443984,1,123,100,2.5,0.5,5,2e-05,8,128
student_t5-small_fs100_supp123_seed4_tau1.0_a0.7,student,t5-small,,0.7625,0.7610710160754114,60771332,14.33968433411792,231.82423400878906,0.8270301127443984,4,123,100,1.0,0.7,5,2e-05,8,128
student_t5-small_fs100_supp123_seed4_tau0.1_a0.1,student,t5-small,,0.7623684210526316,0.7632049214966727,60771332,17.235019733197987,231.82423400878906,0.8268873983159698,4,123,100,0.1,0.1,5,2e-05,8,128
student_t5-small_fs100_supp123_seed1_tau2.0_a0.1,student,t5-small,,0.7621052631578947,0.7625221763027658,60771332,14.021360333329843,231.82423400878906,0.8266019694591124,1,123,100,2.0,0.1,5,2e-05,8,128
student_t5-small_fs100_supp123_seed4_tau2.5_a0.3,student,t5-small,,0.7614473684210527,0.7604038550890185,60771332,13.120898999962568,231.82423400878906,0.8258883973169688,4,123,100,2.5,0.3,5,2e-05,8,128
student_t5-small_fs100_supp123_seed4_tau3.0_a0.9,student,t5-small,,0.7609210526315789,0.7594162173196064,60771332,12.10973686708409,231.82423400878906,0.8253175396032539,4,123,100,3.0,0.9,5,2e-05,8,128
student_t5-small_fs100_supp123_seed4_tau1.0_a0.9,student,t5-small,,0.7606578947368421,0.7589666883359771,60771332,12.237068932881812,231.82423400878906,0.8250321107463965,4,123,100,1.0,0.9,5,2e-05,8,128
student_t5-small_fs100_supp123_seed4_tau2.0_a0.9,student,t5-small,,0.7597368421052632,0.7582397409398655,60771332,13.241395733105795,231.82423400878906,0.8240331097473955,4,123,100,2.0,0.9,5,2e-05,8,128
student_t5-small_fs100_supp123_seed4_tau0.5_a0.7,student,t5-small,,0.7590789473684211,0.7575779348152873,60771332,17.74176019995745,231.82423400878906,0.8233195376052519,4,123,100,0.5,0.7,5,2e-05,8,128
student_t5-small_fs100_supp123_seed4_tau0.1_a0.9,student,t5-small,,0.7538157894736842,0.7522476187076903,60771332,14.552035799473137,231.82423400878906,0.8176109604681033,4,123,100,0.1,0.9,5,2e-05,8,128
student_t5-small_fs100_supp123_seed3_tau0.1_a0.1,student,t5-small,,0.7322368421052632,0.7302038329314062,60771332,13.878009466376776,231.82423400878906,0.7942057942057943,3,123,100,0.1,0.1,5,2e-05,8,128
student_t5-small_fs100_supp123_seed3_tau0.5_a0.1,student,t5-small,,0.7319736842105263,0.7274434524374955,60771332,13.95803346701238,231.82423400878906,0.7939203653489368,3,123,100,0.5,0.1,5,2e-05,8,128
student_t5-small_fs100_supp123_seed3_tau0.1_a0.3,student,t5-small,,0.7303947368421052,0.7267349295600674,60771332,12.872602066151254,231.82423400878906,0.7922077922077921,3,123,100,0.1,0.3,5,2e-05,8,128
student_t5-small_fs100_supp123_seed3_tau3.0_a0.1,student,t5-small,,0.7273684210526316,0.7221780502530601,60771332,15.655393066845136,231.82423400878906,0.7889253603539318,3,123,100,3.0,0.1,5,2e-05,8,128
student_t5-small_fs100_supp123_seed3_tau1.0_a0.1,student,t5-small,,0.7267105263157895,0.7211733616072982,60771332,15.38124706664045,231.82423400878906,0.7882117882117883,3,123,100,1.0,0.1,5,2e-05,8,128
student_t5-small_fs100_supp123_seed3_tau0.1_a0.5,student,t5-small,,0.7264473684210526,0.7214857164297974,60771332,13.600291999803934,231.82423400878906,0.7879263593549308,3,123,100,0.1,0.5,5,2e-05,8,128
student_t5-small_fs100_supp123_seed3_tau2.0_a0.1,student,t5-small,,0.7255263157894737,0.7201673610837137,60771332,15.340011466226619,231.82423400878906,0.7869273583559299,3,123,100,2.0,0.1,5,2e-05,8,128
student_t5-small_fs100_supp123_seed3_tau1.0_a0.3,student,t5-small,,0.7244736842105263,0.7179659354402839,60771332,13.270603266573744,231.82423400878906,0.7857856429285001,3,123,100,1.0,0.3,5,2e-05,8,128
student_t5-small_fs100_supp123_seed3_tau2.5_a0.3,student,t5-small,,0.7242105263157895,0.718531705870216,60771332,16.877261799769865,231.82423400878906,0.7855002140716427,3,123,100,2.5,0.3,5,2e-05,8,128
student_t5-small_fs100_supp123_seed3_tau0.5_a0.3,student,t5-small,,0.7225,0.7168443114465365,60771332,12.722780667051362,231.82423400878906,0.7836449265020694,3,123,100,0.5,0.3,5,2e-05,8,128
student_t5-small_fs100_supp123_seed3_tau0.5_a0.7,student,t5-small,,0.7205263157894737,0.7134586744342226,60771332,14.455181800682718,231.82423400878906,0.7815042100756386,3,123,100,0.5,0.7,5,2e-05,8,128
student_t5-small_fs100_supp123_seed7_tau0.5_a0.1,student,t5-small,,0.7205263157894737,0.7183645959018202,60771332,14.020650733679455,231.82423400878906,0.7815042100756386,7,123,100,0.5,0.1,5,2e-05,8,128
student_t5-small_fs100_supp123_seed3_tau1.0_a0.7,student,t5-small,,0.7202631578947368,0.7132089174112595,60771332,14.93089313225937,231.82423400878906,0.7812187812187812,3,123,100,1.0,0.7,5,2e-05,8,128
student_t5-small_fs100_supp123_seed3_tau2.0_a0.3,student,t5-small,,0.72,0.7138303496773247,60771332,13.010725332909109,231.82423400878906,0.7809333523619237,3,123,100,2.0,0.3,5,2e-05,8,128
student_t5-small_fs100_supp123_seed3_tau3.0_a0.7,student,t5-small,,0.72,0.7127045160233676,60771332,13.993401600115854,231.82423400878906,0.7809333523619237,3,123,100,3.0,0.7,5,2e-05,8,128
student_t5-small_fs100_supp123_seed3_tau2.0_a0.5,student,t5-small,,0.7197368421052631,0.7131794013644979,60771332,13.822876400809037,231.82423400878906,0.7806479235050664,3,123,100,2.0,0.5,5,2e-05,8,128
student_t5-small_fs100_supp123_seed7_tau0.5_a0.3,student,t5-small,,0.7196052631578947,0.7182335628139868,60771332,15.227591133104093,231.82423400878906,0.7805052090766377,7,123,100,0.5,0.3,5,2e-05,8,128
student_t5-small_fs100_supp123_seed3_tau0.1_a0.7,student,t5-small,,0.7194736842105263,0.7132677978881967,60771332,15.686193600170858,231.82423400878906,0.780362494648209,3,123,100,0.1,0.7,5,2e-05,8,128
student_t5-small_fs100_supp123_seed3_tau0.5_a0.5,student,t5-small,,0.7194736842105263,0.7137415855734338,60771332,14.078803933322584,231.82423400878906,0.780362494648209,3,123,100,0.5,0.5,5,2e-05,8,128
student_t5-small_fs100_supp123_seed3_tau1.0_a0.9,student,t5-small,,0.7193421052631579,0.7120127798165206,60771332,15.648109866742743,231.82423400878906,0.7802197802197802,3,123,100,1.0,0.9,5,2e-05,8,128
student_t5-small_fs100_supp123_seed7_tau0.5_a0.5,student,t5-small,,0.7193421052631579,0.7175794277736518,60771332,12.366926600467801,231.82423400878906,0.7802197802197802,7,123,100,0.5,0.5,5,2e-05,8,128
student_t5-small_fs100_supp123_seed3_tau3.0_a0.3,student,t5-small,,0.719078947368421,0.7138383822831067,60771332,14.20706573286831,231.82423400878906,0.7799343513629228,3,123,100,3.0,0.3,5,2e-05,8,128
student_t5-small_fs100_supp123_seed3_tau1.5_a0.3,student,t5-small,,0.7186842105263158,0.7126935208183824,60771332,16.182031132969616,231.82423400878906,0.7795062080776367,3,123,100,1.5,0.3,5,2e-05,8,128
student_t5-small_fs100_supp123_seed7_tau1.0_a0.3,student,t5-small,,0.7185526315789473,0.7161749630216214,60771332,13.557747867889702,231.82423400878906,0.7793634936492079,7,123,100,1.0,0.3,5,2e-05,8,128
student_t5-small_fs100_supp123_seed7_tau1.5_a0.5,student,t5-small,,0.7185526315789473,0.7170295023725227,60771332,15.180069066991564,231.82423400878906,0.7793634936492079,7,123,100,1.5,0.5,5,2e-05,8,128
student_t5-small_fs100_supp123_seed3_tau1.0_a0.5,student,t5-small,,0.718421052631579,0.7126980913860983,60771332,14.229384999877462,231.82423400878906,0.7792207792207793,3,123,100,1.0,0.5,5,2e-05,8,128
student_t5-small_fs100_supp123_seed3_tau1.5_a0.1,student,t5-small,,0.7182894736842105,0.7128155366905825,60771332,14.521223599876976,231.82423400878906,0.7790780647923505,3,123,100,1.5,0.1,5,2e-05,8,128
student_t5-small_fs100_supp123_seed7_tau0.1_a0.5,student,t5-small,,0.7182894736842105,0.7168024197891296,60771332,16.316797199639648,231.82423400878906,0.7790780647923505,7,123,100,0.1,0.5,5,2e-05,8,128
student_t5-small_fs100_supp123_seed3_tau2.5_a0.1,student,t5-small,,0.7177631578947369,0.7126043699052391,60771332,14.70172193342781,231.82423400878906,0.7785072070786357,3,123,100,2.5,0.1,5,2e-05,8,128
student_t5-small_fs100_supp123_seed7_tau3.0_a0.5,student,t5-small,,0.7177631578947369,0.7153898007569188,60771332,12.928257199625174,231.82423400878906,0.7785072070786357,7,123,100,3.0,0.5,5,2e-05,8,128
student_t5-small_fs100_supp123_seed7_tau1.0_a0.1,student,t5-small,,0.7176315789473684,0.7150468587884262,60771332,13.231944666282894,231.82423400878906,0.7783644926502069,7,123,100,1.0,0.1,5,2e-05,8,128
student_t5-small_fs100_supp123_seed7_tau2.0_a0.7,student,t5-small,,0.7172368421052632,0.7157028143566366,60771332,15.00364600069588,231.82423400878906,0.7779363493649208,7,123,100,2.0,0.7,5,2e-05,8,128
student_t5-small_fs100_supp123_seed3_tau1.5_a0.5,student,t5-small,,0.7171052631578947,0.7106876819965504,60771332,13.091337866838634,231.82423400878906,0.777793634936492,3,123,100,1.5,0.5,5,2e-05,8,128
student_t5-small_fs100_supp123_seed7_tau0.1_a0.7,student,t5-small,,0.716842105263158,0.7158059979091471,60771332,13.904473867053943,231.82423400878906,0.7775082060796348,7,123,100,0.1,0.7,5,2e-05,8,128
student_t5-small_fs100_supp123_seed7_tau2.5_a0.5,student,t5-small,,0.716842105263158,0.7143069394531156,60771332,12.611439332734639,231.82423400878906,0.7775082060796348,7,123,100,2.5,0.5,5,2e-05,8,128
student_t5-small_fs100_supp123_seed7_tau1.5_a0.9,student,t5-small,,0.7165789473684211,0.7155213505253492,60771332,12.512734331539832,231.82423400878906,0.7772227772227773,7,123,100,1.5,0.9,5,2e-05,8,128
student_t5-small_fs100_supp123_seed3_tau2.5_a0.9,student,t5-small,,0.7164473684210526,0.7097861691052283,60771332,11.622899933718145,231.82423400878906,0.7770800627943485,3,123,100,2.5,0.9,5,2e-05,8,128
student_t5-small_fs100_supp123_seed3_tau2.0_a0.9,student,t5-small,,0.7163157894736842,0.7090004361619808,60771332,14.859248800348723,231.82423400878906,0.7769373483659199,3,123,100,2.0,0.9,5,2e-05,8,128
student_t5-small_fs100_supp123_seed9_tau0.1_a0.7,student,t5-small,,0.7163157894736842,0.709593420914892,60771332,16.33581780139745,231.82423400878906,0.7769373483659199,9,123,100,0.1,0.7,5,2e-05,8,128
student_t5-small_fs100_supp123_seed5_tau3.0_a0.3,student,t5-small,,0.7161842105263158,0.7120499789775496,60771332,12.632795600802638,231.82423400878906,0.776794633937491,5,123,100,3.0,0.3,5,2e-05,8,128
student_t5-small_fs100_supp123_seed7_tau2.0_a0.3,student,t5-small,,0.7161842105263158,0.7132486019024455,60771332,16.983707400989562,231.82423400878906,0.776794633937491,7,123,100,2.0,0.3,5,2e-05,8,128
student_t5-small_fs100_supp123_seed9_tau0.5_a0.9,student,t5-small,,0.7160526315789474,0.7078572681253255,60771332,13.114005666284356,231.82423400878906,0.7766519195090624,9,123,100,0.5,0.9,5,2e-05,8,128
student_t5-small_fs100_supp123_seed3_tau1.5_a0.7,student,t5-small,,0.7159210526315789,0.7090806051506923,60771332,14.756855332962004,231.82423400878906,0.7765092050806336,3,123,100,1.5,0.7,5,2e-05,8,128
student_t5-small_fs100_supp123_seed7_tau1.5_a0.1,student,t5-small,,0.7157894736842105,0.712621081507626,60771332,11.961000533968521,231.82423400878906,0.776366490652205,7,123,100,1.5,0.1,5,2e-05,8,128
student_t5-small_fs100_supp123_seed5_tau1.5_a0.3,student,t5-small,,0.7153947368421053,0.7111348987136634,60771332,12.716171933425358,231.82423400878906,0.7759383473669189,5,123,100,1.5,0.3,5,2e-05,8,128
student_t5-small_fs100_supp123_seed7_tau2.5_a0.9,student,t5-small,,0.7153947368421053,0.7144556241068768,60771332,14.910043133810783,231.82423400878906,0.7759383473669189,7,123,100,2.5,0.9,5,2e-05,8,128
student_t5-small_fs100_supp123_seed7_tau0.1_a0.9,student,t5-small,,0.7152631578947368,0.7141638306498023,60771332,15.827781800180674,231.82423400878906,0.7757956329384901,7,123,100,0.1,0.9,5,2e-05,8,128
student_t5-small_fs100_supp123_seed3_tau0.5_a0.9,student,t5-small,,0.7151315789473685,0.7077422924983222,60771332,14.43642886709616,231.82423400878906,0.7756529185100615,3,123,100,0.5,0.9,5,2e-05,8,128
student_t5-small_fs100_supp123_seed7_tau3.0_a0.9,student,t5-small,,0.7151315789473685,0.7144125913594542,60771332,14.871446799952537,231.82423400878906,0.7756529185100615,7,123,100,3.0,0.9,5,2e-05,8,128
student_t5-small_fs100_supp123_seed7_tau1.0_a0.5,student,t5-small,,0.715,0.7131595382886113,60771332,12.022173932928126,231.82423400878906,0.7755102040816326,7,123,100,1.0,0.5,5,2e-05,8,128
student_t5-small_fs100_supp123_seed7_tau2.5_a0.7,student,t5-small,,0.715,0.7135526051435819,60771332,13.498719668132253,231.82423400878906,0.7755102040816326,7,123,100,2.5,0.7,5,2e-05,8,128
student_t5-small_fs100_supp123_seed8_tau2.0_a0.1,student,t5-small,,0.7147368421052631,0.7134357340092861,60771332,13.897997401363682,231.82423400878906,0.7752247752247752,8,123,100,2.0,0.1,5,2e-05,8,128
student_t5-small_fs100_supp123_seed7_tau1.5_a0.3,student,t5-small,,0.7146052631578947,0.7117069734211124,60771332,14.346115200411683,231.82423400878906,0.7750820607963466,7,123,100,1.5,0.3,5,2e-05,8,128
student_t5-small_fs100_supp123_seed7_tau2.0_a0.5,student,t5-small,,0.7146052631578947,0.7126416979306465,60771332,14.832495265970161,231.82423400878906,0.7750820607963466,7,123,100,2.0,0.5,5,2e-05,8,128
student_t5-small_fs100_supp123_seed7_tau1.5_a0.7,student,t5-small,,0.7144736842105263,0.7128766614046163,60771332,16.191727399321582,231.82423400878906,0.7749393463679177,7,123,100,1.5,0.7,5,2e-05,8,128
student_t5-small_fs100_supp123_seed7_tau2.0_a0.1,student,t5-small,,0.7143421052631579,0.7110836618812513,60771332,16.79349393331601,231.82423400878906,0.7747966319394891,7,123,100,2.0,0.1,5,2e-05,8,128
student_t5-small_fs100_supp123_seed3_tau2.5_a0.5,student,t5-small,,0.7142105263157895,0.7084986031703848,60771332,12.968073132651625,231.82423400878906,0.7746539175110605,3,123,100,2.5,0.5,5,2e-05,8,128
student_t5-small_fs100_supp123_seed9_tau2.5_a0.9,student,t5-small,,0.7142105263157895,0.7039766050891031,60771332,16.43732326726119,231.82423400878906,0.7746539175110605,9,123,100,2.5,0.9,5,2e-05,8,128
student_t5-small_fs100_supp123_seed3_tau2.5_a0.7,student,t5-small,,0.714078947368421,0.7070011755518945,60771332,13.11341106678204,231.82423400878906,0.7745112030826317,3,123,100,2.5,0.7,5,2e-05,8,128
student_t5-small_fs100_supp123_seed7_tau3.0_a0.7,student,t5-small,,0.714078947368421,0.712741694409299,60771332,11.872107000575246,231.82423400878906,0.7745112030826317,7,123,100,3.0,0.7,5,2e-05,8,128
student_t5-small_fs100_supp123_seed3_tau3.0_a0.5,student,t5-small,,0.7139473684210527,0.707029608120525,60771332,13.897888666785244,231.82423400878906,0.774368488654203,3,123,100,3.0,0.5,5,2e-05,8,128
student_t5-small_fs100_supp123_seed3_tau1.5_a0.9,student,t5-small,,0.7138157894736842,0.7060550362312408,60771332,14.57857633358799,231.82423400878906,0.7742257742257742,3,123,100,1.5,0.9,5,2e-05,8,128
student_t5-small_fs100_supp123_seed5_tau2.5_a0.3,student,t5-small,,0.7136842105263158,0.7096515164611267,60771332,14.219871599925682,231.82423400878906,0.7740830597973456,5,123,100,2.5,0.3,5,2e-05,8,128
student_t5-small_fs100_supp123_seed7_tau1.0_a0.7,student,t5-small,,0.7136842105263158,0.712492873834228,60771332,12.615083933148222,231.82423400878906,0.7740830597973456,7,123,100,1.0,0.7,5,2e-05,8,128
student_t5-small_fs100_supp123_seed3_tau0.1_a0.9,student,t5-small,,0.7135526315789473,0.706244451036849,60771332,12.384207733703079,231.82423400878906,0.7739403453689168,3,123,100,0.1,0.9,5,2e-05,8,128
student_t5-small_fs100_supp123_seed3_tau3.0_a0.9,student,t5-small,,0.7135526315789473,0.7057541613295665,60771332,11.672643666436974,231.82423400878906,0.7739403453689168,3,123,100,3.0,0.9,5,2e-05,8,128
student_t5-small_fs100_supp123_seed9_tau0.1_a0.5,student,t5-small,,0.7135526315789473,0.7074297493422638,60771332,12.790903999605993,231.82423400878906,0.7739403453689168,9,123,100,0.1,0.5,5,2e-05,8,128
student_t5-small_fs100_supp123_seed8_tau2.5_a0.1,student,t5-small,,0.713421052631579,0.7122951692414953,60771332,14.97579066635808,231.82423400878906,0.7737976309404881,8,123,100,2.5,0.1,5,2e-05,8,128
student_t5-small_fs100_supp123_seed9_tau3.0_a0.9,student,t5-small,,0.7131578947368421,0.7034445670819288,60771332,13.459834733900303,231.82423400878906,0.7735122020836307,9,123,100,3.0,0.9,5,2e-05,8,128
student_t5-small_fs100_supp123_seed3_tau2.0_a0.7,student,t5-small,,0.7130263157894737,0.7059358377401943,60771332,13.68569020026674,231.82423400878906,0.773369487655202,3,123,100,2.0,0.7,5,2e-05,8,128
student_t5-small_fs100_supp123_seed5_tau2.0_a0.3,student,t5-small,,0.7127631578947369,0.7082542432675525,60771332,12.433105600454534,231.82423400878906,0.7730840587983446,5,123,100,2.0,0.3,5,2e-05,8,128
student_t5-small_fs100_supp123_seed7_tau0.5_a0.7,student,t5-small,,0.7127631578947369,0.711624499588832,60771332,13.145408800240451,231.82423400878906,0.7730840587983446,7,123,100,0.5,0.7,5,2e-05,8,128
student_t5-small_fs100_supp123_seed7_tau2.5_a0.3,student,t5-small,,0.7125,0.7091876806108472,60771332,16.42848606813156,231.82423400878906,0.7727986299414872,7,123,100,2.5,0.3,5,2e-05,8,128
student_t5-small_fs100_supp123_seed8_tau0.1_a0.1,student,t5-small,,0.7125,0.7132325757209308,60771332,13.497493000371227,231.82423400878906,0.7727986299414872,8,123,100,0.1,0.1,5,2e-05,8,128
student_t5-small_fs100_supp123_seed8_tau3.0_a0.1,student,t5-small,,0.7125,0.7112907179684533,60771332,11.836724268020285,231.82423400878906,0.7727986299414872,8,123,100,3.0,0.1,5,2e-05,8,128
student_t5-small_fs100_supp123_seed7_tau0.5_a0.9,student,t5-small,,0.7123684210526315,0.7115626207009943,60771332,14.503591067235297,231.82423400878906,0.7726559155130583,7,123,100,0.5,0.9,5,2e-05,8,128
student_t5-small_fs100_supp123_seed8_tau1.5_a0.1,student,t5-small,,0.7117105263157895,0.7100873167841815,60771332,13.529195600131061,231.82423400878906,0.7719423433709148,8,123,100,1.5,0.1,5,2e-05,8,128
student_t5-small_fs100_supp123_seed9_tau1.5_a0.9,student,t5-small,,0.7115789473684211,0.7013244300074313,60771332,13.551387399396239,231.82423400878906,0.7717996289424861,9,123,100,1.5,0.9,5,2e-05,8,128
student_t5-small_fs100_supp123_seed5_tau1.5_a0.1,student,t5-small,,0.7113157894736842,0.7072386536221852,60771332,13.614698332821717,231.82423400878906,0.7715142000856288,5,123,100,1.5,0.1,5,2e-05,8,128
student_t5-small_fs100_supp123_seed7_tau0.1_a0.1,student,t5-small,,0.7113157894736842,0.7087922435303369,60771332,13.729136466281489,231.82423400878906,0.7715142000856288,7,123,100,0.1,0.1,5,2e-05,8,128
student_t5-small_fs100_supp123_seed7_tau2.5_a0.1,student,t5-small,,0.7113157894736842,0.7076910055660008,60771332,16.141046399813302,231.82423400878906,0.7715142000856288,7,123,100,2.5,0.1,5,2e-05,8,128
student_t5-small_fs100_supp123_seed7_tau3.0_a0.3,student,t5-small,,0.7113157894736842,0.7093593786035011,60771332,13.404945000365842,231.82423400878906,0.7715142000856288,7,123,100,3.0,0.3,5,2e-05,8,128
student_t5-small_fs100_supp123_seed8_tau0.1_a0.3,student,t5-small,,0.7113157894736842,0.7107015610710405,60771332,13.447333665196007,231.82423400878906,0.7715142000856288,8,123,100,0.1,0.3,5,2e-05,8,128
student_t5-small_fs100_supp123_seed9_tau0.1_a0.9,student,t5-small,,0.7111842105263158,0.7032020407435089,60771332,15.973158133177398,231.82423400878906,0.7713714856571999,9,123,100,0.1,0.9,5,2e-05,8,128
student_t5-small_fs100_supp123_seed7_tau3.0_a0.1,student,t5-small,,0.7110526315789474,0.707466405405567,60771332,13.55265506717842,231.82423400878906,0.7712287712287713,7,123,100,3.0,0.1,5,2e-05,8,128
student_t5-small_fs100_supp123_seed9_tau1.0_a0.9,student,t5-small,,0.7109210526315789,0.701143992962017,60771332,11.675847999867983,231.82423400878906,0.7710860568003425,9,123,100,1.0,0.9,5,2e-05,8,128
student_t5-small_fs100_supp123_seed5_tau0.1_a0.3,student,t5-small,,0.7107894736842105,0.7095845240668155,60771332,13.077724866161589,231.82423400878906,0.7709433423719139,5,123,100,0.1,0.3,5,2e-05,8,128
student_t5-small_fs100_supp123_seed7_tau2.0_a0.9,student,t5-small,,0.7107894736842105,0.7101650654745728,60771332,13.323557130934205,231.82423400878906,0.7709433423719139,7,123,100,2.0,0.9,5,2e-05,8,128
student_t5-small_fs100_supp123_seed8_tau1.0_a0.1,student,t5-small,,0.7107894736842105,0.7090417820509892,60771332,12.440512732913097,231.82423400878906,0.7709433423719139,8,123,100,1.0,0.1,5,2e-05,8,128
student_t5-small_fs100_supp123_seed7_tau1.0_a0.9,student,t5-small,,0.7106578947368422,0.7097274001128807,60771332,13.710598400211893,231.82423400878906,0.7708006279434851,7,123,100,1.0,0.9,5,2e-05,8,128
student_t5-small_fs100_supp123_seed8_tau2.5_a0.5,student,t5-small,,0.7106578947368422,0.7091704888956717,60771332,11.26212279923493,231.82423400878906,0.7708006279434851,8,123,100,2.5,0.5,5,2e-05,8,128
student_t5-small_fs100_supp123_seed5_tau1.0_a0.1,student,t5-small,,0.7105263157894737,0.7068094145095443,60771332,14.422910066787153,231.82423400878906,0.7706579135150564,5,123,100,1.0,0.1,5,2e-05,8,128
student_t5-small_fs100_supp123_seed5_tau2.0_a0.7,student,t5-small,,0.7103947368421053,0.7053778097966754,60771332,13.316975733323488,231.82423400878906,0.7705151990866277,5,123,100,2.0,0.7,5,2e-05,8,128
student_t5-small_fs100_supp123_seed5_tau2.5_a0.1,student,t5-small,,0.7103947368421053,0.7066145418181462,60771332,12.33777606660927,231.82423400878906,0.7705151990866277,5,123,100,2.5,0.1,5,2e-05,8,128
student_t5-small_fs100_supp123_seed9_tau0.1_a0.3,student,t5-small,,0.7103947368421053,0.705433964735149,60771332,15.023237066634465,231.82423400878906,0.7705151990866277,9,123,100,0.1,0.3,5,2e-05,8,128
student_t5-small_fs100_supp123_seed8_tau3.0_a0.3,student,t5-small,,0.71,0.7082735544396292,60771332,11.03869440072837,231.82423400878906,0.7700870558013415,8,123,100,3.0,0.3,5,2e-05,8,128
student_t5-small_fs100_supp123_seed5_tau0.1_a0.7,student,t5-small,,0.7097368421052631,0.705519493932392,60771332,14.777725066718025,231.82423400878906,0.7698016269444841,5,123,100,0.1,0.7,5,2e-05,8,128
student_t5-small_fs100_supp123_seed5_tau1.5_a0.7,student,t5-small,,0.7097368421052631,0.704536835054836,60771332,14.597579466741687,231.82423400878906,0.7698016269444841,5,123,100,1.5,0.7,5,2e-05,8,128
student_t5-small_fs100_supp123_seed5_tau2.0_a0.1,student,t5-small,,0.7096052631578947,0.7056039855248806,60771332,15.219512733165175,231.82423400878906,0.7696589125160554,5,123,100,2.0,0.1,5,2e-05,8,128
student_t5-small_fs100_supp123_seed9_tau2.0_a0.9,student,t5-small,,0.7096052631578947,0.6995444134598534,60771332,15.349246800663726,231.82423400878906,0.7696589125160554,9,123,100,2.0,0.9,5,2e-05,8,128
student_t5-small_fs100_supp123_seed5_tau1.0_a0.5,student,t5-small,,0.7093421052631579,0.704413314465763,60771332,11.8661055334087,231.82423400878906,0.769373483659198,5,123,100,1.0,0.5,5,2e-05,8,128
student_t5-small_fs100_supp123_seed5_tau1.5_a0.5,student,t5-small,,0.7093421052631579,0.7044198943622217,60771332,12.267835933259144,231.82423400878906,0.769373483659198,5,123,100,1.5,0.5,5,2e-05,8,128
student_t5-small_fs100_supp123_seed9_tau0.5_a0.5,student,t5-small,,0.7093421052631579,0.6984891506994872,60771332,12.340278066403698,231.82423400878906,0.769373483659198,9,123,100,0.5,0.5,5,2e-05,8,128
student_t5-small_fs100_supp123_seed5_tau0.5_a0.1,student,t5-small,,0.709078947368421,0.7066597453176446,60771332,15.71522933372762,231.82423400878906,0.7690880548023405,5,123,100,0.5,0.1,5,2e-05,8,128
student_t5-small_fs100_supp123_seed5_tau1.0_a0.3,student,t5-small,,0.709078947368421,0.7044896502133385,60771332,13.863293799901536,231.82423400878906,0.7690880548023405,5,123,100,1.0,0.3,5,2e-05,8,128
student_t5-small_fs100_supp123_seed8_tau1.5_a0.5,student,t5-small,,0.7089473684210527,0.7064447612497881,60771332,13.10481873175983,231.82423400878906,0.7689453403739118,8,123,100,1.5,0.5,5,2e-05,8,128
student_t5-small_fs100_supp123_seed5_tau2.5_a0.9,student,t5-small,,0.7088157894736842,0.7032301031594443,60771332,12.778982466018837,231.82423400878906,0.7688026259454831,5,123,100,2.5,0.9,5,2e-05,8,128
student_t5-small_fs100_supp123_seed8_tau1.0_a0.5,student,t5-small,,0.708421052631579,0.7060833173746877,60771332,11.981991667319866,231.82423400878906,0.768374482660197,8,123,100,1.0,0.5,5,2e-05,8,128
student_t5-small_fs100_supp123_seed8_tau2.5_a0.3,student,t5-small,,0.7082894736842106,0.7067832932946749,60771332,11.742913932539523,231.82423400878906,0.7682317682317683,8,123,100,2.5,0.3,5,2e-05,8,128
student_t5-small_fs100_supp123_seed8_tau0.5_a0.3,student,t5-small,,0.7081578947368421,0.7066697581477257,60771332,11.498967334531093,231.82423400878906,0.7680890538033396,8,123,100,0.5,0.3,5,2e-05,8,128
student_t5-small_fs100_supp123_seed5_tau2.0_a0.9,student,t5-small,,0.7080263157894737,0.7023204246704062,60771332,18.194638933588674,231.82423400878906,0.7679463393749109,5,123,100,2.0,0.9,5,2e-05,8,128
student_t5-small_fs100_supp123_seed7_tau0.1_a0.3,student,t5-small,,0.7077631578947369,0.7055663674652322,60771332,12.857438600622118,231.82423400878906,0.7676609105180534,7,123,100,0.1,0.3,5,2e-05,8,128
student_t5-small_fs100_supp123_seed8_tau1.5_a0.9,student,t5-small,,0.7077631578947369,0.7054501094741703,60771332,14.168421332336342,231.82423400878906,0.7676609105180534,8,123,100,1.5,0.9,5,2e-05,8,128
student_t5-small_fs100_supp123_seed5_tau0.5_a0.9,student,t5-small,,0.7075,0.7024181248868142,60771332,12.494864599769548,231.82423400878906,0.767375481661196,5,123,100,0.5,0.9,5,2e-05,8,128
student_t5-small_fs100_supp123_seed8_tau0.5_a0.1,student,t5-small,,0.7073684210526315,0.7059230396139231,60771332,15.34944759963158,231.82423400878906,0.7672327672327672,8,123,100,0.5,0.1,5,2e-05,8,128
student_t5-small_fs100_supp123_seed8_tau2.0_a0.7,student,t5-small,,0.7072368421052632,0.7053484937745875,60771332,11.81367966637481,231.82423400878906,0.7670900528043385,8,123,100,2.0,0.7,5,2e-05,8,128
student_t5-small_fs100_supp123_seed5_tau2.5_a0.7,student,t5-small,,0.7068421052631579,0.7018559270781048,60771332,15.760389600230459,231.82423400878906,0.7666619095190524,5,123,100,2.5,0.7,5,2e-05,8,128
student_t5-small_fs100_supp123_seed5_tau0.5_a0.3,student,t5-small,,0.7067105263157895,0.7033455655698208,60771332,12.31468166661216,231.82423400878906,0.7665191950906237,5,123,100,0.5,0.3,5,2e-05,8,128
student_t5-small_fs100_supp123_seed8_tau0.1_a0.5,student,t5-small,,0.7067105263157895,0.7052659642553858,60771332,11.771290998634262,231.82423400878906,0.7665191950906237,8,123,100,0.1,0.5,5,2e-05,8,128
student_t5-small_fs100_supp123_seed8_tau0.1_a0.7,student,t5-small,,0.7067105263157895,0.7047133370312844,60771332,12.696205932782808,231.82423400878906,0.7665191950906237,8,123,100,0.1,0.7,5,2e-05,8,128
student_t5-small_fs100_supp123_seed5_tau0.5_a0.7,student,t5-small,,0.7063157894736842,0.7017755925806158,60771332,11.65403893343561,231.82423400878906,0.7660910518053375,5,123,100,0.5,0.7,5,2e-05,8,128
student_t5-small_fs100_supp123_seed8_tau2.5_a0.9,student,t5-small,,0.7063157894736842,0.7035312476672192,60771332,14.584397201542743,231.82423400878906,0.7660910518053375,8,123,100,2.5,0.9,5,2e-05,8,128
student_t5-small_fs100_supp123_seed9_tau0.5_a0.3,student,t5-small,,0.7063157894736842,0.6933263879957436,60771332,15.558146534507008,231.82423400878906,0.7660910518053375,9,123,100,0.5,0.3,5,2e-05,8,128
student_t5-small_fs100_supp123_seed9_tau0.5_a0.7,student,t5-small,,0.7060526315789474,0.6959348042640809,60771332,16.992939466338914,231.82423400878906,0.7658056229484801,9,123,100,0.5,0.7,5,2e-05,8,128
student_t5-small_fs100_supp123_seed8_tau2.0_a0.5,student,t5-small,,0.7059210526315789,0.7039408370348263,60771332,12.051370733630998,231.82423400878906,0.7656629085200514,8,123,100,2.0,0.5,5,2e-05,8,128
student_t5-small_fs100_supp123_seed6_tau1.0_a0.3,student,t5-small,,0.7057894736842105,0.7042123844740782,60771332,13.155604666098952,231.82423400878906,0.7655201940916226,6,123,100,1.0,0.3,5,2e-05,8,128
student_t5-small_fs100_supp123_seed8_tau1.0_a0.3,student,t5-small,,0.7057894736842105,0.7037096366392593,60771332,13.253590667348666,231.82423400878906,0.7655201940916226,8,123,100,1.0,0.3,5,2e-05,8,128
student_t5-small_fs100_supp123_seed9_tau3.0_a0.7,student,t5-small,,0.7057894736842105,0.6924968709227027,60771332,15.297870933136437,231.82423400878906,0.7655201940916226,9,123,100,3.0,0.7,5,2e-05,8,128
student_t5-small_fs100_supp123_seed8_tau1.5_a0.3,student,t5-small,,0.7055263157894737,0.7036853738914717,60771332,14.028537999062488,231.82423400878906,0.7652347652347653,8,123,100,1.5,0.3,5,2e-05,8,128
student_t5-small_fs100_supp123_seed8_tau3.0_a0.9,student,t5-small,,0.7053947368421053,0.7025501670956025,60771332,16.39388166756059,231.82423400878906,0.7650920508063366,8,123,100,3.0,0.9,5,2e-05,8,128
student_t5-small_fs100_supp123_seed8_tau2.5_a0.7,student,t5-small,,0.7051315789473684,0.7028213212905161,60771332,13.963151132823745,231.82423400878906,0.7648066219494791,8,123,100,2.5,0.7,5,2e-05,8,128
student_t5-small_fs100_supp123_seed8_tau1.0_a0.7,student,t5-small,,0.7047368421052631,0.7018107978242846,60771332,12.6692905992968,231.82423400878906,0.764378478664193,8,123,100,1.0,0.7,5,2e-05,8,128
student_t5-small_fs100_supp123_seed8_tau3.0_a0.7,student,t5-small,,0.7047368421052631,0.7026698163609563,60771332,14.699008332778854,231.82423400878906,0.764378478664193,8,123,100,3.0,0.7,5,2e-05,8,128
student_t5-small_fs100_supp123_seed6_tau0.1_a0.5,student,t5-small,,0.7044736842105264,0.7046633810452567,60771332,12.776924933374781,231.82423400878906,0.7640930498073356,6,123,100,0.1,0.5,5,2e-05,8,128
student_t5-small_fs100_supp123_seed5_tau3.0_a0.7,student,t5-small,,0.7043421052631579,0.6995231351095532,60771332,14.122969667126503,231.82423400878906,0.7639503353789068,5,123,100,3.0,0.7,5,2e-05,8,128
student_t5-small_fs100_supp123_seed6_tau0.5_a0.3,student,t5-small,,0.7042105263157895,0.7035136102728654,60771332,12.212429866243232,231.82423400878906,0.7638076209504782,6,123,100,0.5,0.3,5,2e-05,8,128
student_t5-small_fs100_supp123_seed9_tau0.1_a0.1,student,t5-small,,0.7042105263157895,0.6998437574965491,60771332,15.682205866323784,231.82423400878906,0.7638076209504782,9,123,100,0.1,0.1,5,2e-05,8,128
student_t5-small_fs100_supp123_seed5_tau0.1_a0.9,student,t5-small,,0.704078947368421,0.6986514878703245,60771332,13.00660739968104,231.82423400878906,0.7636649065220494,5,123,100,0.1,0.9,5,2e-05,8,128
student_t5-small_fs100_supp123_seed8_tau1.0_a0.9,student,t5-small,,0.7039473684210527,0.7009370423550574,60771332,11.652415465990392,231.82423400878906,0.7635221920936207,8,123,100,1.0,0.9,5,2e-05,8,128
student_t5-small_fs100_supp123_seed5_tau1.5_a0.9,student,t5-small,,0.7038157894736842,0.6980924621879974,60771332,12.17895946635205,231.82423400878906,0.763379477665192,5,123,100,1.5,0.9,5,2e-05,8,128
student_t5-small_fs100_supp123_seed6_tau0.5_a0.5,student,t5-small,,0.7032894736842106,0.7030246428815384,60771332,13.075508333713515,231.82423400878906,0.7628086199514772,6,123,100,0.5,0.5,5,2e-05,8,128
student_t5-small_fs100_supp123_seed8_tau3.0_a0.5,student,t5-small,,0.7032894736842106,0.7015237783917719,60771332,11.907319531989438,231.82423400878906,0.7628086199514772,8,123,100,3.0,0.5,5,2e-05,8,128
student_t5-small_fs100_supp123_seed9_tau1.0_a0.7,student,t5-small,,0.7031578947368421,0.6893408012638178,60771332,16.49787119871083,231.82423400878906,0.7626659055230484,9,123,100,1.0,0.7,5,2e-05,8,128
student_t5-small_fs100_supp123_seed5_tau2.0_a0.5,student,t5-small,,0.7030263157894737,0.698444254878162,60771332,12.761135066587789,231.82423400878906,0.7625231910946197,5,123,100,2.0,0.5,5,2e-05,8,128
student_t5-small_fs100_supp123_seed6_tau1.5_a0.5,student,t5-small,,0.7030263157894737,0.7016718624189485,60771332,14.292577133892337,231.82423400878906,0.7625231910946197,6,123,100,1.5,0.5,5,2e-05,8,128
student_t5-small_fs100_supp123_seed9_tau2.5_a0.7,student,t5-small,,0.7030263157894737,0.6891434023843371,60771332,12.85481320034402,231.82423400878906,0.7625231910946197,9,123,100,2.5,0.7,5,2e-05,8,128
student_t5-small_fs100_supp123_seed5_tau3.0_a0.1,student,t5-small,,0.7028947368421052,0.6992846490983653,60771332,12.544412733889962,231.82423400878906,0.7623804766661909,5,123,100,3.0,0.1,5,2e-05,8,128
student_t5-small_fs100_supp123_seed5_tau1.0_a0.7,student,t5-small,,0.7025,0.6973769074947391,60771332,13.86447553280353,231.82423400878906,0.7619523333809048,5,123,100,1.0,0.7,5,2e-05,8,128
student_t5-small_fs100_supp123_seed8_tau0.5_a0.7,student,t5-small,,0.7025,0.7006113925101385,60771332,12.718239067665612,231.82423400878906,0.7619523333809048,8,123,100,0.5,0.7,5,2e-05,8,128
student_t5-small_fs100_supp123_seed5_tau0.1_a0.5,student,t5-small,,0.7023684210526315,0.6989773717224416,60771332,12.52450446675842,231.82423400878906,0.7618096189524761,5,123,100,0.1,0.5,5,2e-05,8,128
student_t5-small_fs100_supp123_seed5_tau2.5_a0.5,student,t5-small,,0.7023684210526315,0.6977849064202314,60771332,13.924639600736555,231.82423400878906,0.7618096189524761,5,123,100,2.5,0.5,5,2e-05,8,128
student_t5-small_fs100_supp123_seed8_tau2.0_a0.3,student,t5-small,,0.7017105263157895,0.6999095109254811,60771332,11.346180132143976,231.82423400878906,0.7610960468103325,8,123,100,2.0,0.3,5,2e-05,8,128
student_t5-small_fs100_supp123_seed5_tau3.0_a0.9,student,t5-small,,0.7014473684210526,0.6956531357420794,60771332,12.096512666903436,231.82423400878906,0.760810617953475,5,123,100,3.0,0.9,5,2e-05,8,128
student_t5-small_fs100_supp123_seed8_tau0.5_a0.5,student,t5-small,,0.7011842105263157,0.6991808297428028,60771332,13.909284133114852,231.82423400878906,0.7605251890966176,8,123,100,0.5,0.5,5,2e-05,8,128
student_t5-small_fs100_supp123_seed6_tau0.1_a0.3,student,t5-small,,0.7010526315789474,0.7008689556320037,60771332,13.151174066782309,231.82423400878906,0.760382474668189,6,123,100,0.1,0.3,5,2e-05,8,128
student_t5-small_fs100_supp123_seed6_tau1.5_a0.1,student,t5-small,,0.700921052631579,0.6977010236458476,60771332,13.871697933306374,231.82423400878906,0.7602397602397604,6,123,100,1.5,0.1,5,2e-05,8,128
student_t5-small_fs100_supp123_seed6_tau2.5_a0.3,student,t5-small,,0.7007894736842105,0.6983521382336147,60771332,16.40508186731798,231.82423400878906,0.7600970458113315,6,123,100,2.5,0.3,5,2e-05,8,128
student_t5-small_fs100_supp123_seed9_tau0.5_a0.1,student,t5-small,,0.7007894736842105,0.685008772467549,60771332,13.582225467447037,231.82423400878906,0.7600970458113315,9,123,100,0.5,0.1,5,2e-05,8,128
student_t5-small_fs100_supp123_seed6_tau0.5_a0.1,student,t5-small,,0.7006578947368421,0.6992712660757897,60771332,15.658118133433163,231.82423400878906,0.7599543313829029,6,123,100,0.5,0.1,5,2e-05,8,128
student_t5-small_fs100_supp123_seed6_tau1.0_a0.5,student,t5-small,,0.7006578947368421,0.6995910527420671,60771332,15.63497959941742,231.82423400878906,0.7599543313829029,6,123,100,1.0,0.5,5,2e-05,8,128
student_t5-small_fs100_supp123_seed5_tau3.0_a0.5,student,t5-small,,0.7,0.6952953181183497,60771332,12.594646467186976,231.82423400878906,0.7592407592407592,5,123,100,3.0,0.5,5,2e-05,8,128
student_t5-small_fs100_supp123_seed9_tau1.0_a0.5,student,t5-small,,0.6998684210526316,0.6820644131122172,60771332,14.444417733466253,231.82423400878906,0.7590980448123306,9,123,100,1.0,0.5,5,2e-05,8,128
student_t5-small_fs100_supp123_seed6_tau2.0_a0.1,student,t5-small,,0.6996052631578947,0.6959941081629818,60771332,14.356448999266528,231.82423400878906,0.7588126159554731,6,123,100,2.0,0.1,5,2e-05,8,128
student_t5-small_fs100_supp123_seed9_tau1.5_a0.7,student,t5-small,,0.6996052631578947,0.6856647165851338,60771332,12.254486865519235,231.82423400878906,0.7588126159554731,9,123,100,1.5,0.7,5,2e-05,8,128
student_t5-small_fs100_supp123_seed6_tau1.5_a0.7,student,t5-small,,0.6994736842105264,0.6995519898399124,60771332,12.972872132619765,231.82423400878906,0.7586699015270445,6,123,100,1.5,0.7,5,2e-05,8,128
student_t5-small_fs100_supp123_seed6_tau2.0_a0.3,student,t5-small,,0.6994736842105264,0.6971340265676187,60771332,18.307176067173714,231.82423400878906,0.7586699015270445,6,123,100,2.0,0.3,5,2e-05,8,128
student_t5-small_fs100_supp123_seed8_tau2.0_a0.9,student,t5-small,,0.6992105263157895,0.6962904885160054,60771332,14.637167799810413,231.82423400878906,0.758384472670187,8,123,100,2.0,0.9,5,2e-05,8,128
student_t5-small_fs100_supp123_seed9_tau2.0_a0.7,student,t5-small,,0.699078947368421,0.6852684973917702,60771332,13.097738933477862,231.82423400878906,0.7582417582417582,9,123,100,2.0,0.7,5,2e-05,8,128
student_t5-small_fs100_supp123_seed5_tau0.5_a0.5,student,t5-small,,0.6988157894736842,0.6944359802948428,60771332,15.196168932986135,231.82423400878906,0.7579563293849008,5,123,100,0.5,0.5,5,2e-05,8,128
student_t5-small_fs100_supp123_seed8_tau0.1_a0.9,student,t5-small,,0.6985526315789473,0.6960776884025746,60771332,14.261956666208183,231.82423400878906,0.7576709005280433,8,123,100,0.1,0.9,5,2e-05,8,128
student_t5-small_fs100_supp123_seed8_tau0.5_a0.9,student,t5-small,,0.6982894736842106,0.695849120291997,60771332,11.547971666247273,231.82423400878906,0.7573854716711861,8,123,100,0.5,0.9,5,2e-05,8,128
student_t5-small_fs100_supp123_seed6_tau0.5_a0.7,student,t5-small,,0.6976315789473684,0.6975227192247646,60771332,15.71323640018818,231.82423400878906,0.7566718995290423,6,123,100,0.5,0.7,5,2e-05,8,128
student_t5-small_fs100_supp123_seed6_tau2.5_a0.9,student,t5-small,,0.6976315789473684,0.6977602958655872,60771332,11.131947266403586,231.82423400878906,0.7566718995290423,6,123,100,2.5,0.9,5,2e-05,8,128
student_t5-small_fs100_supp123_seed6_tau2.5_a0.1,student,t5-small,,0.6975,0.693861257246852,60771332,12.330499532981776,231.82423400878906,0.7565291851006137,6,123,100,2.5,0.1,5,2e-05,8,128
student_t5-small_fs100_supp123_seed8_tau1.5_a0.7,student,t5-small,,0.6975,0.6952492916414215,60771332,14.271978999022394,231.82423400878906,0.7565291851006137,8,123,100,1.5,0.7,5,2e-05,8,128
student_t5-small_fs100_supp123_seed6_tau2.5_a0.7,student,t5-small,,0.6973684210526315,0.6968566432403032,60771332,15.905280466783248,231.82423400878906,0.7563864706721849,6,123,100,2.5,0.7,5,2e-05,8,128
student_t5-small_fs100_supp123_seed6_tau3.0_a0.3,student,t5-small,,0.6973684210526315,0.6947809325542986,60771332,12.289413666439941,231.82423400878906,0.7563864706721849,6,123,100,3.0,0.3,5,2e-05,8,128
student_t5-small_fs100_supp123_seed6_tau0.1_a0.1,student,t5-small,,0.6972368421052632,0.6968965550486169,60771332,13.601907199821047,231.82423400878906,0.7562437562437563,6,123,100,0.1,0.1,5,2e-05,8,128
student_t5-small_fs100_supp123_seed6_tau2.0_a0.7,student,t5-small,,0.6972368421052632,0.6967559409997662,60771332,14.07098740019137,231.82423400878906,0.7562437562437563,6,123,100,2.0,0.7,5,2e-05,8,128
student_t5-small_fs100_supp123_seed5_tau0.1_a0.1,student,t5-small,,0.6968421052631579,0.6984162449287123,60771332,14.091545267244024,231.82423400878906,0.7558156129584702,5,123,100,0.1,0.1,5,2e-05,8,128
student_t5-small_fs100_supp123_seed5_tau1.0_a0.9,student,t5-small,,0.6968421052631579,0.6918764544618905,60771332,14.640348399310218,231.82423400878906,0.7558156129584702,5,123,100,1.0,0.9,5,2e-05,8,128
student_t5-small_fs100_supp123_seed6_tau1.5_a0.9,student,t5-small,,0.6967105263157894,0.6970834215024705,60771332,13.763969266437925,231.82423400878906,0.7556728985300414,6,123,100,1.5,0.9,5,2e-05,8,128
student_t5-small_fs100_supp123_seed6_tau1.0_a0.1,student,t5-small,,0.6957894736842105,0.6933412109186744,60771332,12.525273733626818,231.82423400878906,0.7546738975310404,6,123,100,1.0,0.1,5,2e-05,8,128
student_t5-small_fs100_supp123_seed6_tau1.0_a0.7,student,t5-small,,0.6957894736842105,0.6957443164357218,60771332,12.222538067241354,231.82423400878906,0.7546738975310404,6,123,100,1.0,0.7,5,2e-05,8,128
student_t5-small_fs100_supp123_seed6_tau3.0_a0.7,student,t5-small,,0.6955263157894737,0.6948691232474334,60771332,11.5036016664817,231.82423400878906,0.754388468674183,6,123,100,3.0,0.7,5,2e-05,8,128
student_t5-small_fs100_supp123_seed0_tau0.5_a0.1,student,t5-small,,0.6952631578947368,0.6959042742930115,60771332,12.26182426653395,231.82423400878906,0.7541030398173255,0,123,100,0.5,0.1,5,2e-05,8,128
student_t5-small_fs100_supp123_seed9_tau2.0_a0.5,student,t5-small,,0.6952631578947368,0.6769926223403914,60771332,13.207479934014069,231.82423400878906,0.7541030398173255,9,123,100,2.0,0.5,5,2e-05,8,128
student_t5-small_fs100_supp123_seed6_tau2.5_a0.5,student,t5-small,,0.695,0.6934665282636608,60771332,11.963855666787518,231.82423400878906,0.7538176109604681,6,123,100,2.5,0.5,5,2e-05,8,128
student_t5-small_fs100_supp123_seed6_tau3.0_a0.9,student,t5-small,,0.6947368421052632,0.6950411345202835,60771332,16.953717533275874,231.82423400878906,0.7535321821036107,6,123,100,3.0,0.9,5,2e-05,8,128
student_t5-small_fs100_supp123_seed9_tau2.5_a0.5,student,t5-small,,0.6938157894736842,0.6763500756030889,60771332,11.329078935280753,231.82423400878906,0.7525331811046096,9,123,100,2.5,0.5,5,2e-05,8,128
student_t5-small_fs100_supp123_seed6_tau0.1_a0.7,student,t5-small,,0.6935526315789474,0.6938668058767569,60771332,13.096039799953965,231.82423400878906,0.7522477522477523,6,123,100,0.1,0.7,5,2e-05,8,128
student_t5-small_fs100_supp123_seed9_tau1.5_a0.5,student,t5-small,,0.6932894736842106,0.6744292080115529,60771332,12.684235132959051,231.82423400878906,0.7519623233908949,9,123,100,1.5,0.5,5,2e-05,8,128
student_t5-small_fs100_supp123_seed9_tau3.0_a0.5,student,t5-small,,0.6931578947368421,0.6760254242590149,60771332,15.841643866345597,231.82423400878906,0.7518196089624661,9,123,100,3.0,0.5,5,2e-05,8,128
student_t5-small_fs100_supp123_seed9_tau1.0_a0.3,student,t5-small,,0.6930263157894737,0.6704432494815116,60771332,12.01308273448376,231.82423400878906,0.7516768945340374,9,123,100,1.0,0.3,5,2e-05,8,128
student_t5-small_fs100_supp123_seed6_tau3.0_a0.5,student,t5-small,,0.6927631578947369,0.6907588540320594,60771332,11.934191933687543,231.82423400878906,0.75139146567718,6,123,100,3.0,0.5,5,2e-05,8,128
student_t5-small_fs100_supp123_seed6_tau1.5_a0.3,student,t5-small,,0.6921052631578948,0.6897507034958374,60771332,12.656658333435189,231.82423400878906,0.7506778935350364,6,123,100,1.5,0.3,5,2e-05,8,128
student_t5-small_fs100_supp123_seed6_tau2.0_a0.5,student,t5-small,,0.6918421052631579,0.6904542195436727,60771332,13.420519800274633,231.82423400878906,0.750392464678179,6,123,100,2.0,0.5,5,2e-05,8,128
student_t5-small_fs100_supp123_seed6_tau2.0_a0.9,student,t5-small,,0.6915789473684211,0.6917036830132526,60771332,18.566952866482705,231.82423400878906,0.7501070358213215,6,123,100,2.0,0.9,5,2e-05,8,128
student_t5-small_fs100_supp123_seed6_tau3.0_a0.1,student,t5-small,,0.6913157894736842,0.6875002205871034,60771332,15.37991939985659,231.82423400878906,0.7498216069644641,6,123,100,3.0,0.1,5,2e-05,8,128
student_t5-small_fs100_supp123_seed6_tau0.5_a0.9,student,t5-small,,0.6898684210526316,0.6903870273863092,60771332,15.508603733178461,231.82423400878906,0.7482517482517482,6,123,100,0.5,0.9,5,2e-05,8,128
student_t5-small_fs100_supp123_seed0_tau0.1_a0.3,student,t5-small,,0.6894736842105263,0.6903570653761496,60771332,15.087500399749842,231.82423400878906,0.7478236049664622,0,123,100,0.1,0.3,5,2e-05,8,128
student_t5-small_fs100_supp123_seed6_tau1.0_a0.9,student,t5-small,,0.6880263157894737,0.6883474960448472,60771332,12.266286599818462,231.82423400878906,0.7462537462537463,6,123,100,1.0,0.9,5,2e-05,8,128
student_t5-small_fs100_supp123_seed0_tau2.0_a0.7,student,t5-small,,0.6877631578947369,0.687318419329034,60771332,12.598578200413613,231.82423400878906,0.7459683173968888,0,123,100,2.0,0.7,5,2e-05,8,128
student_t5-small_fs100_supp123_seed9_tau3.0_a0.3,student,t5-small,,0.6872368421052631,0.6631332900691727,60771332,11.692365533963311,231.82423400878906,0.745397459683174,9,123,100,3.0,0.3,5,2e-05,8,128
student_t5-small_fs100_supp123_seed9_tau1.0_a0.1,student,t5-small,,0.685921052631579,0.6557400602014727,60771332,13.259243666834664,231.82423400878906,0.7439703153988869,9,123,100,1.0,0.1,5,2e-05,8,128
student_t5-small_fs100_supp123_seed9_tau2.0_a0.3,student,t5-small,,0.685921052631579,0.6611948241376154,60771332,14.282722733332776,231.82423400878906,0.7439703153988869,9,123,100,2.0,0.3,5,2e-05,8,128
student_t5-small_fs100_supp123_seed0_tau1.5_a0.3,student,t5-small,,0.6857894736842105,0.6852523634312919,60771332,13.987892266838267,231.82423400878906,0.7438276009704581,0,123,100,1.5,0.3,5,2e-05,8,128
student_t5-small_fs100_supp123_seed0_tau3.0_a0.5,student,t5-small,,0.6857894736842105,0.6854242141470805,60771332,11.45459040029285,231.82423400878906,0.7438276009704581,0,123,100,3.0,0.5,5,2e-05,8,128
student_t5-small_fs100_supp123_seed0_tau0.5_a0.7,student,t5-small,,0.6851315789473684,0.6861567723287719,60771332,12.121203199785668,231.82423400878906,0.7431140288283146,0,123,100,0.5,0.7,5,2e-05,8,128
student_t5-small_fs100_supp123_seed0_tau2.5_a0.1,student,t5-small,,0.6851315789473684,0.684034322844666,60771332,13.121776999832946,231.82423400878906,0.7431140288283146,0,123,100,2.5,0.1,5,2e-05,8,128
student_t5-small_fs100_supp123_seed0_tau1.5_a0.5,student,t5-small,,0.685,0.6843768820038169,60771332,11.612923133119088,231.82423400878906,0.742971314399886,0,123,100,1.5,0.5,5,2e-05,8,128
student_t5-small_fs100_supp123_seed9_tau2.5_a0.3,student,t5-small,,0.6844736842105263,0.6601478630863659,60771332,11.359637599768272,231.82423400878906,0.742400456686171,9,123,100,2.5,0.3,5,2e-05,8,128
student_t5-small_fs100_supp123_seed0_tau0.1_a0.5,student,t5-small,,0.6836842105263158,0.6850537357739421,60771332,14.511503533140058,231.82423400878906,0.7415441701155987,0,123,100,0.1,0.5,5,2e-05,8,128
student_t5-small_fs100_supp123_seed6_tau0.1_a0.9,student,t5-small,,0.6830263157894737,0.6833705061489339,60771332,15.02857779948196,231.82423400878906,0.7408305979734552,6,123,100,0.1,0.9,5,2e-05,8,128
student_t5-small_fs100_supp123_seed0_tau1.0_a0.1,student,t5-small,,0.6828947368421052,0.6825816054498461,60771332,17.67726320006962,231.82423400878906,0.7406878835450263,0,123,100,1.0,0.1,5,2e-05,8,128
student_t5-small_fs100_supp123_seed0_tau0.5_a0.5,student,t5-small,,0.6827631578947368,0.6838580459146333,60771332,16.510631533067983,231.82423400878906,0.7405451691165977,0,123,100,0.5,0.5,5,2e-05,8,128
student_t5-small_fs100_supp123_seed0_tau3.0_a0.3,student,t5-small,,0.6825,0.6812599200536471,60771332,11.74329839971809,231.82423400878906,0.7402597402597403,0,123,100,3.0,0.3,5,2e-05,8,128
student_t5-small_fs100_supp123_seed0_tau2.0_a0.5,student,t5-small,,0.6823684210526316,0.6817482426346129,60771332,11.482166467127778,231.82423400878906,0.7401170258313117,0,123,100,2.0,0.5,5,2e-05,8,128
student_t5-small_fs100_supp123_seed9_tau1.5_a0.3,student,t5-small,,0.6823684210526316,0.6575074054421138,60771332,13.836056867633792,231.82423400878906,0.7401170258313117,9,123,100,1.5,0.3,5,2e-05,8,128
student_t5-small_fs100_supp123_seed0_tau1.0_a0.5,student,t5-small,,0.6813157894736842,0.6817332425264726,60771332,11.910698066397648,231.82423400878906,0.7389753104038819,0,123,100,1.0,0.5,5,2e-05,8,128
student_t5-small_fs100_supp123_seed0_tau3.0_a0.1,student,t5-small,,0.6811842105263158,0.6794346731232961,60771332,11.663836400475702,231.82423400878906,0.7388325959754531,0,123,100,3.0,0.1,5,2e-05,8,128
student_t5-small_fs100_supp123_seed0_tau0.1_a0.1,student,t5-small,,0.6806578947368421,0.6816038258254199,60771332,11.441086133466646,231.82423400878906,0.7382617382617384,0,123,100,0.1,0.1,5,2e-05,8,128
student_t5-small_fs100_supp123_seed0_tau2.5_a0.5,student,t5-small,,0.6805263157894736,0.6799722609799815,60771332,12.830772533440419,231.82423400878906,0.7381190238333095,0,123,100,2.5,0.5,5,2e-05,8,128
student_t5-small_fs100_supp123_seed0_tau2.0_a0.9,student,t5-small,,0.6803947368421053,0.6802610095006006,60771332,14.48469933384331,231.82423400878906,0.7379763094048809,0,123,100,2.0,0.9,5,2e-05,8,128
student_t5-small_fs100_supp123_seed9_tau1.5_a0.1,student,t5-small,,0.6793421052631579,0.6445315138244817,60771332,15.300035067290688,231.82423400878906,0.7368345939774511,9,123,100,1.5,0.1,5,2e-05,8,128
student_t5-small_fs100_supp123_seed0_tau0.5_a0.3,student,t5-small,,0.679078947368421,0.6798796643944706,60771332,12.230496066573929,231.82423400878906,0.7365491651205937,0,123,100,0.5,0.3,5,2e-05,8,128
student_t5-small_fs100_supp123_seed0_tau1.5_a0.9,student,t5-small,,0.6785526315789474,0.6785839827449253,60771332,16.17261540062221,231.82423400878906,0.7359783074068789,0,123,100,1.5,0.9,5,2e-05,8,128
student_t5-small_fs100_supp123_seed0_tau2.0_a0.3,student,t5-small,,0.6782894736842106,0.6774088642459148,60771332,11.301536800116688,231.82423400878906,0.7356928785500214,0,123,100,2.0,0.3,5,2e-05,8,128
student_t5-small_fs100_supp123_seed0_tau3.0_a0.7,student,t5-small,,0.6778947368421052,0.6780713511997244,60771332,11.834533800962769,231.82423400878906,0.7352647352647352,0,123,100,3.0,0.7,5,2e-05,8,128
student_t5-small_fs100_supp123_seed0_tau1.0_a0.7,student,t5-small,,0.6777631578947368,0.6783289909603524,60771332,11.682636732439278,231.82423400878906,0.7351220208363066,0,123,100,1.0,0.7,5,2e-05,8,128
student_t5-small_fs100_supp123_seed0_tau1.0_a0.3,student,t5-small,,0.6775,0.6760596709846478,60771332,11.808763600129168,231.82423400878906,0.7348365919794492,0,123,100,1.0,0.3,5,2e-05,8,128
student_t5-small_fs100_supp123_seed0_tau0.1_a0.9,student,t5-small,,0.6767105263157894,0.6772668557353747,60771332,14.479322732950095,231.82423400878906,0.7339803054088768,0,123,100,0.1,0.9,5,2e-05,8,128
student_t5-small_fs100_supp123_seed0_tau2.5_a0.7,student,t5-small,,0.6760526315789473,0.6759398157934032,60771332,11.296732133390227,231.82423400878906,0.7332667332667333,0,123,100,2.5,0.7,5,2e-05,8,128
student_t5-small_fs100_supp123_seed0_tau2.5_a0.3,student,t5-small,,0.675921052631579,0.6748521916259538,60771332,11.376057733771935,231.82423400878906,0.7331240188383046,0,123,100,2.5,0.3,5,2e-05,8,128
student_t5-small_fs100_supp123_seed0_tau3.0_a0.9,student,t5-small,,0.6752631578947368,0.6755517052479133,60771332,15.812394866467608,231.82423400878906,0.732410446696161,0,123,100,3.0,0.9,5,2e-05,8,128
student_t5-small_fs100_supp123_seed9_tau2.0_a0.1,student,t5-small,,0.675,0.6410212774697278,60771332,15.25337573402794,231.82423400878906,0.7321250178393036,9,123,100,2.0,0.1,5,2e-05,8,128
student_t5-small_fs100_supp123_seed0_tau2.5_a0.9,student,t5-small,,0.674078947368421,0.6742100679121151,60771332,12.805959799879929,231.82423400878906,0.7311260168403025,0,123,100,2.5,0.9,5,2e-05,8,128
student_t5-small_fs100_supp123_seed9_tau3.0_a0.1,student,t5-small,,0.674078947368421,0.6402826959307615,60771332,12.536698665644508,231.82423400878906,0.7311260168403025,9,123,100,3.0,0.1,5,2e-05,8,128
student_t5-small_fs100_supp123_seed0_tau1.5_a0.7,student,t5-small,,0.6722368421052631,0.6722762607788795,60771332,15.39743613320752,231.82423400878906,0.7291280148423006,0,123,100,1.5,0.7,5,2e-05,8,128
student_t5-small_fs100_supp123_seed0_tau1.5_a0.1,student,t5-small,,0.6721052631578948,0.6704441259453922,60771332,12.72172773363612,231.82423400878906,0.7289853004138719,0,123,100,1.5,0.1,5,2e-05,8,128
student_t5-small_fs100_supp123_seed0_tau2.0_a0.1,student,t5-small,,0.6714473684210527,0.6699751560967276,60771332,13.81699786640335,231.82423400878906,0.7282717282717284,0,123,100,2.0,0.1,5,2e-05,8,128
student_t5-small_fs100_supp123_seed0_tau0.5_a0.9,student,t5-small,,0.6710526315789473,0.6712590540092311,60771332,12.604789466422517,231.82423400878906,0.7278435849864421,0,123,100,0.5,0.9,5,2e-05,8,128
student_t5-small_fs100_supp123_seed0_tau1.0_a0.9,student,t5-small,,0.6705263157894736,0.670589627937632,60771332,12.006636533381728,231.82423400878906,0.7272727272727273,0,123,100,1.0,0.9,5,2e-05,8,128
student_t5-small_fs100_supp123_seed9_tau2.5_a0.1,student,t5-small,,0.6701315789473684,0.636653639202886,60771332,13.133450532041024,231.82423400878906,0.7268445839874411,9,123,100,2.5,0.1,5,2e-05,8,128
student_t5-small_fs100_supp123_seed0_tau0.1_a0.7,student,t5-small,,0.6694736842105263,0.6703196752463157,60771332,12.113511933542517,231.82423400878906,0.7261310118452976,0,123,100,0.1,0.7,5,2e-05,8,128
student_t5-small_fs100_supp123_seed2_tau0.5_a0.1,student,t5-small,,0.6647368421052632,0.6647738935225351,60771332,16.391035733249737,231.82423400878906,0.7209932924218639,2,123,100,0.5,0.1,5,2e-05,8,128
student_t5-small_fs100_supp123_seed2_tau0.1_a0.1,student,t5-small,,0.6573684210526316,0.6633347280133347,60771332,12.560214667367594,231.82423400878906,0.7130012844298559,2,123,100,0.1,0.1,5,2e-05,8,128
student_t5-small_fs100_supp123_seed2_tau0.5_a0.3,student,t5-small,,0.654342105263158,0.6536816225933644,60771332,11.952737800311297,231.82423400878906,0.7097188525759955,2,123,100,0.5,0.3,5,2e-05,8,128
student_t5-small_fs100_supp123_seed2_tau0.5_a0.5,student,t5-small,,0.6490789473684211,0.6471577799796349,60771332,11.483073666749988,231.82423400878906,0.704010275438847,2,123,100,0.5,0.5,5,2e-05,8,128
student_t5-small_fs100_supp123_seed2_tau2.5_a0.5,student,t5-small,,0.6480263157894737,0.6433988156236641,60771332,15.940520533088906,231.82423400878906,0.7028685600114172,2,123,100,2.5,0.5,5,2e-05,8,128
student_t5-small_fs100_supp123_seed2_tau0.1_a0.3,student,t5-small,,0.6478947368421053,0.6507834301629355,60771332,15.642493866956405,231.82423400878906,0.7027258455829886,2,123,100,0.1,0.3,5,2e-05,8,128
student_t5-small_fs100_supp123_seed2_tau1.5_a0.1,student,t5-small,,0.6477631578947368,0.6437286942175982,60771332,10.806420266938707,231.82423400878906,0.7025831311545597,2,123,100,1.5,0.1,5,2e-05,8,128
student_t5-small_fs100_supp123_seed2_tau2.5_a0.3,student,t5-small,,0.6477631578947368,0.6437553680488405,60771332,15.355093133985065,231.82423400878906,0.7025831311545597,2,123,100,2.5,0.3,5,2e-05,8,128
student_t5-small_fs100_supp123_seed2_tau0.1_a0.5,student,t5-small,,0.6475,0.6470779079662694,60771332,11.922709599942513,231.82423400878906,0.7022977022977023,2,123,100,0.1,0.5,5,2e-05,8,128
student_t5-small_fs100_supp123_seed2_tau3.0_a0.5,student,t5-small,,0.6475,0.6431191303413452,60771332,14.108409133283809,231.82423400878906,0.7022977022977023,2,123,100,3.0,0.5,5,2e-05,8,128
student_t5-small_fs100_supp123_seed2_tau2.5_a0.1,student,t5-small,,0.6463157894736842,0.6422601389176001,60771332,12.588280667114304,231.82423400878906,0.7010132724418439,2,123,100,2.5,0.1,5,2e-05,8,128
student_t5-small_fs100_supp123_seed2_tau0.1_a0.7,student,t5-small,,0.6461842105263158,0.643520099865958,60771332,11.961253666474173,231.82423400878906,0.7008705580134152,2,123,100,0.1,0.7,5,2e-05,8,128
student_t5-small_fs100_supp123_seed2_tau2.0_a0.1,student,t5-small,,0.645921052631579,0.6424387877054657,60771332,15.332020599938309,231.82423400878906,0.7005851291565578,2,123,100,2.0,0.1,5,2e-05,8,128
student_t5-small_fs100_supp123_seed2_tau1.0_a0.1,student,t5-small,,0.6457894736842106,0.6427019294684542,60771332,14.251183266605949,231.82423400878906,0.7004424147281291,2,123,100,1.0,0.1,5,2e-05,8,128
student_t5-small_fs100_supp123_seed2_tau1.0_a0.3,student,t5-small,,0.6457894736842106,0.6440803074730008,60771332,12.690296466704845,231.82423400878906,0.7004424147281291,2,123,100,1.0,0.3,5,2e-05,8,128
student_t5-small_fs100_supp123_seed2_tau3.0_a0.3,student,t5-small,,0.6452631578947369,0.6411465654314622,60771332,11.843849400126297,231.82423400878906,0.6998715570144142,2,123,100,3.0,0.3,5,2e-05,8,128
student_t5-small_fs100_supp123_seed2_tau1.0_a0.5,student,t5-small,,0.645,0.6412383346172466,60771332,12.432443066791166,231.82423400878906,0.6995861281575568,2,123,100,1.0,0.5,5,2e-05,8,128
student_t5-small_fs100_supp123_seed2_tau3.0_a0.1,student,t5-small,,0.6448684210526315,0.6416202293562425,60771332,14.182346533683207,231.82423400878906,0.699443413729128,2,123,100,3.0,0.1,5,2e-05,8,128
student_t5-small_fs100_supp123_seed2_tau2.5_a0.7,student,t5-small,,0.6447368421052632,0.6400906409454984,60771332,14.192949866507357,231.82423400878906,0.6993006993006994,2,123,100,2.5,0.7,5,2e-05,8,128
student_t5-small_fs100_supp123_seed2_tau1.5_a0.7,student,t5-small,,0.6444736842105263,0.641115858248627,60771332,15.393292399918815,231.82423400878906,0.6990152704438419,2,123,100,1.5,0.7,5,2e-05,8,128
student_t5-small_fs100_supp123_seed2_tau1.5_a0.3,student,t5-small,,0.6443421052631579,0.6414265877023114,60771332,12.87159333320839,231.82423400878906,0.6988725560154132,2,123,100,1.5,0.3,5,2e-05,8,128
student_t5-small_fs100_supp123_seed2_tau2.0_a0.5,student,t5-small,,0.6439473684210526,0.6401925623863058,60771332,15.921057667098163,231.82423400878906,0.698444412730127,2,123,100,2.0,0.5,5,2e-05,8,128
student_t5-small_fs100_supp123_seed2_tau0.5_a0.7,student,t5-small,,0.6435526315789474,0.6401867014148058,60771332,16.788237800695544,231.82423400878906,0.698016269444841,2,123,100,0.5,0.7,5,2e-05,8,128
student_t5-small_fs100_supp123_seed2_tau2.0_a0.3,student,t5-small,,0.6431578947368422,0.6397396096930641,60771332,12.662873066437896,231.82423400878906,0.6975881261595548,2,123,100,2.0,0.3,5,2e-05,8,128
student_t5-small_fs100_supp123_seed2_tau1.5_a0.5,student,t5-small,,0.6430263157894737,0.6398733294456505,60771332,11.498117466059435,231.82423400878906,0.6974454117311261,2,123,100,1.5,0.5,5,2e-05,8,128
student_t5-small_fs100_supp123_seed2_tau3.0_a0.7,student,t5-small,,0.6428947368421053,0.6373161451622644,60771332,11.8952837328834,231.82423400878906,0.6973026973026973,2,123,100,3.0,0.7,5,2e-05,8,128
student_t5-small_fs100_supp123_seed2_tau2.0_a0.7,student,t5-small,,0.6425,0.6393917231438431,60771332,12.929453666341336,231.82423400878906,0.6968745540174112,2,123,100,2.0,0.7,5,2e-05,8,128
student_t5-small_fs100_supp123_seed2_tau0.1_a0.9,student,t5-small,,0.6419736842105264,0.6358762419129974,60771332,13.69986406668128,231.82423400878906,0.6963036963036964,2,123,100,0.1,0.9,5,2e-05,8,128
student_t5-small_fs100_supp123_seed2_tau1.0_a0.9,student,t5-small,,0.6418421052631579,0.6367311812534794,60771332,17.21711846597221,231.82423400878906,0.6961609818752676,2,123,100,1.0,0.9,5,2e-05,8,128
student_t5-small_fs100_supp123_seed2_tau2.0_a0.9,student,t5-small,,0.6405263157894737,0.6345723046445022,60771332,12.089197000265509,231.82423400878906,0.6947338375909805,2,123,100,2.0,0.9,5,2e-05,8,128
student_t5-small_fs100_supp123_seed2_tau3.0_a0.9,student,t5-small,,0.6403947368421052,0.6342499075531877,60771332,14.477749733487144,231.82423400878906,0.6945911231625518,2,123,100,3.0,0.9,5,2e-05,8,128
student_t5-small_fs100_supp123_seed2_tau0.5_a0.9,student,t5-small,,0.6402631578947369,0.6366104447536263,60771332,12.273444466942843,231.82423400878906,0.6944484087341231,2,123,100,0.5,0.9,5,2e-05,8,128
student_t5-small_fs100_supp123_seed2_tau1.5_a0.9,student,t5-small,,0.64,0.6344249987605751,60771332,11.014479800117746,231.82423400878906,0.6941629798772656,2,123,100,1.5,0.9,5,2e-05,8,128
student_t5-small_fs100_supp123_seed2_tau1.0_a0.7,student,t5-small,,0.6364473684210527,0.6321697836726997,60771332,11.605513933075903,231.82423400878906,0.6903096903096904,2,123,100,1.0,0.7,5,2e-05,8,128
student_t5-small_fs100_supp123_seed2_tau2.5_a0.9,student,t5-small,,0.6357894736842106,0.6308902383984099,60771332,12.936545266711619,231.82423400878906,0.6895961181675468,2,123,100,2.5,0.9,5,2e-05,8,128
student_t5-small_fs10_supp123_seed1_tau0.1_a0.5,student,t5-small,,0.38013157894736843,0.3265461831956786,60771332,13.654868533315797,231.82423400878906,0.4123019837305552,1,123,10,0.1,0.5,5,2e-05,8,128
student_t5-small_fs10_supp123_seed1_tau2.0_a0.5,student,t5-small,,0.38,0.3269424371179009,60771332,15.542066933388318,231.82423400878906,0.4121592693021265,1,123,10,2.0,0.5,5,2e-05,8,128
student_t5-small_fs10_supp123_seed1_tau3.0_a0.5,student,t5-small,,0.3798684210526316,0.32675914369398484,60771332,15.704453799965753,231.82423400878906,0.41201655487369776,1,123,10,3.0,0.5,5,2e-05,8,128
student_t5-small_fs10_supp123_seed1_tau1.0_a0.5,student,t5-small,,0.37973684210526315,0.32652881805720996,60771332,14.841806066397112,231.82423400878906,0.41187384044526903,1,123,10,1.0,0.5,5,2e-05,8,128
student_t5-small_fs10_supp123_seed1_tau1.5_a0.5,student,t5-small,,0.3796052631578947,0.3264195131407217,60771332,12.484425533451335,231.82423400878906,0.4117311260168403,1,123,10,1.5,0.5,5,2e-05,8,128
student_t5-small_fs10_supp123_seed1_tau0.5_a0.5,student,t5-small,,0.37934210526315787,0.3254633236119493,60771332,15.030181266411091,231.82423400878906,0.41144569715998286,1,123,10,0.5,0.5,5,2e-05,8,128
student_t5-small_fs10_supp123_seed1_tau2.5_a0.5,student,t5-small,,0.37934210526315787,0.3262564677907784,60771332,14.691198533425146,231.82423400878906,0.41144569715998286,1,123,10,2.5,0.5,5,2e-05,8,128
student_t5-small_fs10_supp123_seed1_tau0.5_a0.3,student,t5-small,,0.37842105263157894,0.330195378178971,60771332,13.251308133355147,231.82423400878906,0.4104466961609819,1,123,10,0.5,0.3,5,2e-05,8,128
student_t5-small_fs10_supp123_seed1_tau0.5_a0.7,student,t5-small,,0.3782894736842105,0.32219302217134005,60771332,15.74870953312105,231.82423400878906,0.41030398173255317,1,123,10,0.5,0.7,5,2e-05,8,128
student_t5-small_fs10_supp123_seed1_tau1.0_a0.7,student,t5-small,,0.3781578947368421,0.32236529594665936,60771332,13.781755933693299,231.82423400878906,0.41016126730412444,1,123,10,1.0,0.7,5,2e-05,8,128
student_t5-small_fs10_supp123_seed1_tau1.5_a0.7,student,t5-small,,0.3780263157894737,0.3224205050935691,60771332,15.514416800093992,231.82423400878906,0.4100185528756958,1,123,10,1.5,0.7,5,2e-05,8,128
student_t5-small_fs10_supp123_seed1_tau2.0_a0.1,student,t5-small,,0.3780263157894737,0.34965129149531815,60771332,14.142397933634735,231.82423400878906,0.4100185528756958,1,123,10,2.0,0.1,5,2e-05,8,128
student_t5-small_fs10_supp123_seed1_tau2.5_a0.1,student,t5-small,,0.3778947368421053,0.3498030971369327,60771332,17.475787533233717,231.82423400878906,0.40987583844726705,1,123,10,2.5,0.1,5,2e-05,8,128
student_t5-small_fs10_supp123_seed1_tau1.0_a0.1,student,t5-small,,0.37776315789473686,0.3475678962945597,60771332,16.101319066607783,231.82423400878906,0.4097331240188383,1,123,10,1.0,0.1,5,2e-05,8,128
student_t5-small_fs10_supp123_seed1_tau1.5_a0.1,student,t5-small,,0.37763157894736843,0.348887870169532,60771332,13.34351906637797,231.82423400878906,0.4095904095904096,1,123,10,1.5,0.1,5,2e-05,8,128
student_t5-small_fs10_supp123_seed1_tau2.0_a0.7,student,t5-small,,0.37763157894736843,0.32209372355324195,60771332,17.051310866615193,231.82423400878906,0.4095904095904096,1,123,10,2.0,0.7,5,2e-05,8,128
student_t5-small_fs10_supp123_seed1_tau2.5_a0.7,student,t5-small,,0.37763157894736843,0.32209372355324195,60771332,17.39975220019308,231.82423400878906,0.4095904095904096,1,123,10,2.5,0.7,5,2e-05,8,128
student_t5-small_fs10_supp123_seed1_tau3.0_a0.1,student,t5-small,,0.37763157894736843,0.3498329400904256,60771332,14.358426999994359,231.82423400878906,0.4095904095904096,1,123,10,3.0,0.1,5,2e-05,8,128
student_t5-small_fs10_supp123_seed1_tau3.0_a0.7,student,t5-small,,0.37763157894736843,0.32209372355324195,60771332,14.920476733216978,231.82423400878906,0.4095904095904096,1,123,10,3.0,0.7,5,2e-05,8,128
student_t5-small_fs10_supp123_seed1_tau1.0_a0.3,student,t5-small,,0.3771052631578947,0.3304477160699049,60771332,16.345065933395137,231.82423400878906,0.40901955187669475,1,123,10,1.0,0.3,5,2e-05,8,128
student_t5-small_fs10_supp123_seed1_tau2.0_a0.3,student,t5-small,,0.3769736842105263,0.33127849869495907,60771332,13.897820466687941,231.82423400878906,0.40887683744826603,1,123,10,2.0,0.3,5,2e-05,8,128
student_t5-small_fs10_supp123_seed1_tau2.5_a0.3,student,t5-small,,0.37684210526315787,0.33137064563497043,60771332,12.852556733196252,231.82423400878906,0.4087341230198373,1,123,10,2.5,0.3,5,2e-05,8,128
student_t5-small_fs10_supp123_seed1_tau1.5_a0.3,student,t5-small,,0.3767105263157895,0.3306896504205249,60771332,15.849019400169103,231.82423400878906,0.40859140859140863,1,123,10,1.5,0.3,5,2e-05,8,128
student_t5-small_fs10_supp123_seed1_tau3.0_a0.3,student,t5-small,,0.37657894736842107,0.33135726428328227,60771332,15.817747533583315,231.82423400878906,0.4084486941629799,1,123,10,3.0,0.3,5,2e-05,8,128
student_t5-small_fs10_supp123_seed1_tau0.1_a0.7,student,t5-small,,0.3763157894736842,0.3208739692560703,60771332,15.437967799880425,231.82423400878906,0.40816326530612246,1,123,10,0.1,0.7,5,2e-05,8,128
student_t5-small_fs10_supp123_seed1_tau0.1_a0.3,student,t5-small,,0.37526315789473685,0.3276783263420649,60771332,16.404748199905345,231.82423400878906,0.40702154987869277,1,123,10,0.1,0.3,5,2e-05,8,128
student_t5-small_fs10_supp123_seed1_tau0.5_a0.1,student,t5-small,,0.3751315789473684,0.34101921895650655,60771332,12.302259866555687,231.82423400878906,0.40687883545026404,1,123,10,0.5,0.1,5,2e-05,8,128
student_t5-small_fs10_supp123_seed1_tau1.0_a0.9,student,t5-small,,0.3718421052631579,0.3149297545056191,60771332,17.852041133179835,231.82423400878906,0.4033109747395462,1,123,10,1.0,0.9,5,2e-05,8,128
student_t5-small_fs10_supp123_seed1_tau1.5_a0.9,student,t5-small,,0.3718421052631579,0.31492230402915555,60771332,17.537971666630863,231.82423400878906,0.4033109747395462,1,123,10,1.5,0.9,5,2e-05,8,128
student_t5-small_fs10_supp123_seed1_tau2.0_a0.9,student,t5-small,,0.3718421052631579,0.3149473429408549,60771332,13.365761600289261,231.82423400878906,0.4033109747395462,1,123,10,2.0,0.9,5,2e-05,8,128
student_t5-small_fs10_supp123_seed1_tau2.5_a0.9,student,t5-small,,0.3718421052631579,0.31496717340198255,60771332,15.373420133255422,231.82423400878906,0.4033109747395462,1,123,10,2.5,0.9,5,2e-05,8,128
student_t5-small_fs10_supp123_seed1_tau3.0_a0.9,student,t5-small,,0.3717105263157895,0.31487428398681133,60771332,16.258173600120546,231.82423400878906,0.40316826031111747,1,123,10,3.0,0.9,5,2e-05,8,128
student_t5-small_fs10_supp123_seed1_tau0.5_a0.9,student,t5-small,,0.37144736842105264,0.3143115928286924,60771332,14.837575400088099,231.82423400878906,0.40288283145426007,1,123,10,0.5,0.9,5,2e-05,8,128
student_t5-small_fs10_supp123_seed1_tau0.1_a0.9,student,t5-small,,0.36986842105263157,0.3127382836835244,60771332,11.769226733304095,231.82423400878906,0.4011702583131155,1,123,10,0.1,0.9,5,2e-05,8,128
student_t5-small_fs10_supp123_seed1_tau0.1_a0.1,student,t5-small,,0.36907894736842106,0.3338768519866684,60771332,15.048238999709914,231.82423400878906,0.4003139717425432,1,123,10,0.1,0.1,5,2e-05,8,128
student_t5-small_fs10_supp123_seed4_tau0.1_a0.3,student,t5-small,,0.32052631578947366,0.2530104017118366,60771332,14.475034133314088,231.82423400878906,0.34765234765234765,4,123,10,0.1,0.3,5,2e-05,8,128
student_t5-small_fs10_supp123_seed4_tau0.1_a0.5,student,t5-small,,0.3121052631578947,0.23384593259700384,60771332,13.355640266672708,231.82423400878906,0.33851862423290996,4,123,10,0.1,0.5,5,2e-05,8,128
student_t5-small_fs10_supp123_seed4_tau0.1_a0.1,student,t5-small,,0.3103947368421053,0.26482103730077583,60771332,16.01138826670952,231.82423400878906,0.3366633366633367,4,123,10,0.1,0.1,5,2e-05,8,128
student_t5-small_fs10_supp123_seed4_tau0.1_a0.7,student,t5-small,,0.3030263157894737,0.2195398038776012,60771332,12.870424999982788,231.82423400878906,0.3286713286713287,4,123,10,0.1,0.7,5,2e-05,8,128
student_t5-small_fs10_supp123_seed4_tau0.1_a0.9,student,t5-small,,0.295,0.2065313057102909,60771332,12.193414799973349,231.82423400878906,0.31996574853717713,4,123,10,0.1,0.9,5,2e-05,8,128
student_t5-small_fs10_supp123_seed4_tau1.0_a0.9,student,t5-small,,0.29118421052631577,0.20185489849195254,60771332,12.02622073336291,231.82423400878906,0.3158270301127444,4,123,10,1.0,0.9,5,2e-05,8,128
student_t5-small_fs10_supp123_seed4_tau0.5_a0.9,student,t5-small,,0.2910526315789474,0.20180041840850638,60771332,18.03482193330031,231.82423400878906,0.3156843156843157,4,123,10,0.5,0.9,5,2e-05,8,128
student_t5-small_fs10_supp123_seed4_tau2.0_a0.9,student,t5-small,,0.2910526315789474,0.2017369119041506,60771332,13.08462246667356,231.82423400878906,0.3156843156843157,4,123,10,2.0,0.9,5,2e-05,8,128
student_t5-small_fs10_supp123_seed4_tau1.5_a0.9,student,t5-small,,0.2901315789473684,0.20083010225381445,60771332,11.219140533376049,231.82423400878906,0.3146853146853147,4,123,10,1.5,0.9,5,2e-05,8,128
student_t5-small_fs10_supp123_seed4_tau2.5_a0.9,student,t5-small,,0.29,0.2006890885020413,60771332,15.621124133303965,231.82423400878906,0.31454260025688596,4,123,10,2.5,0.9,5,2e-05,8,128
student_t5-small_fs10_supp123_seed4_tau3.0_a0.9,student,t5-small,,0.29,0.2006890885020413,60771332,13.275799066680824,231.82423400878906,0.31454260025688596,4,123,10,3.0,0.9,5,2e-05,8,128
student_t5-small_fs10_supp123_seed4_tau0.5_a0.7,student,t5-small,,0.2897368421052632,0.2029796394235871,60771332,11.764395200073826,231.82423400878906,0.31425717140002857,4,123,10,0.5,0.7,5,2e-05,8,128
student_t5-small_fs10_supp123_seed4_tau1.0_a0.7,student,t5-small,,0.28828947368421054,0.20095476348167202,60771332,11.529320800036658,231.82423400878906,0.3126873126873127,4,123,10,1.0,0.7,5,2e-05,8,128
student_t5-small_fs10_supp123_seed4_tau1.5_a0.7,student,t5-small,,0.28789473684210526,0.20050609555195442,60771332,14.806567533317624,231.82423400878906,0.3122591694020265,4,123,10,1.5,0.7,5,2e-05,8,128
student_t5-small_fs10_supp123_seed4_tau0.5_a0.5,student,t5-small,,0.28776315789473683,0.20553337785077905,60771332,16.69600933334247,231.82423400878906,0.31211645497359786,4,123,10,0.5,0.5,5,2e-05,8,128
student_t5-small_fs10_supp123_seed4_tau2.5_a0.7,student,t5-small,,0.2873684210526316,0.19978433890546687,60771332,14.463295133343005,231.82423400878906,0.31168831168831174,4,123,10,2.5,0.7,5,2e-05,8,128
student_t5-small_fs10_supp123_seed4_tau3.0_a0.7,student,t5-small,,0.2873684210526316,0.19979664983224887,60771332,17.91660853344486,231.82423400878906,0.31168831168831174,4,123,10,3.0,0.7,5,2e-05,8,128
student_t5-small_fs10_supp123_seed4_tau2.0_a0.7,student,t5-small,,0.28710526315789475,0.19949044041363573,60771332,15.0967322667384,231.82423400878906,0.3114028828314543,4,123,10,2.0,0.7,5,2e-05,8,128
student_t5-small_fs10_supp123_seed4_tau1.0_a0.5,student,t5-small,,0.2851315789473684,0.20115955830228607,60771332,14.354399199964973,231.82423400878906,0.3092621664050235,4,123,10,1.0,0.5,5,2e-05,8,128
student_t5-small_fs10_supp123_seed4_tau1.5_a0.5,student,t5-small,,0.28421052631578947,0.19955522010711385,60771332,13.84784513335641,231.82423400878906,0.30826316540602255,4,123,10,1.5,0.5,5,2e-05,8,128
student_t5-small_fs10_supp123_seed4_tau2.0_a0.5,student,t5-small,,0.28342105263157896,0.1983876830240024,60771332,18.277922266679525,231.82423400878906,0.3074068788354503,4,123,10,2.0,0.5,5,2e-05,8,128
student_t5-small_fs10_supp123_seed4_tau2.5_a0.5,student,t5-small,,0.28342105263157896,0.1983413703070252,60771332,13.905048199982653,231.82423400878906,0.3074068788354503,4,123,10,2.5,0.5,5,2e-05,8,128
student_t5-small_fs10_supp123_seed4_tau3.0_a0.5,student,t5-small,,0.2831578947368421,0.19799065555688436,60771332,11.769504533397898,231.82423400878906,0.30712144997859286,4,123,10,3.0,0.5,5,2e-05,8,128
student_t5-small_fs10_supp123_seed6_tau0.5_a0.3,student,t5-small,,0.2827631578947368,0.24036256697553854,60771332,18.101788466750197,231.82423400878906,0.3066933066933067,6,123,10,0.5,0.3,5,2e-05,8,128
student_t5-small_fs10_supp123_seed6_tau2.5_a0.3,student,t5-small,,0.2827631578947368,0.2421876136264307,60771332,14.005951733330827,231.82423400878906,0.3066933066933067,6,123,10,2.5,0.3,5,2e-05,8,128
student_t5-small_fs10_supp123_seed6_tau3.0_a0.3,student,t5-small,,0.2822368421052632,0.2417798486626166,60771332,11.595452066649159,231.82423400878906,0.30612244897959184,6,123,10,3.0,0.3,5,2e-05,8,128
student_t5-small_fs10_supp123_seed6_tau1.0_a0.3,student,t5-small,,0.28210526315789475,0.24097400134095132,60771332,13.013233333246413,231.82423400878906,0.3059797345511632,6,123,10,1.0,0.3,5,2e-05,8,128
student_t5-small_fs10_supp123_seed6_tau1.5_a0.1,student,t5-small,,0.28210526315789475,0.24509131528749617,60771332,11.066874200029511,231.82423400878906,0.3059797345511632,6,123,10,1.5,0.1,5,2e-05,8,128
student_t5-small_fs10_supp123_seed6_tau2.0_a0.3,student,t5-small,,0.2818421052631579,0.24106396282446746,60771332,12.5416985333383,231.82423400878906,0.3056943056943057,6,123,10,2.0,0.3,5,2e-05,8,128
student_t5-small_fs10_supp123_seed6_tau1.5_a0.3,student,t5-small,,0.2814473684210526,0.2405267185642857,60771332,15.054412333362658,231.82423400878906,0.30526616240901955,6,123,10,1.5,0.3,5,2e-05,8,128
student_t5-small_fs10_supp123_seed6_tau2.5_a0.1,student,t5-small,,0.2814473684210526,0.24578169480425785,60771332,11.755803733528106,231.82423400878906,0.30526616240901955,6,123,10,2.5,0.1,5,2e-05,8,128
student_t5-small_fs10_supp123_seed6_tau2.0_a0.1,student,t5-small,,0.2813157894736842,0.24512951777002873,60771332,11.448349133206648,231.82423400878906,0.3051234479805908,6,123,10,2.0,0.1,5,2e-05,8,128
student_t5-small_fs10_supp123_seed8_tau0.1_a0.3,student,t5-small,,0.2810526315789474,0.18455523945328825,60771332,13.634441533213248,231.82423400878906,0.30483801912373343,8,123,10,0.1,0.3,5,2e-05,8,128
student_t5-small_fs10_supp123_seed6_tau0.1_a0.3,student,t5-small,,0.28078947368421053,0.23024790386245006,60771332,14.841756200015274,231.82423400878906,0.304552590266876,6,123,10,0.1,0.3,5,2e-05,8,128
student_t5-small_fs10_supp123_seed6_tau0.5_a0.1,student,t5-small,,0.28078947368421053,0.23980026949166097,60771332,11.551943000085885,231.82423400878906,0.304552590266876,6,123,10,0.5,0.1,5,2e-05,8,128
student_t5-small_fs10_supp123_seed6_tau1.0_a0.1,student,t5-small,,0.28078947368421053,0.2418199261110151,60771332,16.194228466702043,231.82423400878906,0.304552590266876,6,123,10,1.0,0.1,5,2e-05,8,128
student_t5-small_fs10_supp123_seed6_tau3.0_a0.1,student,t5-small,,0.2806578947368421,0.2454197610831622,60771332,14.293588866530627,231.82423400878906,0.3044098758384473,6,123,10,3.0,0.1,5,2e-05,8,128
student_t5-small_fs10_supp123_seed4_tau0.5_a0.3,student,t5-small,,0.2802631578947368,0.20535623152522792,60771332,12.583723066624467,231.82423400878906,0.30398173255316113,4,123,10,0.5,0.3,5,2e-05,8,128
student_t5-small_fs10_supp123_seed6_tau0.1_a0.1,student,t5-small,,0.27907894736842104,0.24238474174321117,60771332,13.499741733479217,231.82423400878906,0.3026973026973027,6,123,10,0.1,0.1,5,2e-05,8,128
student_t5-small_fs10_supp123_seed0_tau3.0_a0.3,student,t5-small,,0.2785526315789474,0.26380642763516127,60771332,14.878264666670779,231.82423400878906,0.30212644498358787,0,123,10,3.0,0.3,5,2e-05,8,128
student_t5-small_fs10_supp123_seed0_tau2.0_a0.3,student,t5-small,,0.2781578947368421,0.2643965431222005,60771332,15.887123533320846,231.82423400878906,0.3016983016983017,0,123,10,2.0,0.3,5,2e-05,8,128
student_t5-small_fs10_supp123_seed0_tau2.5_a0.3,student,t5-small,,0.27789473684210525,0.2634925262674574,60771332,12.175203999868245,231.82423400878906,0.30141287284144425,0,123,10,2.5,0.3,5,2e-05,8,128
student_t5-small_fs10_supp123_seed0_tau3.0_a0.5,student,t5-small,,0.2777631578947368,0.2519498643712823,60771332,15.487793800033009,231.82423400878906,0.3012701584130155,0,123,10,3.0,0.5,5,2e-05,8,128
student_t5-small_fs10_supp123_seed2_tau0.1_a0.3,student,t5-small,,0.2777631578947368,0.24846511540059335,60771332,13.801499733381206,231.82423400878906,0.3012701584130155,2,123,10,0.1,0.3,5,2e-05,8,128
student_t5-small_fs10_supp123_seed0_tau2.5_a0.5,student,t5-small,,0.2773684210526316,0.25190371124198263,60771332,12.144999466302883,231.82423400878906,0.30084201512772946,0,123,10,2.5,0.5,5,2e-05,8,128
student_t5-small_fs10_supp123_seed0_tau1.5_a0.3,student,t5-small,,0.27710526315789474,0.26432927398414263,60771332,13.589922066724588,231.82423400878906,0.300556586270872,0,123,10,1.5,0.3,5,2e-05,8,128
student_t5-small_fs10_supp123_seed0_tau2.0_a0.5,student,t5-small,,0.27710526315789474,0.2519197381540037,60771332,12.349990466585345,231.82423400878906,0.300556586270872,0,123,10,2.0,0.5,5,2e-05,8,128
student_t5-small_fs10_supp123_seed6_tau1.0_a0.5,student,t5-small,,0.27657894736842104,0.22358314328041523,60771332,12.002857533237451,231.82423400878906,0.2999857285571571,6,123,10,1.0,0.5,5,2e-05,8,128
student_t5-small_fs10_supp123_seed0_tau1.5_a0.5,student,t5-small,,0.27631578947368424,0.2517719437159408,60771332,14.878336333398087,231.82423400878906,0.29970029970029977,0,123,10,1.5,0.5,5,2e-05,8,128
student_t5-small_fs10_supp123_seed2_tau0.1_a0.5,student,t5-small,,0.2761842105263158,0.2462479642197779,60771332,19.725688399800372,231.82423400878906,0.29955758527187104,2,123,10,0.1,0.5,5,2e-05,8,128
student_t5-small_fs10_supp123_seed2_tau0.5_a0.7,student,t5-small,,0.2761842105263158,0.24386109454754584,60771332,11.647812199953478,231.82423400878906,0.29955758527187104,2,123,10,0.5,0.7,5,2e-05,8,128
student_t5-small_fs10_supp123_seed6_tau2.0_a0.5,student,t5-small,,0.2761842105263158,0.22315213035601789,60771332,17.565074933190772,231.82423400878906,0.29955758527187104,6,123,10,2.0,0.5,5,2e-05,8,128
student_t5-small_fs10_supp123_seed2_tau0.1_a0.7,student,t5-small,,0.2760526315789474,0.24491799186872742,60771332,13.673010999870408,231.82423400878906,0.2994148708434423,2,123,10,0.1,0.7,5,2e-05,8,128
student_t5-small_fs10_supp123_seed2_tau1.5_a0.7,student,t5-small,,0.2760526315789474,0.24286094933804966,60771332,11.845254400274522,231.82423400878906,0.2994148708434423,2,123,10,1.5,0.7,5,2e-05,8,128
student_t5-small_fs10_supp123_seed6_tau2.5_a0.5,student,t5-small,,0.2760526315789474,0.2231416055373729,60771332,14.73153426644179,231.82423400878906,0.2994148708434423,6,123,10,2.5,0.5,5,2e-05,8,128
student_t5-small_fs10_supp123_seed8_tau0.1_a0.1,student,t5-small,,0.2760526315789474,0.19866709736343513,60771332,16.205491733853705,231.82423400878906,0.2994148708434423,8,123,10,0.1,0.1,5,2e-05,8,128
student_t5-small_fs10_supp123_seed6_tau1.5_a0.5,student,t5-small,,0.27592105263157896,0.22295565725571037,60771332,12.651113800044792,231.82423400878906,0.2992721564150136,6,123,10,1.5,0.5,5,2e-05,8,128
student_t5-small_fs10_supp123_seed6_tau0.5_a0.5,student,t5-small,,0.27578947368421053,0.2218434836208606,60771332,17.44017099984679,231.82423400878906,0.29912944198658487,6,123,10,0.5,0.5,5,2e-05,8,128
student_t5-small_fs10_supp123_seed8_tau0.1_a0.5,student,t5-small,,0.27578947368421053,0.17193008518211506,60771332,12.109818199799824,231.82423400878906,0.29912944198658487,8,123,10,0.1,0.5,5,2e-05,8,128
student_t5-small_fs10_supp123_seed2_tau0.1_a0.9,student,t5-small,,0.2756578947368421,0.2437245476805472,60771332,11.148841399578183,231.82423400878906,0.29898672755815614,2,123,10,0.1,0.9,5,2e-05,8,128
student_t5-small_fs10_supp123_seed6_tau3.0_a0.5,student,t5-small,,0.2756578947368421,0.22255580653980306,60771332,13.195951733299202,231.82423400878906,0.29898672755815614,6,123,10,3.0,0.5,5,2e-05,8,128
student_t5-small_fs10_supp123_seed0_tau1.0_a0.3,student,t5-small,,0.2755263157894737,0.26421844826332225,60771332,15.134099999947162,231.82423400878906,0.2988440131297274,0,123,10,1.0,0.3,5,2e-05,8,128
student_t5-small_fs10_supp123_seed2_tau1.0_a0.7,student,t5-small,,0.2755263157894737,0.2427163709266316,60771332,13.432482399730361,231.82423400878906,0.2988440131297274,2,123,10,1.0,0.7,5,2e-05,8,128
student_t5-small_fs10_supp123_seed2_tau2.0_a0.7,student,t5-small,,0.2751315789473684,0.24201475287063176,60771332,12.625091533482191,231.82423400878906,0.29841586984444124,2,123,10,2.0,0.7,5,2e-05,8,128
student_t5-small_fs10_supp123_seed2_tau3.0_a0.7,student,t5-small,,0.2751315789473684,0.24182458379974686,60771332,15.573413533275016,231.82423400878906,0.29841586984444124,2,123,10,3.0,0.7,5,2e-05,8,128
student_t5-small_fs10_supp123_seed4_tau1.0_a0.3,student,t5-small,,0.2751315789473684,0.1971424087748595,60771332,12.204776066664635,231.82423400878906,0.29841586984444124,4,123,10,1.0,0.3,5,2e-05,8,128
student_t5-small_fs10_supp123_seed2_tau2.5_a0.7,student,t5-small,,0.275,0.24172059821627428,60771332,13.068385800579563,231.82423400878906,0.29827315541601257,2,123,10,2.5,0.7,5,2e-05,8,128
student_t5-small_fs10_supp123_seed2_tau2.5_a0.9,student,t5-small,,0.27473684210526317,0.24198141468090983,60771332,17.695093466318212,231.82423400878906,0.2979877265591552,2,123,10,2.5,0.9,5,2e-05,8,128
student_t5-small_fs10_supp123_seed2_tau3.0_a0.9,student,t5-small,,0.27473684210526317,0.24192623200503,60771332,11.513468333214405,231.82423400878906,0.2979877265591552,2,123,10,3.0,0.9,5,2e-05,8,128
student_t5-small_fs10_supp123_seed6_tau0.1_a0.5,student,t5-small,,0.27473684210526317,0.2081445485170712,60771332,16.339151399976497,231.82423400878906,0.2979877265591552,6,123,10,0.1,0.5,5,2e-05,8,128
student_t5-small_fs10_supp123_seed6_tau1.5_a0.7,student,t5-small,,0.27460526315789474,0.20596014613880329,60771332,11.573380533324476,231.82423400878906,0.29784501213072645,6,123,10,1.5,0.7,5,2e-05,8,128
student_t5-small_fs10_supp123_seed2_tau0.5_a0.9,student,t5-small,,0.2744736842105263,0.24200854628099744,60771332,13.957344933320806,231.82423400878906,0.2977022977022977,2,123,10,0.5,0.9,5,2e-05,8,128
student_t5-small_fs10_supp123_seed6_tau1.0_a0.7,student,t5-small,,0.2744736842105263,0.20557778877506275,60771332,14.503807600097693,231.82423400878906,0.2977022977022977,6,123,10,1.0,0.7,5,2e-05,8,128
student_t5-small_fs10_supp123_seed6_tau2.5_a0.7,student,t5-small,,0.2744736842105263,0.20552528707193557,60771332,12.07002800013773,231.82423400878906,0.2977022977022977,6,123,10,2.5,0.7,5,2e-05,8,128
student_t5-small_fs10_supp123_seed2_tau0.5_a0.5,student,t5-small,,0.2743421052631579,0.2429481948885194,60771332,10.847730066961958,231.82423400878906,0.297559583273869,2,123,10,0.5,0.5,5,2e-05,8,128
student_t5-small_fs10_supp123_seed2_tau1.5_a0.9,student,t5-small,,0.2743421052631579,0.24168569417784652,60771332,12.792859599600584,231.82423400878906,0.297559583273869,2,123,10,1.5,0.9,5,2e-05,8,128
student_t5-small_fs10_supp123_seed2_tau2.0_a0.9,student,t5-small,,0.2743421052631579,0.24169884442908693,60771332,12.513809133088216,231.82423400878906,0.297559583273869,2,123,10,2.0,0.9,5,2e-05,8,128
student_t5-small_fs10_supp123_seed4_tau1.5_a0.3,student,t5-small,,0.2743421052631579,0.19561115984518807,60771332,12.240754666587842,231.82423400878906,0.297559583273869,4,123,10,1.5,0.3,5,2e-05,8,128
student_t5-small_fs10_supp123_seed6_tau2.0_a0.7,student,t5-small,,0.2743421052631579,0.20539295459512205,60771332,12.418315666885368,231.82423400878906,0.297559583273869,6,123,10,2.0,0.7,5,2e-05,8,128
student_t5-small_fs10_supp123_seed6_tau3.0_a0.7,student,t5-small,,0.27421052631578946,0.20521756939097807,60771332,14.328951200150186,231.82423400878906,0.2974168688454403,6,123,10,3.0,0.7,5,2e-05,8,128
student_t5-small_fs10_supp123_seed2_tau1.0_a0.9,student,t5-small,,0.2739473684210526,0.24154369066018733,60771332,16.959967933265336,231.82423400878906,0.2971314399885828,2,123,10,1.0,0.9,5,2e-05,8,128
student_t5-small_fs10_supp123_seed6_tau0.5_a0.7,student,t5-small,,0.2739473684210526,0.20415651458348683,60771332,14.60230386674084,231.82423400878906,0.2971314399885828,6,123,10,0.5,0.7,5,2e-05,8,128
student_t5-small_fs10_supp123_seed4_tau2.0_a0.3,student,t5-small,,0.2736842105263158,0.19430690112763888,60771332,13.576927066696953,231.82423400878906,0.29684601113172543,4,123,10,2.0,0.3,5,2e-05,8,128
student_t5-small_fs10_supp123_seed2_tau1.0_a0.5,student,t5-small,,0.2735526315789474,0.2410604129839103,60771332,10.73030820019388,231.82423400878906,0.2967032967032967,2,123,10,1.0,0.5,5,2e-05,8,128
student_t5-small_fs10_supp123_seed4_tau2.5_a0.3,student,t5-small,,0.2735526315789474,0.19402768325173536,60771332,15.93831353332765,231.82423400878906,0.2967032967032967,4,123,10,2.5,0.3,5,2e-05,8,128
student_t5-small_fs10_supp123_seed2_tau1.5_a0.5,student,t5-small,,0.2727631578947368,0.2400679893829129,60771332,10.03745253328816,231.82423400878906,0.2958470101327244,2,123,10,1.5,0.5,5,2e-05,8,128
student_t5-small_fs10_supp123_seed4_tau3.0_a0.3,student,t5-small,,0.2727631578947368,0.19288983848543134,60771332,13.28019160000622,231.82423400878906,0.2958470101327244,4,123,10,3.0,0.3,5,2e-05,8,128
student_t5-small_fs10_supp123_seed0_tau1.0_a0.5,student,t5-small,,0.27263157894736845,0.2495718346915336,60771332,11.370485533431443,231.82423400878906,0.29570429570429574,0,123,10,1.0,0.5,5,2e-05,8,128
student_t5-small_fs10_supp123_seed6_tau0.1_a0.7,student,t5-small,,0.2725,0.19487345463690037,60771332,15.94410420020722,231.82423400878906,0.295561581275867,6,123,10,0.1,0.7,5,2e-05,8,128
student_t5-small_fs10_supp123_seed2_tau2.0_a0.5,student,t5-small,,0.27223684210526317,0.23951269161070385,60771332,12.926513266575057,231.82423400878906,0.29527615241900956,2,123,10,2.0,0.5,5,2e-05,8,128
student_t5-small_fs10_supp123_seed2_tau0.5_a0.3,student,t5-small,,0.2719736842105263,0.2415718836384203,60771332,11.366527933690426,231.82423400878906,0.29499072356215217,2,123,10,0.5,0.3,5,2e-05,8,128
student_t5-small_fs10_supp123_seed2_tau2.5_a0.5,student,t5-small,,0.27131578947368423,0.23864651376402063,60771332,15.904318866523681,231.82423400878906,0.2942771514200086,2,123,10,2.5,0.5,5,2e-05,8,128
student_t5-small_fs10_supp123_seed0_tau2.5_a0.1,student,t5-small,,0.2711842105263158,0.24600138976421426,60771332,14.800755799903223,231.82423400878906,0.2941344369915799,0,123,10,2.5,0.1,5,2e-05,8,128
student_t5-small_fs10_supp123_seed0_tau3.0_a0.1,student,t5-small,,0.2710526315789474,0.2454581885448065,60771332,12.842697400143757,231.82423400878906,0.29399172256315115,0,123,10,3.0,0.1,5,2e-05,8,128
student_t5-small_fs10_supp123_seed2_tau3.0_a0.5,student,t5-small,,0.27092105263157895,0.23822678949710577,60771332,13.672845466498984,231.82423400878906,0.2938490081347224,2,123,10,3.0,0.5,5,2e-05,8,128
student_t5-small_fs10_supp123_seed8_tau0.5_a0.3,student,t5-small,,0.27092105263157895,0.17506887827266304,60771332,13.20496780014461,231.82423400878906,0.2938490081347224,8,123,10,0.5,0.3,5,2e-05,8,128
student_t5-small_fs10_supp123_seed8_tau0.5_a0.5,student,t5-small,,0.2706578947368421,0.16629905205282725,60771332,15.029468133313154,231.82423400878906,0.29356357927786497,8,123,10,0.5,0.5,5,2e-05,8,128
student_t5-small_fs10_supp123_seed0_tau1.0_a0.7,student,t5-small,,0.27052631578947367,0.22823807529137857,60771332,16.343677866704336,231.82423400878906,0.29342086484943625,0,123,10,1.0,0.7,5,2e-05,8,128
student_t5-small_fs10_supp123_seed2_tau0.1_a0.1,student,t5-small,,0.27052631578947367,0.24370360206735053,60771332,14.60908540005524,231.82423400878906,0.29342086484943625,2,123,10,0.1,0.1,5,2e-05,8,128
student_t5-small_fs10_supp123_seed8_tau1.0_a0.7,student,t5-small,,0.27052631578947367,0.16041471481497807,60771332,14.160723800159758,231.82423400878906,0.29342086484943625,8,123,10,1.0,0.7,5,2e-05,8,128
student_t5-small_fs10_supp123_seed8_tau0.1_a0.7,student,t5-small,,0.2702631578947368,0.16183848407631463,60771332,13.074704000124862,231.82423400878906,0.29313543599257885,8,123,10,0.1,0.7,5,2e-05,8,128
student_t5-small_fs10_supp123_seed0_tau3.0_a0.7,student,t5-small,,0.27013157894736844,0.2263632094969997,60771332,12.106705400098386,231.82423400878906,0.2929927215641502,0,123,10,3.0,0.7,5,2e-05,8,128
student_t5-small_fs10_supp123_seed8_tau0.5_a0.7,student,t5-small,,0.27013157894736844,0.16141606234361736,60771332,14.749937266484872,231.82423400878906,0.2929927215641502,8,123,10,0.5,0.7,5,2e-05,8,128
student_t5-small_fs10_supp123_seed8_tau2.0_a0.7,student,t5-small,,0.27013157894736844,0.15930192033907728,60771332,14.953568933196948,231.82423400878906,0.2929927215641502,8,123,10,2.0,0.7,5,2e-05,8,128
student_t5-small_fs10_supp123_seed0_tau0.5_a0.5,student,t5-small,,0.27,0.2491372012747143,60771332,14.772279733248675,231.82423400878906,0.29285000713572146,0,123,10,0.5,0.5,5,2e-05,8,128
student_t5-small_fs10_supp123_seed8_tau1.0_a0.5,student,t5-small,,0.27,0.1629110498174809,60771332,12.855379000029643,231.82423400878906,0.29285000713572146,8,123,10,1.0,0.5,5,2e-05,8,128
student_t5-small_fs10_supp123_seed8_tau1.5_a0.7,student,t5-small,,0.27,0.15940870206426871,60771332,13.021899999997308,231.82423400878906,0.29285000713572146,8,123,10,1.5,0.7,5,2e-05,8,128
student_t5-small_fs10_supp123_seed0_tau0.5_a0.3,student,t5-small,,0.2698684210526316,0.26183294485144126,60771332,18.174049666534604,231.82423400878906,0.29270729270729273,0,123,10,0.5,0.3,5,2e-05,8,128
student_t5-small_fs10_supp123_seed0_tau2.5_a0.7,student,t5-small,,0.2698684210526316,0.22629136412821732,60771332,16.504024133610073,231.82423400878906,0.29270729270729273,0,123,10,2.5,0.7,5,2e-05,8,128
student_t5-small_fs10_supp123_seed6_tau0.5_a0.9,student,t5-small,,0.2698684210526316,0.18787135310382075,60771332,18.76340900004531,231.82423400878906,0.29270729270729273,6,123,10,0.5,0.9,5,2e-05,8,128
student_t5-small_fs10_supp123_seed6_tau1.0_a0.9,student,t5-small,,0.2698684210526316,0.1880687370020388,60771332,11.520554199887556,231.82423400878906,0.29270729270729273,6,123,10,1.0,0.9,5,2e-05,8,128
student_t5-small_fs10_supp123_seed6_tau1.5_a0.9,student,t5-small,,0.2698684210526316,0.1880625079051348,60771332,13.159942266671957,231.82423400878906,0.29270729270729273,6,123,10,1.5,0.9,5,2e-05,8,128
student_t5-small_fs10_supp123_seed6_tau2.0_a0.9,student,t5-small,,0.2698684210526316,0.1880687370020388,60771332,12.846500266762936,231.82423400878906,0.29270729270729273,6,123,10,2.0,0.9,5,2e-05,8,128
student_t5-small_fs10_supp123_seed6_tau2.5_a0.9,student,t5-small,,0.2698684210526316,0.18806937096868065,60771332,13.33868933343183,231.82423400878906,0.29270729270729273,6,123,10,2.5,0.9,5,2e-05,8,128
student_t5-small_fs10_supp123_seed6_tau3.0_a0.9,student,t5-small,,0.2698684210526316,0.18805773660090022,60771332,15.249272799943961,231.82423400878906,0.29270729270729273,6,123,10,3.0,0.9,5,2e-05,8,128
student_t5-small_fs10_supp123_seed0_tau0.5_a0.7,student,t5-small,,0.26973684210526316,0.22955579631063608,60771332,13.787073199879766,231.82423400878906,0.292564578278864,0,123,10,0.5,0.7,5,2e-05,8,128
student_t5-small_fs10_supp123_seed8_tau0.1_a0.9,student,t5-small,,0.26973684210526316,0.15838306771852823,60771332,13.846152599944617,231.82423400878906,0.292564578278864,8,123,10,0.1,0.9,5,2e-05,8,128
student_t5-small_fs10_supp123_seed8_tau2.5_a0.5,student,t5-small,,0.26973684210526316,0.16117598848567866,60771332,16.47724846661731,231.82423400878906,0.292564578278864,8,123,10,2.5,0.5,5,2e-05,8,128
student_t5-small_fs10_supp123_seed0_tau0.1_a0.5,student,t5-small,,0.26960526315789474,0.23339577038215198,60771332,20.24529560015556,231.82423400878906,0.2924218638504353,0,123,10,0.1,0.5,5,2e-05,8,128
student_t5-small_fs10_supp123_seed0_tau1.5_a0.7,student,t5-small,,0.26960526315789474,0.22648938092276183,60771332,16.086215933561714,231.82423400878906,0.2924218638504353,0,123,10,1.5,0.7,5,2e-05,8,128
student_t5-small_fs10_supp123_seed8_tau2.5_a0.7,student,t5-small,,0.26960526315789474,0.15867991586103378,60771332,16.983166266436456,231.82423400878906,0.2924218638504353,8,123,10,2.5,0.7,5,2e-05,8,128
student_t5-small_fs10_supp123_seed0_tau2.0_a0.7,student,t5-small,,0.2694736842105263,0.22607015408793435,60771332,13.587585733330343,231.82423400878906,0.29227914942200656,0,123,10,2.0,0.7,5,2e-05,8,128
student_t5-small_fs10_supp123_seed8_tau1.0_a0.9,student,t5-small,,0.2694736842105263,0.1575532314377447,60771332,11.638154333559214,231.82423400878906,0.29227914942200656,8,123,10,1.0,0.9,5,2e-05,8,128
student_t5-small_fs10_supp123_seed8_tau1.5_a0.5,student,t5-small,,0.2694736842105263,0.1617510471737775,60771332,13.530523599789982,231.82423400878906,0.29227914942200656,8,123,10,1.5,0.5,5,2e-05,8,128
student_t5-small_fs10_supp123_seed8_tau1.5_a0.9,student,t5-small,,0.2694736842105263,0.1574912917788565,60771332,13.420602599580889,231.82423400878906,0.29227914942200656,8,123,10,1.5,0.9,5,2e-05,8,128
student_t5-small_fs10_supp123_seed6_tau0.1_a0.9,student,t5-small,,0.2693421052631579,0.18619442844841255,60771332,13.414935533243503,231.82423400878906,0.29213643499357783,6,123,10,0.1,0.9,5,2e-05,8,128
student_t5-small_fs10_supp123_seed8_tau0.5_a0.9,student,t5-small,,0.2693421052631579,0.1578028603776489,60771332,11.237516533462136,231.82423400878906,0.29213643499357783,8,123,10,0.5,0.9,5,2e-05,8,128
student_t5-small_fs10_supp123_seed8_tau2.0_a0.5,student,t5-small,,0.2693421052631579,0.16123427490442888,60771332,12.793921866735522,231.82423400878906,0.29213643499357783,8,123,10,2.0,0.5,5,2e-05,8,128
student_t5-small_fs10_supp123_seed8_tau3.0_a0.7,student,t5-small,,0.2693421052631579,0.15825871863992996,60771332,13.715309466594286,231.82423400878906,0.29213643499357783,8,123,10,3.0,0.7,5,2e-05,8,128
student_t5-small_fs10_supp123_seed8_tau2.0_a0.9,student,t5-small,,0.26921052631578946,0.15715725983378798,60771332,13.871441666439447,231.82423400878906,0.2919937205651491,8,123,10,2.0,0.9,5,2e-05,8,128
student_t5-small_fs10_supp123_seed8_tau3.0_a0.5,student,t5-small,,0.26907894736842103,0.1600431048784758,60771332,14.760532466607401,231.82423400878906,0.2918510061367204,8,123,10,3.0,0.5,5,2e-05,8,128
student_t5-small_fs10_supp123_seed8_tau2.5_a0.9,student,t5-small,,0.26881578947368423,0.15663549245396285,60771332,15.538295533527466,231.82423400878906,0.29156557727986304,8,123,10,2.5,0.9,5,2e-05,8,128
student_t5-small_fs10_supp123_seed8_tau3.0_a0.9,student,t5-small,,0.26881578947368423,0.15665467403871508,60771332,12.797755533150243,231.82423400878906,0.29156557727986304,8,123,10,3.0,0.9,5,2e-05,8,128
student_t5-small_fs10_supp123_seed0_tau2.0_a0.1,student,t5-small,,0.2686842105263158,0.24422002173585827,60771332,14.648024533259255,231.82423400878906,0.2914228628514343,0,123,10,2.0,0.1,5,2e-05,8,128
student_t5-small_fs10_supp123_seed2_tau1.0_a0.3,student,t5-small,,0.26842105263157895,0.2374137436838024,60771332,12.256862133047738,231.82423400878906,0.29113743399457687,2,123,10,1.0,0.3,5,2e-05,8,128
student_t5-small_fs10_supp123_seed0_tau0.1_a0.3,student,t5-small,,0.2681578947368421,0.2524289210289664,60771332,17.85690320005718,231.82423400878906,0.2908520051377194,0,123,10,0.1,0.3,5,2e-05,8,128
student_t5-small_fs10_supp123_seed8_tau0.5_a0.1,student,t5-small,,0.26710526315789473,0.19292771850696558,60771332,12.556040599884,231.82423400878906,0.2897102897102897,8,123,10,0.5,0.1,5,2e-05,8,128
student_t5-small_fs10_supp123_seed8_tau1.5_a0.3,student,t5-small,,0.2669736842105263,0.16585803662452198,60771332,14.888289399580875,231.82423400878906,0.289567575281861,8,123,10,1.5,0.3,5,2e-05,8,128
student_t5-small_fs10_supp123_seed8_tau3.0_a0.3,student,t5-small,,0.2669736842105263,0.16393010936999383,60771332,11.979840599936628,231.82423400878906,0.289567575281861,8,123,10,3.0,0.3,5,2e-05,8,128
student_t5-small_fs10_supp123_seed0_tau0.1_a0.7,student,t5-small,,0.2668421052631579,0.21707860299006398,60771332,17.66653393339463,231.82423400878906,0.2894248608534323,0,123,10,0.1,0.7,5,2e-05,8,128
student_t5-small_fs10_supp123_seed0_tau1.5_a0.1,student,t5-small,,0.2668421052631579,0.24317142381236143,60771332,16.583075266801945,231.82423400878906,0.2894248608534323,0,123,10,1.5,0.1,5,2e-05,8,128
student_t5-small_fs10_supp123_seed8_tau2.0_a0.3,student,t5-small,,0.2668421052631579,0.1648125519166698,60771332,11.526048399900901,231.82423400878906,0.2894248608534323,8,123,10,2.0,0.3,5,2e-05,8,128
student_t5-small_fs10_supp123_seed8_tau2.5_a0.3,student,t5-small,,0.26671052631578945,0.1639439990651042,60771332,15.0909521329595,231.82423400878906,0.28928214642500355,8,123,10,2.5,0.3,5,2e-05,8,128
student_t5-small_fs10_supp123_seed0_tau2.0_a0.9,student,t5-small,,0.26644736842105265,0.2076880228779184,60771332,16.217289066844387,231.82423400878906,0.28899671756814616,0,123,10,2.0,0.9,5,2e-05,8,128
student_t5-small_fs10_supp123_seed0_tau2.5_a0.9,student,t5-small,,0.26644736842105265,0.20755765761448386,60771332,15.337518066735356,231.82423400878906,0.28899671756814616,0,123,10,2.5,0.9,5,2e-05,8,128
student_t5-small_fs10_supp123_seed0_tau1.5_a0.9,student,t5-small,,0.26631578947368423,0.2079126714037547,60771332,12.163639599990953,231.82423400878906,0.28885400313971743,0,123,10,1.5,0.9,5,2e-05,8,128
student_t5-small_fs10_supp123_seed0_tau3.0_a0.9,student,t5-small,,0.26631578947368423,0.2073694925452616,60771332,11.87489439980709,231.82423400878906,0.28885400313971743,0,123,10,3.0,0.9,5,2e-05,8,128
student_t5-small_fs10_supp123_seed8_tau1.0_a0.3,student,t5-small,,0.26631578947368423,0.1666844117156286,60771332,12.151263399937307,231.82423400878906,0.28885400313971743,8,123,10,1.0,0.3,5,2e-05,8,128
student_t5-small_fs10_supp123_seed0_tau1.0_a0.9,student,t5-small,,0.26592105263157895,0.20806897949114037,60771332,14.57359953346895,231.82423400878906,0.2884258598544313,0,123,10,1.0,0.9,5,2e-05,8,128
student_t5-small_fs10_supp123_seed5_tau0.5_a0.3,student,t5-small,,0.26592105263157895,0.17754166473679434,60771332,17.92490759980865,231.82423400878906,0.2884258598544313,5,123,10,0.5,0.3,5,2e-05,8,128
student_t5-small_fs10_supp123_seed0_tau0.1_a0.9,student,t5-small,,0.2657894736842105,0.20481846200923143,60771332,16.60601153337969,231.82423400878906,0.2882831454260026,0,123,10,0.1,0.9,5,2e-05,8,128
student_t5-small_fs10_supp123_seed0_tau0.5_a0.9,student,t5-small,,0.26539473684210524,0.2080436195265241,60771332,16.328261466454325,231.82423400878906,0.2878550021407164,0,123,10,0.5,0.9,5,2e-05,8,128
student_t5-small_fs10_supp123_seed5_tau1.0_a0.5,student,t5-small,,0.26539473684210524,0.17728055683902708,60771332,16.427502266681888,231.82423400878906,0.2878550021407164,5,123,10,1.0,0.5,5,2e-05,8,128
student_t5-small_fs10_supp123_seed0_tau1.0_a0.1,student,t5-small,,0.265,0.24328547675249257,60771332,12.034143133435768,231.82423400878906,0.2874268588554303,0,123,10,1.0,0.1,5,2e-05,8,128
student_t5-small_fs10_supp123_seed4_tau0.5_a0.1,student,t5-small,,0.265,0.2038613863682588,60771332,12.12315653334978,231.82423400878906,0.2874268588554303,4,123,10,0.5,0.1,5,2e-05,8,128
student_t5-small_fs10_supp123_seed8_tau1.0_a0.1,student,t5-small,,0.2648684210526316,0.18372554463867694,60771332,15.33530706668292,231.82423400878906,0.28728414442700156,8,123,10,1.0,0.1,5,2e-05,8,128
student_t5-small_fs10_supp123_seed2_tau1.5_a0.3,student,t5-small,,0.26460526315789473,0.23224636836952378,60771332,12.166706800053362,231.82423400878906,0.28699871557014417,2,123,10,1.5,0.3,5,2e-05,8,128
student_t5-small_fs10_supp123_seed5_tau1.0_a0.3,student,t5-small,,0.2644736842105263,0.1764248616494419,60771332,12.924362666672096,231.82423400878906,0.28685600114171544,5,123,10,1.0,0.3,5,2e-05,8,128
student_t5-small_fs10_supp123_seed5_tau1.5_a0.5,student,t5-small,,0.2643421052631579,0.17672533029765547,60771332,15.474832133501573,231.82423400878906,0.2867132867132867,5,123,10,1.5,0.5,5,2e-05,8,128
student_t5-small_fs10_supp123_seed5_tau0.5_a0.5,student,t5-small,,0.2640789473684211,0.1758059008887943,60771332,12.852667733265358,231.82423400878906,0.2864278578564293,5,123,10,0.5,0.5,5,2e-05,8,128
student_t5-small_fs10_supp123_seed5_tau2.5_a0.5,student,t5-small,,0.2640789473684211,0.17656746168942428,60771332,16.655583133312273,231.82423400878906,0.2864278578564293,5,123,10,2.5,0.5,5,2e-05,8,128
student_t5-small_fs10_supp123_seed5_tau2.0_a0.5,student,t5-small,,0.26394736842105265,0.17645516455674345,60771332,19.183306000013545,231.82423400878906,0.2862851434280006,5,123,10,2.0,0.5,5,2e-05,8,128
student_t5-small_fs10_supp123_seed8_tau1.5_a0.1,student,t5-small,,0.26394736842105265,0.1799928741093116,60771332,12.653297600021082,231.82423400878906,0.2862851434280006,8,123,10,1.5,0.1,5,2e-05,8,128
student_t5-small_fs10_supp123_seed2_tau2.5_a0.3,student,t5-small,,0.2638157894736842,0.23050991639430018,60771332,11.252153866856437,231.82423400878906,0.2861424289995719,2,123,10,2.5,0.3,5,2e-05,8,128
student_t5-small_fs10_supp123_seed5_tau1.5_a0.7,student,t5-small,,0.2638157894736842,0.17596510874660173,60771332,14.279982533298607,231.82423400878906,0.2861424289995719,5,123,10,1.5,0.7,5,2e-05,8,128
student_t5-small_fs10_supp123_seed5_tau3.0_a0.5,student,t5-small,,0.2638157894736842,0.1763957768750935,60771332,18.163001666835044,231.82423400878906,0.2861424289995719,5,123,10,3.0,0.5,5,2e-05,8,128
student_t5-small_fs10_supp123_seed2_tau3.0_a0.3,student,t5-small,,0.2636842105263158,0.2300618521773263,60771332,10.41499233348683,231.82423400878906,0.28599971457114315,2,123,10,3.0,0.3,5,2e-05,8,128
student_t5-small_fs10_supp123_seed5_tau1.0_a0.7,student,t5-small,,0.2636842105263158,0.1758765062633492,60771332,14.429730733293885,231.82423400878906,0.28599971457114315,5,123,10,1.0,0.7,5,2e-05,8,128
student_t5-small_fs10_supp123_seed2_tau2.0_a0.3,student,t5-small,,0.26355263157894737,0.2303166190878679,60771332,13.76428073332742,231.82423400878906,0.2858570001427144,2,123,10,2.0,0.3,5,2e-05,8,128
student_t5-small_fs10_supp123_seed8_tau2.0_a0.1,student,t5-small,,0.26342105263157894,0.17809795129040734,60771332,14.452954200169188,231.82423400878906,0.2857142857142857,8,123,10,2.0,0.1,5,2e-05,8,128
student_t5-small_fs10_supp123_seed3_tau1.5_a0.5,student,t5-small,,0.2632894736842105,0.22433110129644374,60771332,16.763224866735982,231.82423400878906,0.28557157128585703,3,123,10,1.5,0.5,5,2e-05,8,128
student_t5-small_fs10_supp123_seed5_tau2.0_a0.7,student,t5-small,,0.2632894736842105,0.17561172236607153,60771332,13.723732000107702,231.82423400878906,0.28557157128585703,5,123,10,2.0,0.7,5,2e-05,8,128
student_t5-small_fs10_supp123_seed5_tau2.5_a0.7,student,t5-small,,0.2632894736842105,0.17562320635625128,60771332,17.728107666880533,231.82423400878906,0.28557157128585703,5,123,10,2.5,0.7,5,2e-05,8,128
student_t5-small_fs10_supp123_seed7_tau0.5_a0.1,student,t5-small,,0.2632894736842105,0.2284094503682427,60771332,13.193710733442762,231.82423400878906,0.28557157128585703,7,123,10,0.5,0.1,5,2e-05,8,128
student_t5-small_fs10_supp123_seed8_tau2.5_a0.1,student,t5-small,,0.2632894736842105,0.1765026167758318,60771332,13.923205799922775,231.82423400878906,0.28557157128585703,8,123,10,2.5,0.1,5,2e-05,8,128
student_t5-small_fs10_supp123_seed5_tau2.0_a0.3,student,t5-small,,0.2631578947368421,0.17564807561454468,60771332,15.142231666747344,231.82423400878906,0.2854288568574283,5,123,10,2.0,0.3,5,2e-05,8,128
student_t5-small_fs10_supp123_seed5_tau3.0_a0.7,student,t5-small,,0.2631578947368421,0.1755258469742505,60771332,17.616398000063782,231.82423400878906,0.2854288568574283,5,123,10,3.0,0.7,5,2e-05,8,128
student_t5-small_fs10_supp123_seed3_tau3.0_a0.1,student,t5-small,,0.26302631578947366,0.2144813863496804,60771332,13.811228933385186,231.82423400878906,0.2852861424289996,3,123,10,3.0,0.1,5,2e-05,8,128
student_t5-small_fs10_supp123_seed5_tau1.5_a0.3,student,t5-small,,0.26302631578947366,0.17554300557313238,60771332,21.881833066618128,231.82423400878906,0.2852861424289996,5,123,10,1.5,0.3,5,2e-05,8,128
student_t5-small_fs10_supp123_seed7_tau3.0_a0.3,student,t5-small,,0.26289473684210524,0.21976067087897982,60771332,12.865004466463384,231.82423400878906,0.28514342800057085,7,123,10,3.0,0.3,5,2e-05,8,128
student_t5-small_fs10_supp123_seed3_tau0.1_a0.3,student,t5-small,,0.26276315789473687,0.22657859470277342,60771332,14.058613133238396,231.82423400878906,0.2850007135721422,3,123,10,0.1,0.3,5,2e-05,8,128
student_t5-small_fs10_supp123_seed5_tau2.5_a0.3,student,t5-small,,0.26276315789473687,0.17542419501752973,60771332,13.504350866727085,231.82423400878906,0.2850007135721422,5,123,10,2.5,0.3,5,2e-05,8,128
student_t5-small_fs10_supp123_seed5_tau3.0_a0.3,student,t5-small,,0.26276315789473687,0.17546386945250722,60771332,15.38980106664288,231.82423400878906,0.2850007135721422,5,123,10,3.0,0.3,5,2e-05,8,128
student_t5-small_fs10_supp123_seed8_tau3.0_a0.1,student,t5-small,,0.26276315789473687,0.17508010370792534,60771332,12.411549200381463,231.82423400878906,0.2850007135721422,8,123,10,3.0,0.1,5,2e-05,8,128
student_t5-small_fs10_supp123_seed7_tau2.5_a0.3,student,t5-small,,0.2625,0.21938153743562552,60771332,11.769079733494436,231.82423400878906,0.28471528471528473,7,123,10,2.5,0.3,5,2e-05,8,128
student_t5-small_fs10_supp123_seed3_tau3.0_a0.5,student,t5-small,,0.2623684210526316,0.22252592964210752,60771332,12.561562466483641,231.82423400878906,0.284572570286856,3,123,10,3.0,0.5,5,2e-05,8,128
student_t5-small_fs10_supp123_seed5_tau0.5_a0.7,student,t5-small,,0.2623684210526316,0.1750243865786858,60771332,18.06811886660095,231.82423400878906,0.284572570286856,5,123,10,0.5,0.7,5,2e-05,8,128
student_t5-small_fs10_supp123_seed3_tau0.1_a0.5,student,t5-small,,0.26223684210526316,0.2221038311222353,60771332,12.490346733102342,231.82423400878906,0.2844298558584273,3,123,10,0.1,0.5,5,2e-05,8,128
student_t5-small_fs10_supp123_seed3_tau2.0_a0.5,student,t5-small,,0.26223684210526316,0.22268616047355502,60771332,13.652170533653893,231.82423400878906,0.2844298558584273,3,123,10,2.0,0.5,5,2e-05,8,128
student_t5-small_fs10_supp123_seed5_tau0.5_a0.1,student,t5-small,,0.26223684210526316,0.17477464528071723,60771332,19.630384666500806,231.82423400878906,0.2844298558584273,5,123,10,0.5,0.1,5,2e-05,8,128
student_t5-small_fs10_supp123_seed7_tau1.5_a0.3,student,t5-small,,0.26223684210526316,0.21878478105925334,60771332,12.103738066798542,231.82423400878906,0.2844298558584273,7,123,10,1.5,0.3,5,2e-05,8,128
student_t5-small_fs10_supp123_seed7_tau2.0_a0.3,student,t5-small,,0.26223684210526316,0.21898754086329864,60771332,14.055949999844112,231.82423400878906,0.2844298558584273,7,123,10,2.0,0.3,5,2e-05,8,128
student_t5-small_fs10_supp123_seed3_tau1.0_a0.5,student,t5-small,,0.26210526315789473,0.22429691835345533,60771332,15.343228666703604,231.82423400878906,0.28428714142999856,3,123,10,1.0,0.5,5,2e-05,8,128
student_t5-small_fs10_supp123_seed3_tau2.5_a0.1,student,t5-small,,0.26210526315789473,0.21456873567129392,60771332,12.945675866891785,231.82423400878906,0.28428714142999856,3,123,10,2.5,0.1,5,2e-05,8,128
student_t5-small_fs10_supp123_seed3_tau2.5_a0.5,student,t5-small,,0.26210526315789473,0.22252481599840623,60771332,12.083366133689802,231.82423400878906,0.28428714142999856,3,123,10,2.5,0.5,5,2e-05,8,128
student_t5-small_fs10_supp123_seed7_tau1.0_a0.3,student,t5-small,,0.26210526315789473,0.21840563626532492,60771332,13.785614466663295,231.82423400878906,0.28428714142999856,7,123,10,1.0,0.3,5,2e-05,8,128
student_t5-small_fs10_supp123_seed3_tau0.5_a0.7,student,t5-small,,0.2619736842105263,0.2227096631918885,60771332,10.90803726692684,231.82423400878906,0.28414442700156983,3,123,10,0.5,0.7,5,2e-05,8,128
student_t5-small_fs10_supp123_seed7_tau0.5_a0.3,student,t5-small,,0.2619736842105263,0.21606797983390158,60771332,13.932262400097292,231.82423400878906,0.28414442700156983,7,123,10,0.5,0.3,5,2e-05,8,128
student_t5-small_fs10_supp123_seed3_tau0.1_a0.7,student,t5-small,,0.2618421052631579,0.21817745070235176,60771332,12.514092000734914,231.82423400878906,0.28400171257314116,3,123,10,0.1,0.7,5,2e-05,8,128
student_t5-small_fs10_supp123_seed3_tau2.0_a0.1,student,t5-small,,0.2618421052631579,0.21608704617708951,60771332,13.638817467047678,231.82423400878906,0.28400171257314116,3,123,10,2.0,0.1,5,2e-05,8,128
student_t5-small_fs10_supp123_seed5_tau0.1_a0.7,student,t5-small,,0.2618421052631579,0.17473797210907463,60771332,17.3219674000696,231.82423400878906,0.28400171257314116,5,123,10,0.1,0.7,5,2e-05,8,128
student_t5-small_fs10_supp123_seed5_tau0.1_a0.9,student,t5-small,,0.26171052631578945,0.1747009116258134,60771332,16.471252666754783,231.82423400878906,0.28385899814471244,5,123,10,0.1,0.9,5,2e-05,8,128
student_t5-small_fs10_supp123_seed3_tau1.0_a0.7,student,t5-small,,0.2615789473684211,0.22161491519510695,60771332,11.837192132952623,231.82423400878906,0.28371628371628377,3,123,10,1.0,0.7,5,2e-05,8,128
student_t5-small_fs10_supp123_seed4_tau1.0_a0.1,student,t5-small,,0.2615789473684211,0.19533516594089143,60771332,18.050980066588334,231.82423400878906,0.28371628371628377,4,123,10,1.0,0.1,5,2e-05,8,128
student_t5-small_fs10_supp123_seed5_tau1.0_a0.9,student,t5-small,,0.26144736842105265,0.17448832270967063,60771332,16.497076199933264,231.82423400878906,0.28357356928785504,5,123,10,1.0,0.9,5,2e-05,8,128
student_t5-small_fs10_supp123_seed5_tau1.5_a0.9,student,t5-small,,0.26144736842105265,0.17448000460669238,60771332,15.456190999915028,231.82423400878906,0.28357356928785504,5,123,10,1.5,0.9,5,2e-05,8,128
student_t5-small_fs10_supp123_seed3_tau3.0_a0.7,student,t5-small,,0.2613157894736842,0.2201546700338811,60771332,15.348907466977835,231.82423400878906,0.2834308548594263,3,123,10,3.0,0.7,5,2e-05,8,128
student_t5-small_fs10_supp123_seed5_tau0.5_a0.9,student,t5-small,,0.2613157894736842,0.17439764928690926,60771332,13.556614666473857,231.82423400878906,0.2834308548594263,5,123,10,0.5,0.9,5,2e-05,8,128
student_t5-small_fs10_supp123_seed5_tau2.0_a0.9,student,t5-small,,0.2613157894736842,0.17439764928690926,60771332,15.859310400082904,231.82423400878906,0.2834308548594263,5,123,10,2.0,0.9,5,2e-05,8,128
student_t5-small_fs10_supp123_seed3_tau2.5_a0.7,student,t5-small,,0.2611842105263158,0.22012431421917747,60771332,14.634587533995122,231.82423400878906,0.2832881404309976,3,123,10,2.5,0.7,5,2e-05,8,128
student_t5-small_fs10_supp123_seed3_tau0.1_a0.9,student,t5-small,,0.26092105263157894,0.2146882889078639,60771332,13.936529800654776,231.82423400878906,0.28300271157414014,3,123,10,0.1,0.9,5,2e-05,8,128
student_t5-small_fs10_supp123_seed3_tau1.5_a0.7,student,t5-small,,0.26092105263157894,0.22042288942262958,60771332,14.12196953339541,231.82423400878906,0.28300271157414014,3,123,10,1.5,0.7,5,2e-05,8,128
student_t5-small_fs10_supp123_seed5_tau0.1_a0.5,student,t5-small,,0.26092105263157894,0.17410532155311154,60771332,12.389753799895212,231.82423400878906,0.28300271157414014,5,123,10,0.1,0.5,5,2e-05,8,128
student_t5-small_fs10_supp123_seed5_tau2.5_a0.9,student,t5-small,,0.26092105263157894,0.1741427065746226,60771332,16.31163506669206,231.82423400878906,0.28300271157414014,5,123,10,2.5,0.9,5,2e-05,8,128
student_t5-small_fs10_supp123_seed5_tau3.0_a0.9,student,t5-small,,0.26092105263157894,0.1741427065746226,60771332,14.230154866587933,231.82423400878906,0.28300271157414014,5,123,10,3.0,0.9,5,2e-05,8,128
student_t5-small_fs10_supp123_seed3_tau1.5_a0.1,student,t5-small,,0.2607894736842105,0.21693035349696188,60771332,16.818273600316996,231.82423400878906,0.2828599971457114,3,123,10,1.5,0.1,5,2e-05,8,128
student_t5-small_fs10_supp123_seed3_tau2.0_a0.9,student,t5-small,,0.2606578947368421,0.2159216387647659,60771332,15.132744799241967,231.82423400878906,0.2827172827172827,3,123,10,2.0,0.9,5,2e-05,8,128
student_t5-small_fs10_supp123_seed3_tau3.0_a0.3,student,t5-small,,0.2606578947368421,0.21775342812607934,60771332,11.561621666381447,231.82423400878906,0.2827172827172827,3,123,10,3.0,0.3,5,2e-05,8,128
student_t5-small_fs10_supp123_seed3_tau1.0_a0.9,student,t5-small,,0.26052631578947366,0.21605623854385742,60771332,15.032893999644633,231.82423400878906,0.28257456828885397,3,123,10,1.0,0.9,5,2e-05,8,128
student_t5-small_fs10_supp123_seed3_tau1.5_a0.9,student,t5-small,,0.26052631578947366,0.21593779035220825,60771332,12.74775773320774,231.82423400878906,0.28257456828885397,3,123,10,1.5,0.9,5,2e-05,8,128
student_t5-small_fs10_supp123_seed3_tau2.0_a0.7,student,t5-small,,0.26052631578947366,0.21984013483237763,60771332,13.623454267265819,231.82423400878906,0.28257456828885397,3,123,10,2.0,0.7,5,2e-05,8,128
student_t5-small_fs10_supp123_seed3_tau2.5_a0.9,student,t5-small,,0.26052631578947366,0.2157230070118542,60771332,12.717653732640125,231.82423400878906,0.28257456828885397,3,123,10,2.5,0.9,5,2e-05,8,128
student_t5-small_fs10_supp123_seed5_tau1.0_a0.1,student,t5-small,,0.26052631578947366,0.17402693497441946,60771332,16.310498666704614,231.82423400878906,0.28257456828885397,5,123,10,1.0,0.1,5,2e-05,8,128
student_t5-small_fs10_supp123_seed3_tau0.5_a0.5,student,t5-small,,0.2603947368421053,0.2250890481135287,60771332,16.46831746669098,231.82423400878906,0.28243185386042535,3,123,10,0.5,0.5,5,2e-05,8,128
student_t5-small_fs10_supp123_seed3_tau0.5_a0.9,student,t5-small,,0.2603947368421053,0.21595107387498602,60771332,11.341803400379527,231.82423400878906,0.28243185386042535,3,123,10,0.5,0.9,5,2e-05,8,128
student_t5-small_fs10_supp123_seed3_tau2.0_a0.3,student,t5-small,,0.2603947368421053,0.21870062712244645,60771332,14.64877773396438,231.82423400878906,0.28243185386042535,3,123,10,2.0,0.3,5,2e-05,8,128
student_t5-small_fs10_supp123_seed3_tau3.0_a0.9,student,t5-small,,0.2603947368421053,0.2155673388039788,60771332,14.543953600756746,231.82423400878906,0.28243185386042535,3,123,10,3.0,0.9,5,2e-05,8,128
student_t5-small_fs10_supp123_seed5_tau0.1_a0.3,student,t5-small,,0.2603947368421053,0.17361673291552587,60771332,15.452668599876537,231.82423400878906,0.28243185386042535,5,123,10,0.1,0.3,5,2e-05,8,128
student_t5-small_fs10_supp123_seed4_tau2.0_a0.1,student,t5-small,,0.26013157894736844,0.1922749004879715,60771332,14.766418666598232,231.82423400878906,0.2821464250035679,4,123,10,2.0,0.1,5,2e-05,8,128
student_t5-small_fs10_supp123_seed7_tau2.5_a0.1,student,t5-small,,0.26013157894736844,0.2271263916679339,60771332,14.150942666916913,231.82423400878906,0.2821464250035679,7,123,10,2.5,0.1,5,2e-05,8,128
student_t5-small_fs10_supp123_seed3_tau2.5_a0.3,student,t5-small,,0.26,0.21768487075381499,60771332,10.827740066451952,231.82423400878906,0.2820037105751392,3,123,10,2.5,0.3,5,2e-05,8,128
student_t5-small_fs10_supp123_seed4_tau1.5_a0.1,student,t5-small,,0.2598684210526316,0.19234021261061066,60771332,14.55095980002928,231.82423400878906,0.28186099614671045,4,123,10,1.5,0.1,5,2e-05,8,128
student_t5-small_fs10_supp123_seed7_tau0.1_a0.1,student,t5-small,,0.25973684210526315,0.22131546208174344,60771332,13.41449333303899,231.82423400878906,0.2817182817182817,7,123,10,0.1,0.1,5,2e-05,8,128
student_t5-small_fs10_supp123_seed7_tau3.0_a0.1,student,t5-small,,0.25973684210526315,0.22684276100468326,60771332,12.791549733568294,231.82423400878906,0.2817182817182817,7,123,10,3.0,0.1,5,2e-05,8,128
student_t5-small_fs10_supp123_seed4_tau2.5_a0.1,student,t5-small,,0.2594736842105263,0.19152651416934013,60771332,11.211160933362407,231.82423400878906,0.2814328528614243,4,123,10,2.5,0.1,5,2e-05,8,128
student_t5-small_fs10_supp123_seed4_tau3.0_a0.1,student,t5-small,,0.2594736842105263,0.19126175970183298,60771332,15.472995199979778,231.82423400878906,0.2814328528614243,4,123,10,3.0,0.1,5,2e-05,8,128
student_t5-small_fs10_supp123_seed5_tau1.5_a0.1,student,t5-small,,0.2593421052631579,0.1733939108465928,60771332,15.561525333335643,231.82423400878906,0.28129013843299555,5,123,10,1.5,0.1,5,2e-05,8,128
student_t5-small_fs10_supp123_seed7_tau1.0_a0.1,student,t5-small,,0.2593421052631579,0.22638797747451916,60771332,13.28012506661859,231.82423400878906,0.28129013843299555,7,123,10,1.0,0.1,5,2e-05,8,128
student_t5-small_fs10_supp123_seed5_tau0.1_a0.1,student,t5-small,,0.2590789473684211,0.17358017715048454,60771332,16.7720904665354,231.82423400878906,0.28100470957613816,5,123,10,0.1,0.1,5,2e-05,8,128
student_t5-small_fs10_supp123_seed3_tau0.1_a0.1,student,t5-small,,0.25894736842105265,0.22730657586173242,60771332,12.355565867377058,231.82423400878906,0.2808619951477095,3,123,10,0.1,0.1,5,2e-05,8,128
student_t5-small_fs10_supp123_seed7_tau1.5_a0.1,student,t5-small,,0.25894736842105265,0.2262822369599377,60771332,14.42055806631591,231.82423400878906,0.2808619951477095,7,123,10,1.5,0.1,5,2e-05,8,128
student_t5-small_fs10_supp123_seed3_tau1.5_a0.3,student,t5-small,,0.2588157894736842,0.21839852279775038,60771332,11.546868200336272,231.82423400878906,0.28071928071928076,3,123,10,1.5,0.3,5,2e-05,8,128
student_t5-small_fs10_supp123_seed7_tau2.0_a0.1,student,t5-small,,0.2586842105263158,0.22592307773310433,60771332,12.034285199842998,231.82423400878906,0.28057656629085204,7,123,10,2.0,0.1,5,2e-05,8,128
student_t5-small_fs10_supp123_seed0_tau0.5_a0.1,student,t5-small,,0.25855263157894737,0.240178387515638,60771332,13.876728399858015,231.82423400878906,0.2804338518624233,0,123,10,0.5,0.1,5,2e-05,8,128
student_t5-small_fs10_supp123_seed5_tau2.0_a0.1,student,t5-small,,0.25802631578947366,0.17260108849644254,60771332,11.51789113337145,231.82423400878906,0.2798629941487084,5,123,10,2.0,0.1,5,2e-05,8,128
student_t5-small_fs10_supp123_seed3_tau1.0_a0.1,student,t5-small,,0.25776315789473686,0.21642890558160396,60771332,14.873851333201552,231.82423400878906,0.279577565291851,3,123,10,1.0,0.1,5,2e-05,8,128
student_t5-small_fs10_supp123_seed3_tau1.0_a0.3,student,t5-small,,0.2575,0.2188294111422205,60771332,14.168775333140124,231.82423400878906,0.2792921364349936,3,123,10,1.0,0.3,5,2e-05,8,128
student_t5-small_fs10_supp123_seed5_tau2.5_a0.1,student,t5-small,,0.2575,0.17233518188856414,60771332,13.444062399988374,231.82423400878906,0.2792921364349936,5,123,10,2.5,0.1,5,2e-05,8,128
student_t5-small_fs10_supp123_seed5_tau3.0_a0.1,student,t5-small,,0.2573684210526316,0.17226776949335404,60771332,12.164514000081303,231.82423400878906,0.2791494220065649,5,123,10,3.0,0.1,5,2e-05,8,128
student_t5-small_fs10_supp123_seed2_tau0.5_a0.1,student,t5-small,,0.2571052631578947,0.22898388004291184,60771332,10.906061599841147,231.82423400878906,0.27886399314970745,2,123,10,0.5,0.1,5,2e-05,8,128
student_t5-small_fs10_supp123_seed7_tau3.0_a0.5,student,t5-small,,0.2571052631578947,0.19592164911545723,60771332,11.309298466827991,231.82423400878906,0.27886399314970745,7,123,10,3.0,0.5,5,2e-05,8,128
student_t5-small_fs10_supp123_seed7_tau2.5_a0.5,student,t5-small,,0.2567105263157895,0.19546800699673278,60771332,14.47059146654889,231.82423400878906,0.2784358498644213,7,123,10,2.5,0.5,5,2e-05,8,128
student_t5-small_fs10_supp123_seed7_tau0.1_a0.3,student,t5-small,,0.2565789473684211,0.1955037872925518,60771332,12.333181599872963,231.82423400878906,0.2782931354359926,7,123,10,0.1,0.3,5,2e-05,8,128
student_t5-small_fs10_supp123_seed7_tau2.0_a0.5,student,t5-small,,0.25644736842105265,0.19513676171304795,60771332,12.213026466512625,231.82423400878906,0.2781504210075639,7,123,10,2.0,0.5,5,2e-05,8,128
student_t5-small_fs10_supp123_seed3_tau0.5_a0.3,student,t5-small,,0.2563157894736842,0.2214935507315893,60771332,15.594697267079027,231.82423400878906,0.27800770657913515,3,123,10,0.5,0.3,5,2e-05,8,128
student_t5-small_fs10_supp123_seed7_tau1.5_a0.5,student,t5-small,,0.2561842105263158,0.19489627954174477,60771332,16.1649342669989,231.82423400878906,0.2778649921507064,7,123,10,1.5,0.5,5,2e-05,8,128
student_t5-small_fs10_supp123_seed7_tau0.5_a0.5,student,t5-small,,0.2556578947368421,0.1927235813538622,60771332,14.261605000137934,231.82423400878906,0.2772941344369916,7,123,10,0.5,0.5,5,2e-05,8,128
student_t5-small_fs10_supp123_seed7_tau1.0_a0.5,student,t5-small,,0.2556578947368421,0.19404160705161397,60771332,12.521792466698875,231.82423400878906,0.2772941344369916,7,123,10,1.0,0.5,5,2e-05,8,128
student_t5-small_fs10_supp123_seed7_tau0.1_a0.7,student,t5-small,,0.25434210526315787,0.16974997234687392,60771332,14.306411266807117,231.82423400878906,0.27586699015270444,7,123,10,0.1,0.7,5,2e-05,8,128
student_t5-small_fs10_supp123_seed0_tau0.1_a0.1,student,t5-small,,0.2542105263157895,0.24712979212000374,60771332,18.292773133422696,231.82423400878906,0.27572427572427577,0,123,10,0.1,0.1,5,2e-05,8,128
student_t5-small_fs10_supp123_seed7_tau2.5_a0.7,student,t5-small,,0.2542105263157895,0.17742952636829085,60771332,11.227004400037307,231.82423400878906,0.27572427572427577,7,123,10,2.5,0.7,5,2e-05,8,128
student_t5-small_fs10_supp123_seed7_tau0.1_a0.5,student,t5-small,,0.25407894736842107,0.17840604996015608,60771332,11.986492267048257,231.82423400878906,0.27558156129584704,7,123,10,0.1,0.5,5,2e-05,8,128
student_t5-small_fs10_supp123_seed7_tau0.5_a0.7,student,t5-small,,0.25407894736842107,0.17615095000231334,60771332,14.167963466752553,231.82423400878906,0.27558156129584704,7,123,10,0.5,0.7,5,2e-05,8,128
student_t5-small_fs10_supp123_seed7_tau2.0_a0.7,student,t5-small,,0.25407894736842107,0.1774222283090007,60771332,14.255345266550043,231.82423400878906,0.27558156129584704,7,123,10,2.0,0.7,5,2e-05,8,128
student_t5-small_fs10_supp123_seed7_tau3.0_a0.7,student,t5-small,,0.25407894736842107,0.17736077447047505,60771332,13.012919733349312,231.82423400878906,0.27558156129584704,7,123,10,3.0,0.7,5,2e-05,8,128
student_t5-small_fs10_supp123_seed7_tau1.0_a0.7,student,t5-small,,0.25394736842105264,0.17734664452395815,60771332,12.8460144000807,231.82423400878906,0.2754388468674183,7,123,10,1.0,0.7,5,2e-05,8,128
student_t5-small_fs10_supp123_seed7_tau1.5_a0.7,student,t5-small,,0.25394736842105264,0.17727063412747363,60771332,12.95652720000362,231.82423400878906,0.2754388468674183,7,123,10,1.5,0.7,5,2e-05,8,128
student_t5-small_fs10_supp123_seed7_tau1.5_a0.9,student,t5-small,,0.2538157894736842,0.16624382323409503,60771332,11.45136433345518,231.82423400878906,0.2752961324389896,7,123,10,1.5,0.9,5,2e-05,8,128
student_t5-small_fs10_supp123_seed7_tau0.5_a0.9,student,t5-small,,0.2536842105263158,0.16573398422494107,60771332,12.993071266343273,231.82423400878906,0.27515341801056087,7,123,10,0.5,0.9,5,2e-05,8,128
student_t5-small_fs10_supp123_seed7_tau1.0_a0.9,student,t5-small,,0.2536842105263158,0.16607825705613552,60771332,12.268637266242877,231.82423400878906,0.27515341801056087,7,123,10,1.0,0.9,5,2e-05,8,128
student_t5-small_fs10_supp123_seed7_tau2.0_a0.9,student,t5-small,,0.2536842105263158,0.16618042008255862,60771332,11.522399866347163,231.82423400878906,0.27515341801056087,7,123,10,2.0,0.9,5,2e-05,8,128
student_t5-small_fs10_supp123_seed7_tau2.5_a0.9,student,t5-small,,0.2536842105263158,0.16617192062202985,60771332,13.8677064000755,231.82423400878906,0.27515341801056087,7,123,10,2.5,0.9,5,2e-05,8,128
student_t5-small_fs10_supp123_seed7_tau3.0_a0.9,student,t5-small,,0.2536842105263158,0.16617192062202985,60771332,15.850232999946456,231.82423400878906,0.27515341801056087,7,123,10,3.0,0.9,5,2e-05,8,128
student_t5-small_fs10_supp123_seed7_tau0.1_a0.9,student,t5-small,,0.2531578947368421,0.16327837154418584,60771332,12.748507733340375,231.82423400878906,0.274582560296846,7,123,10,0.1,0.9,5,2e-05,8,128
student_t5-small_fs10_supp123_seed2_tau1.0_a0.1,student,t5-small,,0.2517105263157895,0.22084823423818448,60771332,13.049988866744874,231.82423400878906,0.2730127015841302,2,123,10,1.0,0.1,5,2e-05,8,128
student_t5-small_fs10_supp123_seed3_tau0.5_a0.1,student,t5-small,,0.25157894736842107,0.2151370810784567,60771332,13.330171400108762,231.82423400878906,0.2728699871557015,3,123,10,0.5,0.1,5,2e-05,8,128
student_t5-small_fs10_supp123_seed9_tau0.1_a0.1,student,t5-small,,0.2503947368421053,0.103928270314481,60771332,15.044858000207265,231.82423400878906,0.271585557299843,9,123,10,0.1,0.1,5,2e-05,8,128
student_t5-small_fs10_supp123_seed9_tau0.5_a0.1,student,t5-small,,0.2503947368421053,0.10444371321979996,60771332,12.524977866511714,231.82423400878906,0.271585557299843,9,123,10,0.5,0.1,5,2e-05,8,128
student_t5-small_fs10_supp123_seed9_tau0.1_a0.7,student,t5-small,,0.2501315789473684,0.10027354688737965,60771332,13.325529999929131,231.82423400878906,0.2713001284429856,9,123,10,0.1,0.7,5,2e-05,8,128
student_t5-small_fs10_supp123_seed9_tau0.1_a0.9,student,t5-small,,0.2501315789473684,0.10027354688737965,60771332,14.758809333458581,231.82423400878906,0.2713001284429856,9,123,10,0.1,0.9,5,2e-05,8,128
student_t5-small_fs10_supp123_seed9_tau0.5_a0.3,student,t5-small,,0.2501315789473684,0.10244356986251735,60771332,15.85551726699729,231.82423400878906,0.2713001284429856,9,123,10,0.5,0.3,5,2e-05,8,128
student_t5-small_fs10_supp123_seed9_tau0.5_a0.9,student,t5-small,,0.2501315789473684,0.10027354688737965,60771332,13.39471106645457,231.82423400878906,0.2713001284429856,9,123,10,0.5,0.9,5,2e-05,8,128
student_t5-small_fs10_supp123_seed9_tau1.0_a0.9,student,t5-small,,0.2501315789473684,0.10027354688737965,60771332,14.654606333351694,231.82423400878906,0.2713001284429856,9,123,10,1.0,0.9,5,2e-05,8,128
student_t5-small_fs10_supp123_seed9_tau1.5_a0.9,student,t5-small,,0.2501315789473684,0.10027354688737965,60771332,13.401756733219372,231.82423400878906,0.2713001284429856,9,123,10,1.5,0.9,5,2e-05,8,128
student_t5-small_fs10_supp123_seed9_tau2.0_a0.9,student,t5-small,,0.2501315789473684,0.10027354688737965,60771332,13.656672533155264,231.82423400878906,0.2713001284429856,9,123,10,2.0,0.9,5,2e-05,8,128
student_t5-small_fs10_supp123_seed9_tau2.5_a0.9,student,t5-small,,0.2501315789473684,0.10027354688737965,60771332,14.015601400266556,231.82423400878906,0.2713001284429856,9,123,10,2.5,0.9,5,2e-05,8,128
student_t5-small_fs10_supp123_seed9_tau3.0_a0.9,student,t5-small,,0.2501315789473684,0.10027354688737965,60771332,12.609350399967903,231.82423400878906,0.2713001284429856,9,123,10,3.0,0.9,5,2e-05,8,128
student_t5-small_fs10_supp123_seed9_tau1.0_a0.3,student,t5-small,,0.25,0.1021513955568128,60771332,16.30597973320012,231.82423400878906,0.2711574140145569,9,123,10,1.0,0.3,5,2e-05,8,128
student_t5-small_fs10_supp123_seed9_tau1.0_a0.5,student,t5-small,,0.25,0.10119486963486622,60771332,12.324538799900134,231.82423400878906,0.2711574140145569,9,123,10,1.0,0.5,5,2e-05,8,128
student_t5-small_fs10_supp123_seed9_tau1.5_a0.1,student,t5-small,,0.25,0.10340171087842896,60771332,11.054825800238177,231.82423400878906,0.2711574140145569,9,123,10,1.5,0.1,5,2e-05,8,128
student_t5-small_fs10_supp123_seed9_tau2.0_a0.1,student,t5-small,,0.25,0.10317196270597975,60771332,12.53019313335244,231.82423400878906,0.2711574140145569,9,123,10,2.0,0.1,5,2e-05,8,128
student_t5-small_fs10_supp123_seed9_tau2.5_a0.1,student,t5-small,,0.25,0.10317196270597975,60771332,14.628337400063174,231.82423400878906,0.2711574140145569,9,123,10,2.5,0.1,5,2e-05,8,128
student_t5-small_fs10_supp123_seed9_tau3.0_a0.1,student,t5-small,,0.25,0.10317196270597975,60771332,14.556094266542155,231.82423400878906,0.2711574140145569,9,123,10,3.0,0.1,5,2e-05,8,128
student_t5-small_fs10_supp123_seed9_tau0.1_a0.5,student,t5-small,,0.24986842105263157,0.10018931197686558,60771332,14.260095066614062,231.82423400878906,0.27101469958612817,9,123,10,0.1,0.5,5,2e-05,8,128
student_t5-small_fs10_supp123_seed9_tau0.5_a0.5,student,t5-small,,0.24986842105263157,0.10115254727318604,60771332,11.841539000185245,231.82423400878906,0.27101469958612817,9,123,10,0.5,0.5,5,2e-05,8,128
student_t5-small_fs10_supp123_seed9_tau1.0_a0.1,student,t5-small,,0.24986842105263157,0.10312006285866189,60771332,13.490582867113213,231.82423400878906,0.27101469958612817,9,123,10,1.0,0.1,5,2e-05,8,128
student_t5-small_fs10_supp123_seed9_tau1.5_a0.3,student,t5-small,,0.24986842105263157,0.10187839587646906,60771332,14.958196866912962,231.82423400878906,0.27101469958612817,9,123,10,1.5,0.3,5,2e-05,8,128
student_t5-small_fs10_supp123_seed9_tau1.5_a0.5,student,t5-small,,0.24986842105263157,0.1011323214785583,60771332,13.505986866342331,231.82423400878906,0.27101469958612817,9,123,10,1.5,0.5,5,2e-05,8,128
student_t5-small_fs10_supp123_seed9_tau2.0_a0.5,student,t5-small,,0.24986842105263157,0.10114243319650094,60771332,13.285007133284429,231.82423400878906,0.27101469958612817,9,123,10,2.0,0.5,5,2e-05,8,128
student_t5-small_fs10_supp123_seed9_tau2.5_a0.7,student,t5-small,,0.24986842105263157,0.10018931197686558,60771332,22.96505873321924,231.82423400878906,0.27101469958612817,9,123,10,2.5,0.7,5,2e-05,8,128
student_t5-small_fs10_supp123_seed9_tau3.0_a0.7,student,t5-small,,0.24986842105263157,0.10018931197686558,60771332,15.568125733019164,231.82423400878906,0.27101469958612817,9,123,10,3.0,0.7,5,2e-05,8,128
student_t5-small_fs10_supp123_seed9_tau0.1_a0.3,student,t5-small,,0.24973684210526315,0.10084936324189182,60771332,13.734823666648785,231.82423400878906,0.27087198515769945,9,123,10,0.1,0.3,5,2e-05,8,128
student_t5-small_fs10_supp123_seed9_tau0.5_a0.7,student,t5-small,,0.24973684210526315,0.10014718121575705,60771332,14.004811066600572,231.82423400878906,0.27087198515769945,9,123,10,0.5,0.7,5,2e-05,8,128
student_t5-small_fs10_supp123_seed9_tau1.0_a0.7,student,t5-small,,0.24973684210526315,0.10014718121575705,60771332,12.00650639984815,231.82423400878906,0.27087198515769945,9,123,10,1.0,0.7,5,2e-05,8,128
student_t5-small_fs10_supp123_seed9_tau1.5_a0.7,student,t5-small,,0.24973684210526315,0.10014718121575705,60771332,16.148298400245647,231.82423400878906,0.27087198515769945,9,123,10,1.5,0.7,5,2e-05,8,128
student_t5-small_fs10_supp123_seed9_tau2.0_a0.3,student,t5-small,,0.24973684210526315,0.10160498399823312,60771332,11.605707200093699,231.82423400878906,0.27087198515769945,9,123,10,2.0,0.3,5,2e-05,8,128
student_t5-small_fs10_supp123_seed9_tau2.0_a0.7,student,t5-small,,0.24973684210526315,0.10014718121575705,60771332,12.095911933283787,231.82423400878906,0.27087198515769945,9,123,10,2.0,0.7,5,2e-05,8,128
student_t5-small_fs10_supp123_seed9_tau2.5_a0.3,student,t5-small,,0.24973684210526315,0.10160498399823312,60771332,16.14140333343433,231.82423400878906,0.27087198515769945,9,123,10,2.5,0.3,5,2e-05,8,128
student_t5-small_fs10_supp123_seed9_tau2.5_a0.5,student,t5-small,,0.24973684210526315,0.10110010527770366,60771332,14.008089933122392,231.82423400878906,0.27087198515769945,9,123,10,2.5,0.5,5,2e-05,8,128
student_t5-small_fs10_supp123_seed9_tau3.0_a0.3,student,t5-small,,0.24973684210526315,0.10160498399823312,60771332,12.643344333264395,231.82423400878906,0.27087198515769945,9,123,10,3.0,0.3,5,2e-05,8,128
student_t5-small_fs10_supp123_seed9_tau3.0_a0.5,student,t5-small,,0.24973684210526315,0.10110010527770366,60771332,12.499122666849871,231.82423400878906,0.27087198515769945,9,123,10,3.0,0.5,5,2e-05,8,128
student_t5-small_fs10_supp123_seed2_tau1.5_a0.1,student,t5-small,,0.24907894736842107,0.21806752328623102,60771332,13.143962000200796,231.82423400878906,0.2701584130155559,2,123,10,1.5,0.1,5,2e-05,8,128
student_t5-small_fs10_supp123_seed2_tau2.0_a0.1,student,t5-small,,0.24802631578947368,0.21662757724585957,60771332,14.222393866536246,231.82423400878906,0.2690166975881262,2,123,10,2.0,0.1,5,2e-05,8,128
student_t5-small_fs10_supp123_seed2_tau2.5_a0.1,student,t5-small,,0.24710526315789474,0.21535306855211603,60771332,10.920718799631382,231.82423400878906,0.26801769658912517,2,123,10,2.5,0.1,5,2e-05,8,128
student_t5-small_fs10_supp123_seed2_tau3.0_a0.1,student,t5-small,,0.24697368421052632,0.21541240385151209,60771332,14.43620153319595,231.82423400878906,0.26787498216069644,2,123,10,3.0,0.1,5,2e-05,8,128
ensemble_full_seed0,ensemble,ensemble,,0.9494736842105264,0.9494868967883673,,14.441070966434683,,,,,,,,,,,
ensemble_fs1000_supp123_seed9,ensemble,ensemble,,0.9140789473684211,0.914016482324902,,16.228045599958328,,,,123,1000,,,,,,
ensemble_fs1000_supp123_seed6,ensemble,ensemble,,0.9125,0.9123964698345071,,18.949794966708094,,,,123,1000,,,,,,
ensemble_fs1000_supp123_seed7,ensemble,ensemble,,0.9118421052631579,0.9118419917896933,,19.654634733304498,,,,123,1000,,,,,,
ensemble_fs1000_supp123_seed1,ensemble,ensemble,,0.9114473684210527,0.9110793002815891,,12.70703456660461,,,,123,1000,,,,,,
ensemble_fs1000_supp123_seed0,ensemble,ensemble,,0.9111842105263158,0.9111380645012901,,17.168393733118137,,,,123,1000,,,,,,
ensemble_fs1000_supp123_seed2,ensemble,ensemble,,0.9110526315789473,0.9109496508607005,,14.24837449964495,,,,123,1000,,,,,,
ensemble_fs1000_supp123_seed5,ensemble,ensemble,,0.9106578947368421,0.9105854274996301,,17.873428899990053,,,,123,1000,,,,,,
ensemble_fs1000_supp123_seed8,ensemble,ensemble,,0.91,0.909697332124112,,18.130264133348344,,,,123,1000,,,,,,
ensemble_fs1000_supp123_seed3,ensemble,ensemble,,0.9094736842105263,0.9094058209125984,,18.968991166608856,,,,123,1000,,,,,,
ensemble_fs1000_supp123_seed4,ensemble,ensemble,,0.9056578947368421,0.9052709321149214,,18.375846866623153,,,,123,1000,,,,,,
ensemble_fs100_supp123_seed7,ensemble,ensemble,,0.8806578947368421,0.8802594807343024,,17.3284929666958,,,,123,100,,,,,,
ensemble_fs100_supp123_seed5,ensemble,ensemble,,0.8796052631578948,0.8790927264461665,,17.363600333336155,,,,123,100,,,,,,
ensemble_fs100_supp123_seed8,ensemble,ensemble,,0.8796052631578948,0.8792742624998686,,16.042821366640208,,,,123,100,,,,,,
ensemble_fs100_supp123_seed2,ensemble,ensemble,,0.8771052631578947,0.8774789934924603,,15.302007533288512,,,,123,100,,,,,,
ensemble_fs100_supp123_seed0,ensemble,ensemble,,0.8723684210526316,0.8717485440060919,,14.17449993317253,,,,123,100,,,,,,
ensemble_fs100_supp123_seed3,ensemble,ensemble,,0.8722368421052632,0.8716814289827692,,18.295142566656374,,,,123,100,,,,,,
ensemble_fs100_supp123_seed6,ensemble,ensemble,,0.8718421052631579,0.871332484052752,,16.546500366670593,,,,123,100,,,,,,
ensemble_fs100_supp123_seed4,ensemble,ensemble,,0.8690789473684211,0.8687059640341,,15.884110466648359,,,,123,100,,,,,,
ensemble_fs100_supp123_seed1,ensemble,ensemble,,0.8688157894736842,0.8687049544625656,,14.178136300051847,,,,123,100,,,,,,
ensemble_fs100_supp123_seed9,ensemble,ensemble,,0.8668421052631579,0.8654752821695287,,17.024951766666163,,,,123,100,,,,,,
ensemble_fs10_supp123_seed6,ensemble,ensemble,,0.8160526315789474,0.8143938006841435,,16.571163766667496,,,,123,10,,,,,,
ensemble_fs10_supp123_seed0,ensemble,ensemble,,0.8035526315789474,0.8013922023976489,,11.433822066828725,,,,123,10,,,,,,
ensemble_fs10_supp123_seed2,ensemble,ensemble,,0.8026315789473685,0.8043894358545829,,13.861912699818882,,,,123,10,,,,,,
ensemble_fs10_supp123_seed8,ensemble,ensemble,,0.795921052631579,0.7941742328003433,,16.8206653000046,,,,123,10,,,,,,
ensemble_fs10_supp123_seed3,ensemble,ensemble,,0.7844736842105263,0.7767183243642134,,16.0519492333331,,,,123,10,,,,,,
ensemble_fs10_supp123_seed1,ensemble,ensemble,,0.7772368421052631,0.7710494872499847,,13.065807999919345,,,,123,10,,,,,,
ensemble_fs10_supp123_seed7,ensemble,ensemble,,0.77,0.7700446844627977,,15.734859166660915,,,,123,10,,,,,,
ensemble_fs10_supp123_seed4,ensemble,ensemble,,0.7632894736842105,0.7517838952584928,,16.994470566667513,,,,123,10,,,,,,
ensemble_fs10_supp123_seed5,ensemble,ensemble,,0.7601315789473684,0.7510582455381947,,20.145730366658654,,,,123,10,,,,,,
ensemble_fs10_supp123_seed9,ensemble,ensemble,,0.7589473684210526,0.7446735997964877,,18.064746766665014,,,,123,10,,,,,,
ensemble_zeroshot_seed0,ensemble,ensemble,,0.26473684210526316,0.1485691487662907,,16.244232000114305,,,,,,,,,,,
