section_model,section_fs,caption,label,tau,alpha,accuracy_mean,accuracy_std,f1_macro_mean,f1_macro_std,latency_mean,latency_std,retain_mean,retain_std,n_runs,support_seed,rank_in_section,is_best_accuracy,is_best_latency,row_color,Accuracy (± std),F1 Macro (± std),"Latency (± std, ms)",Retain (± std),Accuracy (LaTeX),F1 Macro (LaTeX),Latency (LaTeX),Retain (LaTeX)
BERT,10,BERT student results for FS=10.,tab:bert_fs10,1.0,0.1,0.669842105263158,0.0362947964579367,0.6546334650082805,0.04074652186916025,7.377807326638504,1.1377621265625653,0.7077436396496595,0.038348457261270535,10,123,1,True,False,green!15,0.6698 ± 0.0363,0.6546 ± 0.0407,7.38 ± 1.14,0.7077 ± 0.0383,0.6698 $\pm$ 0.0363,0.6546 $\pm$ 0.0407,7.38 $\pm$ 1.14,0.7077 $\pm$ 0.0383
BERT,10,BERT student results for FS=10.,tab:bert_fs10,0.5,0.7,0.6694210526315789,0.03203089123375566,0.6606727498104841,0.03429237562846295,6.948612406607329,1.451072289685999,0.7072987626859446,0.03384328838823065,10,123,2,False,False,,0.6694 ± 0.0320,0.6607 ± 0.0343,6.95 ± 1.45,0.7073 ± 0.0338,0.6694 $\pm$ 0.0320,0.6607 $\pm$ 0.0343,6.95 $\pm$ 1.45,0.7073 $\pm$ 0.0338
BERT,10,BERT student results for FS=10.,tab:bert_fs10,0.5,0.1,0.6633684210526316,0.04240940954377516,0.647252274049467,0.04337070179676448,7.216481740072898,1.2313712643261479,0.7009036563325456,0.04480905220807607,10,123,3,False,False,,0.6634 ± 0.0424,0.6473 ± 0.0434,7.22 ± 1.23,0.7009 ± 0.0448,0.6634 $\pm$ 0.0424,0.6473 $\pm$ 0.0434,7.22 $\pm$ 1.23,0.7009 $\pm$ 0.0448
BERT,10,BERT student results for FS=10.,tab:bert_fs10,3.0,0.1,0.6620394736842106,0.05255441163120489,0.6469999296735699,0.05670499270809047,7.143610279866455,0.5481115730979373,0.699499513415821,0.055528086806222336,10,123,4,False,False,,0.6620 ± 0.0526,0.6470 ± 0.0567,7.14 ± 0.55,0.6995 ± 0.0555,0.6620 $\pm$ 0.0526,0.6470 $\pm$ 0.0567,7.14 $\pm$ 0.55,0.6995 $\pm$ 0.0555
BERT,10,BERT student results for FS=10.,tab:bert_fs10,2.0,0.5,0.6614605263157894,0.029496222194212916,0.6499548820396488,0.03413103033933092,7.500244673350001,1.2358980969617186,0.6988878075907133,0.03116520070568861,10,123,5,False,False,,0.6615 ± 0.0295,0.6500 ± 0.0341,7.50 ± 1.24,0.6989 ± 0.0312,0.6615 $\pm$ 0.0295,0.6500 $\pm$ 0.0341,7.50 $\pm$ 1.24,0.6989 $\pm$ 0.0312
BERT,10,BERT student results for FS=10.,tab:bert_fs10,1.5,0.1,0.6594605263157896,0.04701518920851764,0.6421729594099133,0.04958733193769985,7.826886826699896,1.366452528728283,0.6967746420130683,0.049675439730951475,10,123,6,False,False,,0.6595 ± 0.0470,0.6422 ± 0.0496,7.83 ± 1.37,0.6968 ± 0.0497,0.6595 $\pm$ 0.0470,0.6422 $\pm$ 0.0496,7.83 $\pm$ 1.37,0.6968 $\pm$ 0.0497
BERT,10,BERT student results for FS=10.,tab:bert_fs10,0.1,0.1,0.6593815789473685,0.024073398363586504,0.6540279137473675,0.020482354467524035,6.802223366759487,1.1252870110549424,0.6966912275823718,0.02543553837943243,10,123,7,False,False,,0.6594 ± 0.0241,0.6540 ± 0.0205,6.80 ± 1.13,0.6967 ± 0.0254,0.6594 $\pm$ 0.0241,0.6540 $\pm$ 0.0205,6.80 $\pm$ 1.13,0.6967 $\pm$ 0.0254
BERT,10,BERT student results for FS=10.,tab:bert_fs10,2.5,0.5,0.6577368421052633,0.033134146326957804,0.6475646306802038,0.03390853135892368,6.913434193267373,0.7821668485356255,0.6949534269428611,0.03500896873138874,10,123,8,False,False,,0.6577 ± 0.0331,0.6476 ± 0.0339,6.91 ± 0.78,0.6950 ± 0.0350,0.6577 $\pm$ 0.0331,0.6476 $\pm$ 0.0339,6.91 $\pm$ 0.78,0.6950 $\pm$ 0.0350
BERT,10,BERT student results for FS=10.,tab:bert_fs10,2.5,0.1,0.6559736842105263,0.05121692380539281,0.640063766034415,0.054115402217313556,7.055582019960032,1.3584424414133154,0.6930905046573057,0.054114920189209714,10,123,9,False,False,,0.6560 ± 0.0512,0.6401 ± 0.0541,7.06 ± 1.36,0.6931 ± 0.0541,0.6560 $\pm$ 0.0512,0.6401 $\pm$ 0.0541,7.06 $\pm$ 1.36,0.6931 $\pm$ 0.0541
BERT,10,BERT student results for FS=10.,tab:bert_fs10,1.0,0.3,0.6554342105263158,0.033350990821811456,0.6411661354229575,0.04046177850971621,7.2794733866279175,0.8957183014309962,0.6925205060475463,0.03523808289250202,10,123,10,False,False,,0.6554 ± 0.0334,0.6412 ± 0.0405,7.28 ± 0.90,0.6925 ± 0.0352,0.6554 $\pm$ 0.0334,0.6412 $\pm$ 0.0405,7.28 $\pm$ 0.90,0.6925 $\pm$ 0.0352
BERT,10,BERT student results for FS=10.,tab:bert_fs10,3.0,0.5,0.6550657894736842,0.031949895489521096,0.6445997542645289,0.03637945414442612,6.555519626638973,0.5984470077914886,0.6921312387042958,0.03375770967890454,10,123,11,False,False,,0.6551 ± 0.0319,0.6446 ± 0.0364,6.56 ± 0.60,0.6921 ± 0.0338,0.6551 $\pm$ 0.0319,0.6446 $\pm$ 0.0364,6.56 $\pm$ 0.60,0.6921 $\pm$ 0.0338
BERT,10,BERT student results for FS=10.,tab:bert_fs10,2.0,0.1,0.6535,0.04955061984841629,0.6370654595953589,0.051485244584592076,6.930871099978806,0.6409354777759092,0.6904768524954817,0.05235433210732155,10,123,12,False,False,,0.6535 ± 0.0496,0.6371 ± 0.0515,6.93 ± 0.64,0.6905 ± 0.0524,0.6535 $\pm$ 0.0496,0.6371 $\pm$ 0.0515,6.93 $\pm$ 0.64,0.6905 $\pm$ 0.0524
BERT,10,BERT student results for FS=10.,tab:bert_fs10,1.0,0.7,0.6519473684210527,0.030278460407789084,0.6416882082346426,0.03320293259171515,7.141841633382077,1.1414763825638143,0.6888363686917836,0.03199170013891242,10,123,13,False,False,,0.6519 ± 0.0303,0.6417 ± 0.0332,7.14 ± 1.14,0.6888 ± 0.0320,0.6519 $\pm$ 0.0303,0.6417 $\pm$ 0.0332,7.14 $\pm$ 1.14,0.6888 $\pm$ 0.0320
BERT,10,BERT student results for FS=10.,tab:bert_fs10,2.0,0.3,0.6507631578947368,0.05319503942234044,0.6380085801392774,0.05447009251318014,6.817095893384247,0.8583215458590792,0.6875851522313361,0.0562049631043775,10,123,14,False,False,,0.6508 ± 0.0532,0.6380 ± 0.0545,6.82 ± 0.86,0.6876 ± 0.0562,0.6508 $\pm$ 0.0532,0.6380 $\pm$ 0.0545,6.82 $\pm$ 0.86,0.6876 $\pm$ 0.0562
BERT,10,BERT student results for FS=10.,tab:bert_fs10,1.0,0.9,0.6498421052631578,0.05051915001574478,0.6399803699249773,0.054911051163154846,6.620729373359306,0.9095398710292352,0.68661198387321,0.053377664412576166,10,123,15,False,False,,0.6498 ± 0.0505,0.6400 ± 0.0549,6.62 ± 0.91,0.6866 ± 0.0534,0.6498 $\pm$ 0.0505,0.6400 $\pm$ 0.0549,6.62 $\pm$ 0.91,0.6866 $\pm$ 0.0534
BERT,10,BERT student results for FS=10.,tab:bert_fs10,2.0,0.7,0.6491052631578947,0.02748784672271591,0.6413208008687352,0.026584211431915115,7.401070520046839,1.2442777556817168,0.6858334491867093,0.02904318574901168,10,123,16,False,False,,0.6491 ± 0.0275,0.6413 ± 0.0266,7.40 ± 1.24,0.6858 ± 0.0290,0.6491 $\pm$ 0.0275,0.6413 $\pm$ 0.0266,7.40 $\pm$ 1.24,0.6858 $\pm$ 0.0290
BERT,10,BERT student results for FS=10.,tab:bert_fs10,0.1,0.3,0.6487631578947368,0.044649906931383695,0.6417858037228081,0.043004197767108336,6.674745899957392,0.9406074873886353,0.6854719866536911,0.047176323186224944,10,123,17,False,False,,0.6488 ± 0.0446,0.6418 ± 0.0430,6.67 ± 0.94,0.6855 ± 0.0472,0.6488 $\pm$ 0.0446,0.6418 $\pm$ 0.0430,6.67 $\pm$ 0.94,0.6855 $\pm$ 0.0472
BERT,10,BERT student results for FS=10.,tab:bert_fs10,0.1,0.7,0.6473947368421051,0.058918996409380406,0.6387662698934243,0.059970651095353746,6.7916795800708005,1.0956814488198279,0.6840261365216183,0.062252797540844035,10,123,18,False,False,,0.6474 ± 0.0589,0.6388 ± 0.0600,6.79 ± 1.10,0.6840 ± 0.0623,0.6474 $\pm$ 0.0589,0.6388 $\pm$ 0.0600,6.79 $\pm$ 1.10,0.6840 $\pm$ 0.0623
BERT,10,BERT student results for FS=10.,tab:bert_fs10,2.0,0.9,0.6468815789473684,0.052628108438209434,0.6364205912586368,0.05713004088907597,7.172907613313933,0.8992204199457345,0.6834839427220909,0.055605953584094515,10,123,19,False,False,,0.6469 ± 0.0526,0.6364 ± 0.0571,7.17 ± 0.90,0.6835 ± 0.0556,0.6469 $\pm$ 0.0526,0.6364 $\pm$ 0.0571,7.17 $\pm$ 0.90,0.6835 $\pm$ 0.0556
BERT,10,BERT student results for FS=10.,tab:bert_fs10,1.5,0.9,0.6460657894736841,0.054180655555668415,0.6356555567853915,0.05854220346411033,7.173899259931507,1.212555824811226,0.6826219936048936,0.057246348147237586,10,123,20,False,False,,0.6461 ± 0.0542,0.6357 ± 0.0585,7.17 ± 1.21,0.6826 ± 0.0572,0.6461 $\pm$ 0.0542,0.6357 $\pm$ 0.0585,7.17 $\pm$ 1.21,0.6826 $\pm$ 0.0572
BERT,10,BERT student results for FS=10.,tab:bert_fs10,0.1,0.9,0.6446842105263157,0.05608646673938459,0.6346366223097302,0.06155061442411807,6.846118873368141,1.3037399073673002,0.6811622410677047,0.059259995442697465,10,123,21,False,False,,0.6447 ± 0.0561,0.6346 ± 0.0616,6.85 ± 1.30,0.6812 ± 0.0593,0.6447 $\pm$ 0.0561,0.6346 $\pm$ 0.0616,6.85 $\pm$ 1.30,0.6812 $\pm$ 0.0593
BERT,10,BERT student results for FS=10.,tab:bert_fs10,3.0,0.9,0.6446447368421053,0.05074483880892033,0.6345258120904391,0.05480604712506812,6.854794913394168,1.2125238586183509,0.6811205338523565,0.05361612330707557,10,123,22,False,False,,0.6446 ± 0.0507,0.6345 ± 0.0548,6.85 ± 1.21,0.6811 ± 0.0536,0.6446 $\pm$ 0.0507,0.6345 $\pm$ 0.0548,6.85 $\pm$ 1.21,0.6811 $\pm$ 0.0536
BERT,10,BERT student results for FS=10.,tab:bert_fs10,1.0,0.5,0.6434605263157895,0.044226537844809656,0.6328400172318235,0.04536630401792103,7.086361199976636,1.032806275277521,0.6798693173919089,0.04672899869603133,10,123,23,False,False,,0.6435 ± 0.0442,0.6328 ± 0.0454,7.09 ± 1.03,0.6799 ± 0.0467,0.6435 $\pm$ 0.0442,0.6328 $\pm$ 0.0454,7.09 $\pm$ 1.03,0.6799 $\pm$ 0.0467
BERT,10,BERT student results for FS=10.,tab:bert_fs10,2.5,0.9,0.6426184210526316,0.051330011899237575,0.6321776422152612,0.05539691707685519,6.615085406583603,1.3184452069790844,0.6789795634644794,0.054234407122786835,10,123,24,False,False,,0.6426 ± 0.0513,0.6322 ± 0.0554,6.62 ± 1.32,0.6790 ± 0.0542,0.6426 $\pm$ 0.0513,0.6322 $\pm$ 0.0554,6.62 $\pm$ 1.32,0.6790 $\pm$ 0.0542
BERT,10,BERT student results for FS=10.,tab:bert_fs10,3.0,0.3,0.6404605263157894,0.05677069541140582,0.6264554818831188,0.058794937969878475,6.746652026674079,0.6713307579831965,0.6766995690254415,0.059982939681173957,10,123,25,False,False,,0.6405 ± 0.0568,0.6265 ± 0.0588,6.75 ± 0.67,0.6767 ± 0.0600,0.6405 $\pm$ 0.0568,0.6265 $\pm$ 0.0588,6.75 $\pm$ 0.67,0.6767 $\pm$ 0.0600
BERT,10,BERT student results for FS=10.,tab:bert_fs10,1.5,0.7,0.6398815789473684,0.03782357322619606,0.629723438147119,0.039752844691457324,6.8723365266775245,0.9466276512435117,0.6760878632003338,0.039963736482564995,10,123,26,False,False,,0.6399 ± 0.0378,0.6297 ± 0.0398,6.87 ± 0.95,0.6761 ± 0.0400,0.6399 $\pm$ 0.0378,0.6297 $\pm$ 0.0398,6.87 $\pm$ 0.95,0.6761 $\pm$ 0.0400
BERT,10,BERT student results for FS=10.,tab:bert_fs10,2.5,0.3,0.6393947368421051,0.05693804173930469,0.6247960572843931,0.06088006609608323,7.041653413422561,0.9986484045615203,0.6755734742110385,0.06015975493100454,10,123,27,False,False,,0.6394 ± 0.0569,0.6248 ± 0.0609,7.04 ± 1.00,0.6756 ± 0.0602,0.6394 $\pm$ 0.0569,0.6248 $\pm$ 0.0609,7.04 $\pm$ 1.00,0.6756 $\pm$ 0.0602
BERT,10,BERT student results for FS=10.,tab:bert_fs10,0.5,0.9,0.6388289473684211,0.056955142979262574,0.6269453127744973,0.06323177924940887,6.5217223467410195,0.9592523180470045,0.6749756707910469,0.06017782380681155,10,123,28,False,False,,0.6388 ± 0.0570,0.6269 ± 0.0632,6.52 ± 0.96,0.6750 ± 0.0602,0.6388 $\pm$ 0.0570,0.6269 $\pm$ 0.0632,6.52 $\pm$ 0.96,0.6750 $\pm$ 0.0602
BERT,10,BERT student results for FS=10.,tab:bert_fs10,1.5,0.5,0.6372236842105263,0.05491439832529122,0.6272335615084115,0.05752664252290813,6.976942446573654,0.9505315239602105,0.6732795773668845,0.05802160812904395,10,123,29,False,False,,0.6372 ± 0.0549,0.6272 ± 0.0575,6.98 ± 0.95,0.6733 ± 0.0580,0.6372 $\pm$ 0.0549,0.6272 $\pm$ 0.0575,6.98 $\pm$ 0.95,0.6733 $\pm$ 0.0580
BERT,10,BERT student results for FS=10.,tab:bert_fs10,1.5,0.3,0.6371973684210527,0.05683215644199993,0.6235474459316865,0.0582752915552497,7.75713956672765,1.9151946689094315,0.6732517725566524,0.06004787834828298,10,123,30,False,False,,0.6372 ± 0.0568,0.6235 ± 0.0583,7.76 ± 1.92,0.6733 ± 0.0600,0.6372 $\pm$ 0.0568,0.6235 $\pm$ 0.0583,7.76 $\pm$ 1.92,0.6733 $\pm$ 0.0600
BERT,10,BERT student results for FS=10.,tab:bert_fs10,0.5,0.5,0.6329605263157895,0.05534320469803025,0.6203613329950202,0.062318833642400866,6.479460920005901,0.5742499663999482,0.6687751981092729,0.05847467756221743,10,123,31,False,True,blue!12,0.6330 ± 0.0553,0.6204 ± 0.0623,6.48 ± 0.57,0.6688 ± 0.0585,0.6330 $\pm$ 0.0553,0.6204 $\pm$ 0.0623,6.48 $\pm$ 0.57,0.6688 $\pm$ 0.0585
BERT,10,BERT student results for FS=10.,tab:bert_fs10,3.0,0.7,0.6316447368421052,0.06479503547369621,0.6226591466707125,0.0667695294342525,6.661316073295893,1.2007983810923657,0.6673849575976644,0.06846131928264858,10,123,32,False,False,,0.6316 ± 0.0648,0.6227 ± 0.0668,6.66 ± 1.20,0.6674 ± 0.0685,0.6316 $\pm$ 0.0648,0.6227 $\pm$ 0.0668,6.66 $\pm$ 1.20,0.6674 $\pm$ 0.0685
BERT,10,BERT student results for FS=10.,tab:bert_fs10,2.5,0.7,0.6281842105263158,0.06688531204743209,0.6190279795694572,0.06902925203823011,7.2275913067020765,1.032785166302968,0.663728625052134,0.07066986953433671,10,123,33,False,False,,0.6282 ± 0.0669,0.6190 ± 0.0690,7.23 ± 1.03,0.6637 ± 0.0707,0.6282 $\pm$ 0.0669,0.6190 $\pm$ 0.0690,7.23 $\pm$ 1.03,0.6637 $\pm$ 0.0707
BERT,10,BERT student results for FS=10.,tab:bert_fs10,0.5,0.3,0.6272105263157896,0.06699755718317936,0.6119401530472361,0.06508582225415287,6.643649533228503,1.1867701366802328,0.6626998470735436,0.0707884658128963,10,123,34,False,False,,0.6272 ± 0.0670,0.6119 ± 0.0651,6.64 ± 1.19,0.6627 ± 0.0708,0.6272 $\pm$ 0.0670,0.6119 $\pm$ 0.0651,6.64 $\pm$ 1.19,0.6627 $\pm$ 0.0708
BERT,10,BERT student results for FS=10.,tab:bert_fs10,0.1,0.5,0.6249868421052632,0.07045507470405751,0.6099715320492338,0.08267380290338881,6.95966801999172,0.9148510670087127,0.6603503406089253,0.07444161931750831,10,123,35,False,False,,0.6250 ± 0.0705,0.6100 ± 0.0827,6.96 ± 0.91,0.6604 ± 0.0744,0.6250 $\pm$ 0.0705,0.6100 $\pm$ 0.0827,6.96 $\pm$ 0.91,0.6604 $\pm$ 0.0744
BERT,100,BERT student results for FS=100.,tab:bert_fs100,3.0,0.3,0.875907894736842,0.005357505960228245,0.8758451383951229,0.005415299331649428,6.249221933382311,0.764392987330325,0.9254692061726681,0.00566064858859094,10,123,1,True,True,green!15,0.8759 ± 0.0054,0.8758 ± 0.0054,6.25 ± 0.76,0.9255 ± 0.0057,0.8759 $\pm$ 0.0054,0.8758 $\pm$ 0.0054,6.25 $\pm$ 0.76,0.9255 $\pm$ 0.0057
BERT,100,BERT student results for FS=100.,tab:bert_fs100,2.5,0.5,0.8754868421052633,0.0030260297347644762,0.8753995630399846,0.0029977577504948874,6.996807893289467,0.7250794855859162,0.9250243292089531,0.003197250936217169,10,123,2,False,False,,0.8755 ± 0.0030,0.8754 ± 0.0030,7.00 ± 0.73,0.9250 ± 0.0032,0.8755 $\pm$ 0.0030,0.8754 $\pm$ 0.0030,7.00 $\pm$ 0.73,0.9250 $\pm$ 0.0032
BERT,100,BERT student results for FS=100.,tab:bert_fs100,3.0,0.1,0.8750526315789475,0.005178857033396522,0.8750123867083509,0.00516425735362029,7.005085326539605,1.1389023155111375,0.9245655498401224,0.005471891207258937,10,123,3,False,False,,0.8751 ± 0.0052,0.8750 ± 0.0052,7.01 ± 1.14,0.9246 ± 0.0055,0.8751 $\pm$ 0.0052,0.8750 $\pm$ 0.0052,7.01 $\pm$ 1.14,0.9246 $\pm$ 0.0055
BERT,100,BERT student results for FS=100.,tab:bert_fs100,2.0,0.1,0.874986842105263,0.004606077622214507,0.8749470456823654,0.004672351115929329,6.7106641797605935,0.8556874667677403,0.9244960378145419,0.004866702339612165,10,123,4,False,False,,0.8750 ± 0.0046,0.8749 ± 0.0047,6.71 ± 0.86,0.9245 ± 0.0049,0.8750 $\pm$ 0.0046,0.8749 $\pm$ 0.0047,6.71 $\pm$ 0.86,0.9245 $\pm$ 0.0049
BERT,100,BERT student results for FS=100.,tab:bert_fs100,1.5,0.3,0.8749210526315789,0.003512717080345325,0.8748920758415547,0.0033884422220077986,6.440138753472032,0.4704542442308488,0.9244265257889616,0.0037114764090955656,10,123,5,False,False,,0.8749 ± 0.0035,0.8749 ± 0.0034,6.44 ± 0.47,0.9244 ± 0.0037,0.8749 $\pm$ 0.0035,0.8749 $\pm$ 0.0034,6.44 $\pm$ 0.47,0.9244 $\pm$ 0.0037
BERT,100,BERT student results for FS=100.,tab:bert_fs100,2.5,0.1,0.8748026315789474,0.0036539326010984843,0.8747470685013059,0.003602653991753509,6.751503740003197,0.8294124570711798,0.9243014041429166,0.0038606822978379633,10,123,6,False,False,,0.8748 ± 0.0037,0.8747 ± 0.0036,6.75 ± 0.83,0.9243 ± 0.0039,0.8748 $\pm$ 0.0037,0.8747 $\pm$ 0.0036,6.75 $\pm$ 0.83,0.9243 $\pm$ 0.0039
BERT,100,BERT student results for FS=100.,tab:bert_fs100,2.0,0.3,0.8747763157894737,0.006453198819786567,0.8748283057579977,0.006557844304303609,6.370791460067267,0.7484618756726138,0.9242735993326846,0.006818338805835945,10,123,7,False,False,,0.8748 ± 0.0065,0.8748 ± 0.0066,6.37 ± 0.75,0.9243 ± 0.0068,0.8748 $\pm$ 0.0065,0.8748 $\pm$ 0.0066,6.37 $\pm$ 0.75,0.9243 $\pm$ 0.0068
BERT,100,BERT student results for FS=100.,tab:bert_fs100,1.0,0.3,0.8745263157894737,0.004026115119411674,0.8744411167679603,0.00416750072242293,6.8761738933608285,0.7477456143535198,0.924009453635479,0.004253923940988283,10,123,8,False,False,,0.8745 ± 0.0040,0.8744 ± 0.0042,6.88 ± 0.75,0.9240 ± 0.0043,0.8745 $\pm$ 0.0040,0.8744 $\pm$ 0.0042,6.88 $\pm$ 0.75,0.9240 $\pm$ 0.0043
BERT,100,BERT student results for FS=100.,tab:bert_fs100,3.0,0.5,0.8742368421052632,0.003947270953962377,0.8740927332950221,0.003848005087919735,6.422716300015358,0.40257350421365284,0.923703600722925,0.004170618552775488,10,123,9,False,False,,0.8742 ± 0.0039,0.8741 ± 0.0038,6.42 ± 0.40,0.9237 ± 0.0042,0.8742 $\pm$ 0.0039,0.8741 $\pm$ 0.0038,6.42 $\pm$ 0.40,0.9237 $\pm$ 0.0042
BERT,100,BERT student results for FS=100.,tab:bert_fs100,2.0,0.5,0.8739342105263159,0.0038081947003746827,0.8738416479147594,0.004003591382255694,6.8831435997951,1.001907489540835,0.9233838454052551,0.004023672976900794,10,123,10,False,False,,0.8739 ± 0.0038,0.8738 ± 0.0040,6.88 ± 1.00,0.9234 ± 0.0040,0.8739 $\pm$ 0.0038,0.8738 $\pm$ 0.0040,6.88 $\pm$ 1.00,0.9234 $\pm$ 0.0040
BERT,100,BERT student results for FS=100.,tab:bert_fs100,1.5,0.5,0.8737236842105263,0.004275832181381344,0.8735461653306482,0.0043703254980664,6.8152330334366225,1.000494996043919,0.9231614069233979,0.0045177706907407475,10,123,11,False,False,,0.8737 ± 0.0043,0.8735 ± 0.0044,6.82 ± 1.00,0.9232 ± 0.0045,0.8737 $\pm$ 0.0043,0.8735 $\pm$ 0.0044,6.82 $\pm$ 1.00,0.9232 $\pm$ 0.0045
BERT,100,BERT student results for FS=100.,tab:bert_fs100,1.5,0.1,0.8735526315789475,0.0045495798175052195,0.8735441550517022,0.0045955678625092256,7.270986020060566,0.9866583986848264,0.9229806756568886,0.004807007731550045,10,123,12,False,False,,0.8736 ± 0.0045,0.8735 ± 0.0046,7.27 ± 0.99,0.9230 ± 0.0048,0.8736 $\pm$ 0.0045,0.8735 $\pm$ 0.0046,7.27 $\pm$ 0.99,0.9230 $\pm$ 0.0048
BERT,100,BERT student results for FS=100.,tab:bert_fs100,3.0,0.7,0.8733026315789474,0.004136990347477066,0.8732723854834974,0.004278624377383741,7.016635513294508,1.1010113989998553,0.9227165299596832,0.004371072798668935,10,123,13,False,False,,0.8733 ± 0.0041,0.8733 ± 0.0043,7.02 ± 1.10,0.9227 ± 0.0044,0.8733 $\pm$ 0.0041,0.8733 $\pm$ 0.0043,7.02 $\pm$ 1.10,0.9227 $\pm$ 0.0044
BERT,100,BERT student results for FS=100.,tab:bert_fs100,0.5,0.5,0.8731973684210527,0.004997710309834695,0.8731164397288529,0.0052136718596626315,6.553550006732015,0.587547059516318,0.9226053107187543,0.005280494696891929,10,123,14,False,False,,0.8732 ± 0.0050,0.8731 ± 0.0052,6.55 ± 0.59,0.9226 ± 0.0053,0.8732 $\pm$ 0.0050,0.8731 $\pm$ 0.0052,6.55 $\pm$ 0.59,0.9226 $\pm$ 0.0053
BERT,100,BERT student results for FS=100.,tab:bert_fs100,1.0,0.1,0.8728815789473685,0.005191192940834414,0.8727113407383259,0.005718113371734866,6.519089633317586,0.7882929148551427,0.9222716529959685,0.005484925114742335,10,123,15,False,False,,0.8729 ± 0.0052,0.8727 ± 0.0057,6.52 ± 0.79,0.9223 ± 0.0055,0.8729 $\pm$ 0.0052,0.8727 $\pm$ 0.0057,6.52 $\pm$ 0.79,0.9223 $\pm$ 0.0055
BERT,100,BERT student results for FS=100.,tab:bert_fs100,2.5,0.3,0.8728552631578947,0.005089250374582914,0.8727873681324401,0.005147263000030406,7.013251039934403,1.1961944662141253,0.9222438481857361,0.005377214353792587,10,123,16,False,False,,0.8729 ± 0.0051,0.8728 ± 0.0051,7.01 ± 1.20,0.9222 ± 0.0054,0.8729 $\pm$ 0.0051,0.8728 $\pm$ 0.0051,7.01 $\pm$ 1.20,0.9222 $\pm$ 0.0054
BERT,100,BERT student results for FS=100.,tab:bert_fs100,1.0,0.7,0.8718947368421052,0.0035530105927345282,0.8718187613349409,0.0036490159690093014,6.496176093254084,0.8391197331406797,0.921228972612262,0.0037540498407872126,10,123,17,False,False,,0.8719 ± 0.0036,0.8718 ± 0.0036,6.50 ± 0.84,0.9212 ± 0.0038,0.8719 $\pm$ 0.0036,0.8718 $\pm$ 0.0036,6.50 $\pm$ 0.84,0.9212 $\pm$ 0.0038
BERT,100,BERT student results for FS=100.,tab:bert_fs100,2.5,0.7,0.8718684210526316,0.006279684814270085,0.8717224246036439,0.00601382404303996,6.817907540001518,0.7821382805965206,0.9212011678020298,0.006635006893987589,10,123,18,False,False,,0.8719 ± 0.0063,0.8717 ± 0.0060,6.82 ± 0.78,0.9212 ± 0.0066,0.8719 $\pm$ 0.0063,0.8717 $\pm$ 0.0060,6.82 $\pm$ 0.78,0.9212 $\pm$ 0.0066
BERT,100,BERT student results for FS=100.,tab:bert_fs100,1.0,0.5,0.8714078947368421,0.00597298537788329,0.8711460571606497,0.006075142384076502,6.574709546803206,0.8007331833966894,0.9207145836229668,0.006310953548159744,10,123,19,False,False,,0.8714 ± 0.0060,0.8711 ± 0.0061,6.57 ± 0.80,0.9207 ± 0.0063,0.8714 $\pm$ 0.0060,0.8711 $\pm$ 0.0061,6.57 $\pm$ 0.80,0.9207 $\pm$ 0.0063
BERT,100,BERT student results for FS=100.,tab:bert_fs100,0.1,0.3,0.8712763157894736,0.007511161797906124,0.8711637189689252,0.007923619975376942,6.621854013198269,0.7370827976672056,0.9205755595718058,0.00793616427972843,10,123,20,False,False,,0.8713 ± 0.0075,0.8712 ± 0.0079,6.62 ± 0.74,0.9206 ± 0.0079,0.8713 $\pm$ 0.0075,0.8712 $\pm$ 0.0079,6.62 $\pm$ 0.74,0.9206 $\pm$ 0.0079
BERT,100,BERT student results for FS=100.,tab:bert_fs100,0.1,0.9,0.8710526315789474,0.007921737453639523,0.8707699373917933,0.008374829362969035,6.716205746646058,0.6327954170108434,0.9203392186848325,0.008369971451085851,10,123,21,False,False,,0.8711 ± 0.0079,0.8708 ± 0.0084,6.72 ± 0.63,0.9203 ± 0.0084,0.8711 $\pm$ 0.0079,0.8708 $\pm$ 0.0084,6.72 $\pm$ 0.63,0.9203 $\pm$ 0.0084
BERT,100,BERT student results for FS=100.,tab:bert_fs100,2.0,0.7,0.8703552631578948,0.008160264228608159,0.8701190073765879,0.008736557236616774,6.823263706792204,1.092887836349542,0.9196023912136798,0.008621994736191012,10,123,22,False,False,,0.8704 ± 0.0082,0.8701 ± 0.0087,6.82 ± 1.09,0.9196 ± 0.0086,0.8704 $\pm$ 0.0082,0.8701 $\pm$ 0.0087,6.82 $\pm$ 1.09,0.9196 $\pm$ 0.0086
BERT,100,BERT student results for FS=100.,tab:bert_fs100,0.1,0.5,0.8703289473684211,0.005574231842508972,0.8702438546567578,0.005478391503827232,6.649423059813367,0.7415000128481648,0.9195745864034478,0.005889637425701124,10,123,23,False,False,,0.8703 ± 0.0056,0.8702 ± 0.0055,6.65 ± 0.74,0.9196 ± 0.0059,0.8703 $\pm$ 0.0056,0.8702 $\pm$ 0.0055,6.65 $\pm$ 0.74,0.9196 $\pm$ 0.0059
BERT,100,BERT student results for FS=100.,tab:bert_fs100,1.5,0.7,0.8701578947368421,0.008447464064605826,0.8698567692462678,0.009126715747805,6.662688153446652,0.9327463917314293,0.9193938551369387,0.00892544513985878,10,123,24,False,False,,0.8702 ± 0.0084,0.8699 ± 0.0091,6.66 ± 0.93,0.9194 ± 0.0089,0.8702 $\pm$ 0.0084,0.8699 $\pm$ 0.0091,6.66 $\pm$ 0.93,0.9194 $\pm$ 0.0089
BERT,100,BERT student results for FS=100.,tab:bert_fs100,0.5,0.7,0.8691842105263158,0.006602530829761894,0.8686417889800631,0.007223334212351488,6.726612386410125,0.6481028161982854,0.9183650771583484,0.006976120437396142,10,123,25,False,False,,0.8692 ± 0.0066,0.8686 ± 0.0072,6.73 ± 0.65,0.9184 ± 0.0070,0.8692 $\pm$ 0.0066,0.8686 $\pm$ 0.0072,6.73 $\pm$ 0.65,0.9184 $\pm$ 0.0070
BERT,100,BERT student results for FS=100.,tab:bert_fs100,3.0,0.9,0.868907894736842,0.008666926358066766,0.8684462990147029,0.00973691899953555,7.100615013368952,0.7972143180769101,0.9180731266509106,0.009157325221925118,10,123,26,False,False,,0.8689 ± 0.0087,0.8684 ± 0.0097,7.10 ± 0.80,0.9181 ± 0.0092,0.8689 $\pm$ 0.0087,0.8684 $\pm$ 0.0097,7.10 $\pm$ 0.80,0.9181 $\pm$ 0.0092
BERT,100,BERT student results for FS=100.,tab:bert_fs100,1.5,0.9,0.8686315789473683,0.009184633613472404,0.8683006708668062,0.009764792419768435,7.17440933988352,0.8889581224638214,0.9177811761434729,0.00970432579763523,10,123,27,False,False,,0.8686 ± 0.0092,0.8683 ± 0.0098,7.17 ± 0.89,0.9178 ± 0.0097,0.8686 $\pm$ 0.0092,0.8683 $\pm$ 0.0098,7.17 $\pm$ 0.89,0.9178 $\pm$ 0.0097
BERT,100,BERT student results for FS=100.,tab:bert_fs100,0.5,0.1,0.8675131578947368,0.008347506414646641,0.8672827587240084,0.008735889497771774,6.58072903342448,0.7208529879752718,0.9165994717086056,0.008819831607300765,10,123,28,False,False,,0.8675 ± 0.0083,0.8673 ± 0.0087,6.58 ± 0.72,0.9166 ± 0.0088,0.8675 $\pm$ 0.0083,0.8673 $\pm$ 0.0087,6.58 $\pm$ 0.72,0.9166 $\pm$ 0.0088
BERT,100,BERT student results for FS=100.,tab:bert_fs100,0.1,0.7,0.8674342105263158,0.009699678166850384,0.8668199260911227,0.010340434934725964,6.441351613563408,1.0423802063199066,0.916516057277909,0.01024851300821119,10,123,29,False,False,,0.8674 ± 0.0097,0.8668 ± 0.0103,6.44 ± 1.04,0.9165 ± 0.0102,0.8674 $\pm$ 0.0097,0.8668 $\pm$ 0.0103,6.44 $\pm$ 1.04,0.9165 $\pm$ 0.0102
BERT,100,BERT student results for FS=100.,tab:bert_fs100,2.0,0.9,0.8672763157894735,0.011409925657460362,0.8668380726727651,0.01237072243887496,6.552867786886054,0.6958485135351018,0.9163492284165162,0.012055531071416478,10,123,30,False,False,,0.8673 ± 0.0114,0.8668 ± 0.0124,6.55 ± 0.70,0.9163 ± 0.0121,0.8673 $\pm$ 0.0114,0.8668 $\pm$ 0.0124,6.55 $\pm$ 0.70,0.9163 $\pm$ 0.0121
BERT,100,BERT student results for FS=100.,tab:bert_fs100,0.1,0.1,0.8671447368421055,0.01247096504771378,0.8667082428468194,0.01380957219195418,6.713481586787869,1.0608112651183361,0.916210204365355,0.013176607029420922,10,123,31,False,False,,0.8671 ± 0.0125,0.8667 ± 0.0138,6.71 ± 1.06,0.9162 ± 0.0132,0.8671 $\pm$ 0.0125,0.8667 $\pm$ 0.0138,6.71 $\pm$ 1.06,0.9162 $\pm$ 0.0132
BERT,100,BERT student results for FS=100.,tab:bert_fs100,0.5,0.3,0.8639999999999999,0.018465714446883896,0.8636802452409651,0.018823840543742497,6.817125666651313,1.0110191658590841,0.9128875295426109,0.019510556067887905,10,123,32,False,False,,0.8640 ± 0.0185,0.8637 ± 0.0188,6.82 ± 1.01,0.9129 ± 0.0195,0.8640 $\pm$ 0.0185,0.8637 $\pm$ 0.0188,6.82 $\pm$ 1.01,0.9129 $\pm$ 0.0195
BERT,100,BERT student results for FS=100.,tab:bert_fs100,1.0,0.9,0.8639605263157895,0.021304094871523183,0.8629040222741902,0.023543709502242625,6.711579006744918,0.8647727493789193,0.9128458223272625,0.02250953997269237,10,123,33,False,False,,0.8640 ± 0.0213,0.8629 ± 0.0235,6.71 ± 0.86,0.9128 ± 0.0225,0.8640 $\pm$ 0.0213,0.8629 $\pm$ 0.0235,6.71 $\pm$ 0.86,0.9128 $\pm$ 0.0225
BERT,100,BERT student results for FS=100.,tab:bert_fs100,2.5,0.9,0.8632763157894736,0.012544848752563101,0.862747790507141,0.012739932430357875,6.8413227400014875,0.7829271707858354,0.9121228972612263,0.01325467128033917,10,123,34,False,False,,0.8633 ± 0.0125,0.8627 ± 0.0127,6.84 ± 0.78,0.9121 ± 0.0133,0.8633 $\pm$ 0.0125,0.8627 $\pm$ 0.0127,6.84 $\pm$ 0.78,0.9121 $\pm$ 0.0133
BERT,100,BERT student results for FS=100.,tab:bert_fs100,0.5,0.9,0.8626184210526315,0.018315114131866105,0.8617762811566824,0.019533279716098573,7.135503339959541,0.9714639476610266,0.9114277770054219,0.019351434367048843,10,123,35,False,False,,0.8626 ± 0.0183,0.8618 ± 0.0195,7.14 ± 0.97,0.9114 ± 0.0194,0.8626 $\pm$ 0.0183,0.8618 $\pm$ 0.0195,7.14 $\pm$ 0.97,0.9114 $\pm$ 0.0194
BERT,1000,BERT student results for FS=1000.,tab:bert_fs1000,0.5,0.5,0.9118421052631579,0.0030907829697276856,0.9117337372813796,0.003222640380696375,6.785920186909304,0.9410242866588129,0.9634366745446963,0.0032656680897998583,10,123,1,True,False,green!15,0.9118 ± 0.0031,0.9117 ± 0.0032,6.79 ± 0.94,0.9634 ± 0.0033,0.9118 $\pm$ 0.0031,0.9117 $\pm$ 0.0032,6.79 $\pm$ 0.94,0.9634 $\pm$ 0.0033
BERT,1000,BERT student results for FS=1000.,tab:bert_fs1000,1.5,0.3,0.9117631578947367,0.0032207439748151304,0.9116778318994261,0.003182947701813409,6.775387679808773,0.8700324255513819,0.9633532601139996,0.00340298265099334,10,123,2,False,False,,0.9118 ± 0.0032,0.9117 ± 0.0032,6.78 ± 0.87,0.9634 ± 0.0034,0.9118 $\pm$ 0.0032,0.9117 $\pm$ 0.0032,6.78 $\pm$ 0.87,0.9634 $\pm$ 0.0034
BERT,1000,BERT student results for FS=1000.,tab:bert_fs1000,2.0,0.7,0.9117368421052632,0.003233024420993536,0.9116295145637003,0.0033023378139854275,7.179821166258383,1.0202223711432215,0.9633254553037676,0.0034159579590644722,10,123,3,False,False,,0.9117 ± 0.0032,0.9116 ± 0.0033,7.18 ± 1.02,0.9633 ± 0.0034,0.9117 $\pm$ 0.0032,0.9116 $\pm$ 0.0033,7.18 $\pm$ 1.02,0.9633 $\pm$ 0.0034
BERT,1000,BERT student results for FS=1000.,tab:bert_fs1000,2.0,0.5,0.9116578947368422,0.0033736025571493022,0.9115846396826358,0.0034154155020180077,6.73879588682515,0.7249497616190448,0.963242040873071,0.0035644903982114187,10,123,4,False,False,,0.9117 ± 0.0034,0.9116 ± 0.0034,6.74 ± 0.72,0.9632 ± 0.0036,0.9117 $\pm$ 0.0034,0.9116 $\pm$ 0.0034,6.74 $\pm$ 0.72,0.9632 $\pm$ 0.0036
BERT,1000,BERT student results for FS=1000.,tab:bert_fs1000,1.5,0.5,0.9112631578947369,0.0024874260584848806,0.9112598196205717,0.00243280216214723,7.033163520197074,0.8800457087304682,0.9628249687195884,0.002628171561863628,10,123,5,False,False,,0.9113 ± 0.0025,0.9113 ± 0.0024,7.03 ± 0.88,0.9628 ± 0.0026,0.9113 $\pm$ 0.0025,0.9113 $\pm$ 0.0024,7.03 $\pm$ 0.88,0.9628 $\pm$ 0.0026
BERT,1000,BERT student results for FS=1000.,tab:bert_fs1000,1.0,0.1,0.9110263157894737,0.002761974126825695,0.9110065180787933,0.0027450218955052588,7.01849028671859,0.744822539941315,0.9625747254274991,0.0029182543255769798,10,123,6,False,False,,0.9110 ± 0.0028,0.9110 ± 0.0027,7.02 ± 0.74,0.9626 ± 0.0029,0.9110 $\pm$ 0.0028,0.9110 $\pm$ 0.0027,7.02 $\pm$ 0.74,0.9626 $\pm$ 0.0029
BERT,1000,BERT student results for FS=1000.,tab:bert_fs1000,1.5,0.1,0.9107368421052631,0.003039445203785462,0.9105783114137695,0.0032649456493560104,6.795435740350513,0.7959962121369014,0.9622688725149452,0.003211425489888705,10,123,7,False,False,,0.9107 ± 0.0030,0.9106 ± 0.0033,6.80 ± 0.80,0.9623 ± 0.0032,0.9107 $\pm$ 0.0030,0.9106 $\pm$ 0.0033,6.80 $\pm$ 0.80,0.9623 $\pm$ 0.0032
BERT,1000,BERT student results for FS=1000.,tab:bert_fs1000,2.0,0.3,0.9106578947368421,0.004431344189584249,0.910636653398971,0.004394092528099435,7.375524966919329,0.9030330639265287,0.9621854580842484,0.004682082002063154,10,123,8,False,False,,0.9107 ± 0.0044,0.9106 ± 0.0044,7.38 ± 0.90,0.9622 ± 0.0047,0.9107 $\pm$ 0.0044,0.9106 $\pm$ 0.0044,7.38 $\pm$ 0.90,0.9622 $\pm$ 0.0047
BERT,1000,BERT student results for FS=1000.,tab:bert_fs1000,2.5,0.5,0.9101184210526316,0.003324347305979406,0.9099672376166081,0.003453190736247907,6.616098320373567,0.6423449431987986,0.9616154594744891,0.003512448147566191,10,123,9,False,False,,0.9101 ± 0.0033,0.9100 ± 0.0035,6.62 ± 0.64,0.9616 ± 0.0035,0.9101 $\pm$ 0.0033,0.9100 $\pm$ 0.0035,6.62 $\pm$ 0.64,0.9616 $\pm$ 0.0035
BERT,1000,BERT student results for FS=1000.,tab:bert_fs1000,1.0,0.3,0.9099736842105262,0.004073425804397745,0.909903551354826,0.003998153994697999,6.500133126634561,0.6239009164159236,0.961462533018212,0.004303911596471971,10,123,10,False,False,,0.9100 ± 0.0041,0.9099 ± 0.0040,6.50 ± 0.62,0.9615 ± 0.0043,0.9100 $\pm$ 0.0041,0.9099 $\pm$ 0.0040,6.50 $\pm$ 0.62,0.9615 $\pm$ 0.0043
BERT,1000,BERT student results for FS=1000.,tab:bert_fs1000,3.0,0.3,0.9099210526315791,0.004562331214702635,0.909727782427224,0.004622874403011313,7.377597953648849,1.0959871954413805,0.961406923397748,0.004820480638362285,10,123,11,False,False,,0.9099 ± 0.0046,0.9097 ± 0.0046,7.38 ± 1.10,0.9614 ± 0.0048,0.9099 $\pm$ 0.0046,0.9097 $\pm$ 0.0046,7.38 $\pm$ 1.10,0.9614 $\pm$ 0.0048
BERT,1000,BERT student results for FS=1000.,tab:bert_fs1000,3.0,0.5,0.9098947368421053,0.002608672233491837,0.9098084275790965,0.002596028675239982,6.938828106746465,0.7482221230113781,0.9613791185875156,0.002756278183586544,10,123,12,False,False,,0.9099 ± 0.0026,0.9098 ± 0.0026,6.94 ± 0.75,0.9614 ± 0.0028,0.9099 $\pm$ 0.0026,0.9098 $\pm$ 0.0026,6.94 $\pm$ 0.75,0.9614 $\pm$ 0.0028
BERT,1000,BERT student results for FS=1000.,tab:bert_fs1000,0.5,0.1,0.9098289473684209,0.003346034205761351,0.9097602225531551,0.0033707552796704357,6.685988553363131,0.6411412152508955,0.9613096065619352,0.0035353621526186874,10,123,13,False,False,,0.9098 ± 0.0033,0.9098 ± 0.0034,6.69 ± 0.64,0.9613 ± 0.0035,0.9098 $\pm$ 0.0033,0.9098 $\pm$ 0.0034,6.69 $\pm$ 0.64,0.9613 $\pm$ 0.0035
BERT,1000,BERT student results for FS=1000.,tab:bert_fs1000,2.5,0.1,0.9097631578947369,0.0030220539530944716,0.9097338324038897,0.0029361831655238505,6.413519460426566,0.7147447571904009,0.9612400945363551,0.0031930501937325055,10,123,14,False,True,blue!12,0.9098 ± 0.0030,0.9097 ± 0.0029,6.41 ± 0.71,0.9612 ± 0.0032,0.9098 $\pm$ 0.0030,0.9097 $\pm$ 0.0029,6.41 $\pm$ 0.71,0.9612 $\pm$ 0.0032
BERT,1000,BERT student results for FS=1000.,tab:bert_fs1000,2.5,0.3,0.9096052631578948,0.002776700314270964,0.9094557017611222,0.002677502885271327,7.336989059792055,0.6681019743206184,0.9610732656749619,0.0029338137617766426,10,123,15,False,False,,0.9096 ± 0.0028,0.9095 ± 0.0027,7.34 ± 0.67,0.9611 ± 0.0029,0.9096 $\pm$ 0.0028,0.9095 $\pm$ 0.0027,7.34 $\pm$ 0.67,0.9611 $\pm$ 0.0029
BERT,1000,BERT student results for FS=1000.,tab:bert_fs1000,2.0,0.1,0.9095921052631579,0.0025615311792262893,0.9095073783041079,0.0024960711869745278,7.160713666477628,1.152185761383188,0.9610593632698456,0.002706469757002622,10,123,16,False,False,,0.9096 ± 0.0026,0.9095 ± 0.0025,7.16 ± 1.15,0.9611 ± 0.0027,0.9096 $\pm$ 0.0026,0.9095 $\pm$ 0.0025,7.16 $\pm$ 1.15,0.9611 $\pm$ 0.0027
BERT,1000,BERT student results for FS=1000.,tab:bert_fs1000,2.5,0.7,0.9095131578947371,0.003367238690513652,0.9093864410221624,0.003419113175638792,6.824960273515899,1.0903068694786588,0.9609759488391492,0.003557766446253819,10,123,17,False,False,,0.9095 ± 0.0034,0.9094 ± 0.0034,6.82 ± 1.09,0.9610 ± 0.0036,0.9095 $\pm$ 0.0034,0.9094 $\pm$ 0.0034,6.82 $\pm$ 1.09,0.9610 $\pm$ 0.0036
BERT,1000,BERT student results for FS=1000.,tab:bert_fs1000,0.5,0.3,0.9092368421052631,0.00282600486163652,0.90923670848248,0.0029714611534290536,6.741668279234243,0.790600795215786,0.9606839983317114,0.002985908097933763,10,123,18,False,False,,0.9092 ± 0.0028,0.9092 ± 0.0030,6.74 ± 0.79,0.9607 ± 0.0030,0.9092 $\pm$ 0.0028,0.9092 $\pm$ 0.0030,6.74 $\pm$ 0.79,0.9607 $\pm$ 0.0030
BERT,1000,BERT student results for FS=1000.,tab:bert_fs1000,3.0,0.7,0.909171052631579,0.0036506670568524292,0.9089334994640461,0.003875364713828104,6.986806526207753,0.9409708086551938,0.960614486306131,0.00385723197999144,10,123,19,False,False,,0.9092 ± 0.0037,0.9089 ± 0.0039,6.99 ± 0.94,0.9606 ± 0.0039,0.9092 $\pm$ 0.0037,0.9089 $\pm$ 0.0039,6.99 $\pm$ 0.94,0.9606 $\pm$ 0.0039
BERT,1000,BERT student results for FS=1000.,tab:bert_fs1000,1.0,0.7,0.9088552631578948,0.003968777226636573,0.9088159798617133,0.004078441648698528,6.828560726280557,0.6803723642713108,0.9602808285833451,0.0041933417103347664,10,123,20,False,False,,0.9089 ± 0.0040,0.9088 ± 0.0041,6.83 ± 0.68,0.9603 ± 0.0042,0.9089 $\pm$ 0.0040,0.9088 $\pm$ 0.0041,6.83 $\pm$ 0.68,0.9603 $\pm$ 0.0042
BERT,1000,BERT student results for FS=1000.,tab:bert_fs1000,1.0,0.5,0.9088026315789474,0.008268317475090237,0.9086076101846727,0.008566738490510291,7.0023970466960845,0.8198270373749695,0.9602252189628807,0.008736161936700399,10,123,21,False,False,,0.9088 ± 0.0083,0.9086 ± 0.0086,7.00 ± 0.82,0.9602 ± 0.0087,0.9088 $\pm$ 0.0083,0.9086 $\pm$ 0.0086,7.00 $\pm$ 0.82,0.9602 $\pm$ 0.0087
BERT,1000,BERT student results for FS=1000.,tab:bert_fs1000,3.0,0.1,0.9086447368421053,0.004294686138044933,0.9085655045634372,0.004200466159060044,7.2631772596408455,0.700475859618461,0.9600583901014875,0.0045376914568526945,10,123,22,False,False,,0.9086 ± 0.0043,0.9086 ± 0.0042,7.26 ± 0.70,0.9601 ± 0.0045,0.9086 $\pm$ 0.0043,0.9086 $\pm$ 0.0042,7.26 $\pm$ 0.70,0.9601 $\pm$ 0.0045
BERT,1000,BERT student results for FS=1000.,tab:bert_fs1000,1.5,0.9,0.9080394736842106,0.004583889414767819,0.9078202623809382,0.004652911060238879,7.585605152319962,1.531246324601283,0.9594188794661476,0.004843258661509158,10,123,23,False,False,,0.9080 ± 0.0046,0.9078 ± 0.0047,7.59 ± 1.53,0.9594 ± 0.0048,0.9080 $\pm$ 0.0046,0.9078 $\pm$ 0.0047,7.59 $\pm$ 1.53,0.9594 $\pm$ 0.0048
BERT,1000,BERT student results for FS=1000.,tab:bert_fs1000,2.0,0.9,0.9078552631578948,0.004022219182611756,0.907742547016956,0.004365607562665739,7.319834546700197,1.4507503458573792,0.9592242457945227,0.004249807561219139,10,123,24,False,False,,0.9079 ± 0.0040,0.9077 ± 0.0044,7.32 ± 1.45,0.9592 ± 0.0042,0.9079 $\pm$ 0.0040,0.9077 $\pm$ 0.0044,7.32 $\pm$ 1.45,0.9592 $\pm$ 0.0042
BERT,1000,BERT student results for FS=1000.,tab:bert_fs1000,3.0,0.9,0.907578947368421,0.004265539728827832,0.9076468007626364,0.00422398490651539,7.420046853852304,1.1483543756769286,0.9589322952870848,0.004506895862517941,10,123,25,False,False,,0.9076 ± 0.0043,0.9076 ± 0.0042,7.42 ± 1.15,0.9589 ± 0.0045,0.9076 $\pm$ 0.0043,0.9076 $\pm$ 0.0042,7.42 $\pm$ 1.15,0.9589 $\pm$ 0.0045
BERT,1000,BERT student results for FS=1000.,tab:bert_fs1000,0.5,0.7,0.907565789473684,0.0030996393221409354,0.9075827626518131,0.0030099629972631524,6.948828991929379,0.6371838481615958,0.9589183928819687,0.003275025559331452,10,123,26,False,False,,0.9076 ± 0.0031,0.9076 ± 0.0030,6.95 ± 0.64,0.9589 ± 0.0033,0.9076 $\pm$ 0.0031,0.9076 $\pm$ 0.0030,6.95 $\pm$ 0.64,0.9589 $\pm$ 0.0033
BERT,1000,BERT student results for FS=1000.,tab:bert_fs1000,1.5,0.7,0.9071052631578947,0.007395782532045616,0.9068716067567243,0.0077854259516853715,6.811984560384493,0.6423932406838664,0.9584318087029056,0.00781425653323323,10,123,27,False,False,,0.9071 ± 0.0074,0.9069 ± 0.0078,6.81 ± 0.64,0.9584 ± 0.0078,0.9071 $\pm$ 0.0074,0.9069 $\pm$ 0.0078,6.81 $\pm$ 0.64,0.9584 $\pm$ 0.0078
BERT,1000,BERT student results for FS=1000.,tab:bert_fs1000,0.5,0.9,0.9067105263157895,0.005909833425509303,0.9064987135093381,0.006254298196762786,6.897511753001406,0.9372897499624427,0.958014736549423,0.006244228282200836,10,123,28,False,False,,0.9067 ± 0.0059,0.9065 ± 0.0063,6.90 ± 0.94,0.9580 ± 0.0062,0.9067 $\pm$ 0.0059,0.9065 $\pm$ 0.0063,6.90 $\pm$ 0.94,0.9580 $\pm$ 0.0062
BERT,1000,BERT student results for FS=1000.,tab:bert_fs1000,2.5,0.9,0.9066447368421052,0.005748208199684959,0.9064011053022079,0.00610253161286759,6.911854466403989,0.7404997860450788,0.9579452245238425,0.006073457850355313,10,123,29,False,False,,0.9066 ± 0.0057,0.9064 ± 0.0061,6.91 ± 0.74,0.9579 ± 0.0061,0.9066 $\pm$ 0.0057,0.9064 $\pm$ 0.0061,6.91 $\pm$ 0.74,0.9579 $\pm$ 0.0061
BERT,1000,BERT student results for FS=1000.,tab:bert_fs1000,0.1,0.9,0.9065657894736843,0.008475802012784762,0.9065101955428038,0.008390120058813975,6.950171872110029,0.6770342706429988,0.9578618100931461,0.008955386528175192,10,123,30,False,False,,0.9066 ± 0.0085,0.9065 ± 0.0084,6.95 ± 0.68,0.9579 ± 0.0090,0.9066 $\pm$ 0.0085,0.9065 $\pm$ 0.0084,6.95 $\pm$ 0.68,0.9579 $\pm$ 0.0090
BERT,1000,BERT student results for FS=1000.,tab:bert_fs1000,0.1,0.5,0.9061052631578947,0.0024460947449731025,0.9060998541301817,0.0024727189743361244,7.442854086790854,1.91546028156811,0.9573752259140832,0.0025845016073676595,10,123,31,False,False,,0.9061 ± 0.0024,0.9061 ± 0.0025,7.44 ± 1.92,0.9574 ± 0.0026,0.9061 $\pm$ 0.0024,0.9061 $\pm$ 0.0025,7.44 $\pm$ 1.92,0.9574 $\pm$ 0.0026
BERT,1000,BERT student results for FS=1000.,tab:bert_fs1000,0.1,0.7,0.9059605263157895,0.004229239301124278,0.9059744511790256,0.004095689168366102,7.072100986503453,1.2564570412113405,0.9572222994578062,0.004468541455379456,10,123,32,False,False,,0.9060 ± 0.0042,0.9060 ± 0.0041,7.07 ± 1.26,0.9572 ± 0.0045,0.9060 $\pm$ 0.0042,0.9060 $\pm$ 0.0041,7.07 $\pm$ 1.26,0.9572 $\pm$ 0.0045
BERT,1000,BERT student results for FS=1000.,tab:bert_fs1000,0.1,0.3,0.9054078947368422,0.00725753288836715,0.9052195141385827,0.0077940494959941094,6.663423426895557,0.7149948425974424,0.9566383984429306,0.007668184339161735,10,123,33,False,False,,0.9054 ± 0.0073,0.9052 ± 0.0078,6.66 ± 0.71,0.9566 ± 0.0077,0.9054 $\pm$ 0.0073,0.9052 $\pm$ 0.0078,6.66 $\pm$ 0.71,0.9566 $\pm$ 0.0077
BERT,1000,BERT student results for FS=1000.,tab:bert_fs1000,0.1,0.1,0.9047500000000002,0.005795932734022192,0.904529702304206,0.0059799722427950844,7.396846799965715,1.4778241445996951,0.9559432781871265,0.006123882771940584,10,123,34,False,False,,0.9048 ± 0.0058,0.9045 ± 0.0060,7.40 ± 1.48,0.9559 ± 0.0061,0.9048 $\pm$ 0.0058,0.9045 $\pm$ 0.0060,7.40 $\pm$ 1.48,0.9559 $\pm$ 0.0061
BERT,1000,BERT student results for FS=1000.,tab:bert_fs1000,1.0,0.9,0.9026447368421053,0.006030805421756525,0.9024083040711041,0.00607571468665468,6.735333067093355,0.6550386308954405,0.9537188933685528,0.006372045211365168,10,123,35,False,False,,0.9026 ± 0.0060,0.9024 ± 0.0061,6.74 ± 0.66,0.9537 ± 0.0064,0.9026 $\pm$ 0.0060,0.9024 $\pm$ 0.0061,6.74 $\pm$ 0.66,0.9537 $\pm$ 0.0064
T5-small,10,T5-small student results for FS=10.,tab:t5small_fs10,0.1,0.3,0.2833026315789474,0.03786119017480504,0.21929343859519426,0.060455850413560684,14.659366999952303,1.5769308340038983,0.3072784358498645,0.041065369677253945,10,123,1,True,False,green!15,0.2833 ± 0.0379,0.2193 ± 0.0605,14.66 ± 1.58,0.3073 ± 0.0411,0.2833 $\pm$ 0.0379,0.2193 $\pm$ 0.0605,14.66 $\pm$ 1.58,0.3073 $\pm$ 0.0411
T5-small,10,T5-small student results for FS=10.,tab:t5small_fs10,0.1,0.5,0.2815657894736842,0.0386723462134086,0.20949149987061672,0.05958615540473989,14.655715026638063,3.092286877124557,0.30539460539460545,0.04194517357241408,10,123,2,False,False,,0.2816 ± 0.0387,0.2095 ± 0.0596,14.66 ± 3.09,0.3054 ± 0.0419,0.2816 $\pm$ 0.0387,0.2095 $\pm$ 0.0596,14.66 $\pm$ 3.09,0.3054 $\pm$ 0.0419
T5-small,10,T5-small student results for FS=10.,tab:t5small_fs10,0.1,0.7,0.2793157894736842,0.037046363604610694,0.20220612487513576,0.05827574046323736,14.61347466010011,1.8725643096128546,0.30295418866847446,0.04018158461467692,10,123,3,False,False,,0.2793 ± 0.0370,0.2022 ± 0.0583,14.61 ± 1.87,0.3030 ± 0.0402,0.2793 $\pm$ 0.0370,0.2022 $\pm$ 0.0583,14.61 $\pm$ 1.87,0.3030 $\pm$ 0.0402
T5-small,10,T5-small student results for FS=10.,tab:t5small_fs10,1.5,0.5,0.27919736842105264,0.036705125994038315,0.20996064033905798,0.05981475909719175,13.933867506690756,1.986931527492391,0.30282574568288856,0.03981146818248768,10,123,4,False,False,,0.2792 ± 0.0367,0.2100 ± 0.0598,13.93 ± 1.99,0.3028 ± 0.0398,0.2792 $\pm$ 0.0367,0.2100 $\pm$ 0.0598,13.93 $\pm$ 1.99,0.3028 $\pm$ 0.0398
T5-small,10,T5-small student results for FS=10.,tab:t5small_fs10,2.0,0.5,0.2790789473684211,0.03687195949977479,0.20965694751069047,0.059949627836632984,14.778899986661903,2.6529472512421406,0.3026973026973028,0.039992420750433626,10,123,5,False,False,,0.2791 ± 0.0369,0.2097 ± 0.0599,14.78 ± 2.65,0.3027 ± 0.0400,0.2791 $\pm$ 0.0369,0.2097 $\pm$ 0.0599,14.78 $\pm$ 2.65,0.3027 $\pm$ 0.0400
T5-small,10,T5-small student results for FS=10.,tab:t5small_fs10,1.0,0.5,0.27907894736842104,0.03681625032629807,0.21016287690117985,0.059588957272172484,13.277229773323901,1.8620040742509774,0.30269730269730266,0.039931996928766283,10,123,6,False,False,,0.2791 ± 0.0368,0.2102 ± 0.0596,13.28 ± 1.86,0.3027 ± 0.0399,0.2791 $\pm$ 0.0368,0.2102 $\pm$ 0.0596,13.28 $\pm$ 1.86,0.3027 $\pm$ 0.0399
T5-small,10,T5-small student results for FS=10.,tab:t5small_fs10,2.5,0.5,0.27898684210526314,0.03667501006811667,0.20951260470891256,0.05974679498219402,14.507197846596682,1.584675336730939,0.30259740259740264,0.03977880355611342,10,123,7,False,False,,0.2790 ± 0.0367,0.2095 ± 0.0597,14.51 ± 1.58,0.3026 ± 0.0398,0.2790 $\pm$ 0.0367,0.2095 $\pm$ 0.0597,14.51 $\pm$ 1.58,0.3026 $\pm$ 0.0398
T5-small,10,T5-small student results for FS=10.,tab:t5small_fs10,3.0,0.5,0.27894736842105267,0.03683442902486994,0.2093468825447898,0.05993150584859064,13.91240670667988,2.11453182594049,0.30255458826887405,0.039951714084345884,10,123,8,False,False,,0.2789 ± 0.0368,0.2093 ± 0.0599,13.91 ± 2.11,0.3026 ± 0.0400,0.2789 $\pm$ 0.0368,0.2093 $\pm$ 0.0599,13.91 $\pm$ 2.11,0.3026 $\pm$ 0.0400
T5-small,10,T5-small student results for FS=10.,tab:t5small_fs10,0.5,0.3,0.2788552631578947,0.036373114028503274,0.21719346486070643,0.060154793085835975,14.998974960108168,2.4899123695578234,0.3024546881689739,0.039451358158502196,10,123,9,False,False,,0.2789 ± 0.0364,0.2172 ± 0.0602,15.00 ± 2.49,0.3025 ± 0.0395,0.2789 $\pm$ 0.0364,0.2172 $\pm$ 0.0602,15.00 $\pm$ 2.49,0.3025 $\pm$ 0.0395
T5-small,10,T5-small student results for FS=10.,tab:t5small_fs10,0.5,0.5,0.2787894736842106,0.03695309097483787,0.21059957109290214,0.059215837199489134,14.523996873340366,2.1382279503189454,0.30238333095475955,0.04008041835432679,10,123,10,False,False,,0.2788 ± 0.0370,0.2106 ± 0.0592,14.52 ± 2.14,0.3024 ± 0.0401,0.2788 $\pm$ 0.0370,0.2106 $\pm$ 0.0592,14.52 $\pm$ 2.14,0.3024 $\pm$ 0.0401
T5-small,10,T5-small student results for FS=10.,tab:t5small_fs10,0.1,0.1,0.27875000000000005,0.03618244280636859,0.22567136079898864,0.060177365730278945,15.1253726934389,1.7706365634473762,0.30234051662623096,0.03924455049641805,10,123,11,False,False,,0.2788 ± 0.0362,0.2257 ± 0.0602,15.13 ± 1.77,0.3023 ± 0.0392,0.2788 $\pm$ 0.0362,0.2257 $\pm$ 0.0602,15.13 $\pm$ 1.77,0.3023 $\pm$ 0.0392
T5-small,10,T5-small student results for FS=10.,tab:t5small_fs10,1.0,0.7,0.2786447368421053,0.03669016549533539,0.20352522564345538,0.058312373645532045,13.487121206659747,1.4826441055666746,0.30222634508348795,0.03979524158192507,10,123,12,False,False,,0.2786 ± 0.0367,0.2035 ± 0.0583,13.49 ± 1.48,0.3022 ± 0.0398,0.2786 $\pm$ 0.0367,0.2035 $\pm$ 0.0583,13.49 $\pm$ 1.48,0.3022 $\pm$ 0.0398
T5-small,10,T5-small student results for FS=10.,tab:t5small_fs10,0.5,0.7,0.27861842105263157,0.036839037570695544,0.20381943103688577,0.05847729153367981,13.944916193313478,2.125687659808905,0.3021978021978021,0.03995671264981964,10,123,13,False,False,,0.2786 ± 0.0368,0.2038 ± 0.0585,13.94 ± 2.13,0.3022 ± 0.0400,0.2786 $\pm$ 0.0368,0.2038 $\pm$ 0.0585,13.94 $\pm$ 2.13,0.3022 $\pm$ 0.0400
T5-small,10,T5-small student results for FS=10.,tab:t5small_fs10,1.5,0.7,0.27846052631578944,0.036698553351567915,0.2031451592621869,0.05830191622943641,14.035451286751291,1.6522414723568042,0.30202654488368774,0.039804339299545625,10,123,14,False,False,,0.2785 ± 0.0367,0.2031 ± 0.0583,14.04 ± 1.65,0.3020 ± 0.0398,0.2785 $\pm$ 0.0367,0.2031 $\pm$ 0.0583,14.04 $\pm$ 1.65,0.3020 $\pm$ 0.0398
T5-small,10,T5-small student results for FS=10.,tab:t5small_fs10,2.5,0.7,0.27825,0.03655759242436248,0.2027461586656755,0.05818748249801442,15.704340986843212,3.413218764065491,0.3017982017982018,0.039651448897553135,10,123,15,False,False,,0.2782 ± 0.0366,0.2027 ± 0.0582,15.70 ± 3.41,0.3018 ± 0.0397,0.2782 $\pm$ 0.0366,0.2027 $\pm$ 0.0582,15.70 $\pm$ 3.41,0.3018 $\pm$ 0.0397
T5-small,10,T5-small student results for FS=10.,tab:t5small_fs10,3.0,0.7,0.27822368421052635,0.0365687041276536,0.20267850581686178,0.0582417851526835,15.010781580018982,1.8424316538776462,0.30176965891251606,0.039663500980472007,10,123,16,False,False,,0.2782 ± 0.0366,0.2027 ± 0.0582,15.01 ± 1.84,0.3018 ± 0.0397,0.2782 $\pm$ 0.0366,0.2027 $\pm$ 0.0582,15.01 $\pm$ 1.84,0.3018 $\pm$ 0.0397
T5-small,10,T5-small student results for FS=10.,tab:t5small_fs10,2.0,0.7,0.2781447368421053,0.03660315419740679,0.202738521258285,0.05814848069607259,13.943104846745578,1.4855335820726259,0.3016840302554588,0.03970086654777959,10,123,17,False,False,,0.2781 ± 0.0366,0.2027 ± 0.0581,13.94 ± 1.49,0.3017 ± 0.0397,0.2781 $\pm$ 0.0366,0.2027 $\pm$ 0.0581,13.94 $\pm$ 1.49,0.3017 $\pm$ 0.0397
T5-small,10,T5-small student results for FS=10.,tab:t5small_fs10,1.0,0.3,0.27786842105263154,0.03608787281735206,0.2152692034462269,0.06130917273139443,13.829003306591403,1.6225835670344873,0.3013843299557586,0.039141977081757644,10,123,18,False,False,,0.2779 ± 0.0361,0.2153 ± 0.0613,13.83 ± 1.62,0.3014 ± 0.0391,0.2779 $\pm$ 0.0361,0.2153 $\pm$ 0.0613,13.83 $\pm$ 1.62,0.3014 $\pm$ 0.0391
T5-small,10,T5-small student results for FS=10.,tab:t5small_fs10,3.0,0.3,0.2776842105263158,0.03597668827320572,0.21384082930696113,0.06182451585466905,13.042626033308505,1.799665710582769,0.30118452975595833,0.03902138302788118,10,123,19,False,True,blue!12,0.2777 ± 0.0360,0.2138 ± 0.0618,13.04 ± 1.80,0.3012 ± 0.0390,0.2777 $\pm$ 0.0360,0.2138 $\pm$ 0.0618,13.04 $\pm$ 1.80,0.3012 $\pm$ 0.0390
T5-small,10,T5-small student results for FS=10.,tab:t5small_fs10,2.5,0.3,0.27765789473684216,0.03610929512208184,0.21396279714452016,0.06178839508938156,13.355770599964671,1.910951933218403,0.30115598687027256,0.039165212348768665,10,123,20,False,False,,0.2777 ± 0.0361,0.2140 ± 0.0618,13.36 ± 1.91,0.3012 ± 0.0392,0.2777 $\pm$ 0.0361,0.2140 $\pm$ 0.0618,13.36 $\pm$ 1.91,0.3012 $\pm$ 0.0392
T5-small,10,T5-small student results for FS=10.,tab:t5small_fs10,2.0,0.3,0.2776578947368421,0.03611520799735071,0.21411163043723266,0.061689480213357704,13.66465653339219,1.4294572237478707,0.30115598687027256,0.03917162562863786,10,123,21,False,False,,0.2777 ± 0.0361,0.2141 ± 0.0617,13.66 ± 1.43,0.3012 ± 0.0392,0.2777 $\pm$ 0.0361,0.2141 $\pm$ 0.0617,13.66 $\pm$ 1.43,0.3012 $\pm$ 0.0392
T5-small,10,T5-small student results for FS=10.,tab:t5small_fs10,1.5,0.3,0.27751315789473685,0.036056390400374484,0.21438659131147922,0.061402901041792614,14.427974086714434,3.0325506071156183,0.300999000999001,0.039107830318659345,10,123,22,False,False,,0.2775 ± 0.0361,0.2144 ± 0.0614,14.43 ± 3.03,0.3010 ± 0.0391,0.2775 $\pm$ 0.0361,0.2144 $\pm$ 0.0614,14.43 $\pm$ 3.03,0.3010 $\pm$ 0.0391
T5-small,10,T5-small student results for FS=10.,tab:t5small_fs10,0.1,0.9,0.2771315789473684,0.0349124349815863,0.19653312142157775,0.0564108300735463,13.689368213363196,1.8503660905195398,0.3005851291565577,0.037867062346233174,10,123,23,False,False,,0.2771 ± 0.0349,0.1965 ± 0.0564,13.69 ± 1.85,0.3006 ± 0.0379,0.2771 $\pm$ 0.0349,0.1965 $\pm$ 0.0564,13.69 $\pm$ 1.85,0.3006 $\pm$ 0.0379
T5-small,10,T5-small student results for FS=10.,tab:t5small_fs10,2.0,0.9,0.27685526315789477,0.03527801740248169,0.19680703740094513,0.05665472573592111,13.80705517989251,1.5032055538637559,0.30028542885685744,0.038263583881669866,10,123,24,False,False,,0.2769 ± 0.0353,0.1968 ± 0.0567,13.81 ± 1.50,0.3003 ± 0.0383,0.2769 $\pm$ 0.0353,0.1968 $\pm$ 0.0567,13.81 $\pm$ 1.50,0.3003 $\pm$ 0.0383
T5-small,10,T5-small student results for FS=10.,tab:t5small_fs10,1.0,0.9,0.27680263157894736,0.035299037454931986,0.1968915656785726,0.05662295756507784,14.302375166589627,2.3419957543426775,0.30022834308548596,0.038286382853929365,10,123,25,False,False,,0.2768 ± 0.0353,0.1969 ± 0.0566,14.30 ± 2.34,0.3002 ± 0.0383,0.2768 $\pm$ 0.0353,0.1969 $\pm$ 0.0566,14.30 $\pm$ 2.34,0.3002 $\pm$ 0.0383
T5-small,10,T5-small student results for FS=10.,tab:t5small_fs10,1.5,0.9,0.27678947368421053,0.03522692779653299,0.19678397366289377,0.05661205847751082,13.33512260656486,1.8927537523092166,0.3002140716426431,0.03820817057994159,10,123,26,False,False,,0.2768 ± 0.0352,0.1968 ± 0.0566,13.34 ± 1.89,0.3002 ± 0.0382,0.2768 $\pm$ 0.0352,0.1968 $\pm$ 0.0566,13.34 $\pm$ 1.89,0.3002 $\pm$ 0.0382
T5-small,10,T5-small student results for FS=10.,tab:t5small_fs10,0.5,0.9,0.2767105263157895,0.035205394778123615,0.19681946448004062,0.0565251041086401,14.444512966632221,2.568879647902854,0.30012844298558583,0.03818481522959034,10,123,27,False,False,,0.2767 ± 0.0352,0.1968 ± 0.0565,14.44 ± 2.57,0.3001 ± 0.0382,0.2767 $\pm$ 0.0352,0.1968 $\pm$ 0.0565,14.44 $\pm$ 2.57,0.3001 $\pm$ 0.0382
T5-small,10,T5-small student results for FS=10.,tab:t5small_fs10,2.5,0.9,0.27669736842105264,0.03526547354271681,0.19662113787179475,0.05671728472463645,14.98167372662465,1.4955364011195482,0.300114171542743,0.03824997843936746,10,123,28,False,False,,0.2767 ± 0.0353,0.1966 ± 0.0567,14.98 ± 1.50,0.3001 ± 0.0382,0.2767 $\pm$ 0.0353,0.1966 $\pm$ 0.0567,14.98 $\pm$ 1.50,0.3001 $\pm$ 0.0382
T5-small,10,T5-small student results for FS=10.,tab:t5small_fs10,3.0,0.9,0.2766578947368421,0.035237028811265905,0.19657270205667704,0.05667971575868781,13.82030556001761,1.6570397687742924,0.30007135721421435,0.03821912644007718,10,123,29,False,False,,0.2767 ± 0.0352,0.1966 ± 0.0567,13.82 ± 1.66,0.3001 ± 0.0382,0.2767 $\pm$ 0.0352,0.1966 $\pm$ 0.0567,13.82 $\pm$ 1.66,0.3001 $\pm$ 0.0382
T5-small,10,T5-small student results for FS=10.,tab:t5small_fs10,0.5,0.1,0.27311842105263157,0.03686538790216343,0.21695357508291582,0.05955304884389173,13.199543466613855,2.4184224288124008,0.296232339089482,0.03998529300077667,10,123,30,False,False,,0.2731 ± 0.0369,0.2170 ± 0.0596,13.20 ± 2.42,0.2962 ± 0.0400,0.2731 $\pm$ 0.0369,0.2170 $\pm$ 0.0596,13.20 $\pm$ 2.42,0.2962 $\pm$ 0.0400
T5-small,10,T5-small student results for FS=10.,tab:t5small_fs10,2.5,0.1,0.27301315789473685,0.0381209969819214,0.21421706531364645,0.06375347810615403,13.525645093344187,1.9610754108825044,0.29611816754673903,0.04134716384509814,10,123,31,False,False,,0.2730 ± 0.0381,0.2142 ± 0.0638,13.53 ± 1.96,0.2961 ± 0.0413,0.2730 $\pm$ 0.0381,0.2142 $\pm$ 0.0638,13.53 $\pm$ 1.96,0.2961 $\pm$ 0.0413
T5-small,10,T5-small student results for FS=10.,tab:t5small_fs10,1.0,0.1,0.27292105263157895,0.03779932351392268,0.21525461248650252,0.062200048927619433,14.872102460039972,1.8697860301656788,0.2960182674468389,0.04099826726213963,10,123,32,False,False,,0.2729 ± 0.0378,0.2153 ± 0.0622,14.87 ± 1.87,0.2960 ± 0.0410,0.2729 $\pm$ 0.0378,0.2153 $\pm$ 0.0622,14.87 $\pm$ 1.87,0.2960 $\pm$ 0.0410
T5-small,10,T5-small student results for FS=10.,tab:t5small_fs10,3.0,0.1,0.27286842105263154,0.03804074575964749,0.2139229036533362,0.06381460049638109,13.713884613380287,1.095079516678904,0.2959611816754674,0.04126012098948493,10,123,33,False,False,,0.2729 ± 0.0380,0.2139 ± 0.0638,13.71 ± 1.10,0.2960 ± 0.0413,0.2729 $\pm$ 0.0380,0.2139 $\pm$ 0.0638,13.71 $\pm$ 1.10,0.2960 $\pm$ 0.0413
T5-small,10,T5-small student results for FS=10.,tab:t5small_fs10,1.5,0.1,0.27285526315789477,0.03794308613532185,0.21475594314574636,0.06297187817511737,13.919687073366728,2.047325710021029,0.29594691023262454,0.04115419646474184,10,123,34,False,False,,0.2729 ± 0.0379,0.2148 ± 0.0630,13.92 ± 2.05,0.2959 ± 0.0412,0.2729 $\pm$ 0.0379,0.2148 $\pm$ 0.0630,13.92 $\pm$ 2.05,0.2959 $\pm$ 0.0412
T5-small,10,T5-small student results for FS=10.,tab:t5small_fs10,2.0,0.1,0.2728157894736842,0.03812502112881563,0.21437844351380594,0.06341505058016343,13.340172526701886,1.3230906758448169,0.2959040959040959,0.04135152855415995,10,123,35,False,False,,0.2728 ± 0.0381,0.2144 ± 0.0634,13.34 ± 1.32,0.2959 ± 0.0414,0.2728 $\pm$ 0.0381,0.2144 $\pm$ 0.0634,13.34 $\pm$ 1.32,0.2959 $\pm$ 0.0414
T5-small,100,T5-small student results for FS=100.,tab:t5small_fs100,0.5,0.1,0.7167763157894738,0.03243498895902278,0.7139647302147769,0.03331892963814769,14.805252960201566,1.3193886578581082,0.7774368488654202,0.03517995091887728,10,123,1,True,False,green!15,0.7168 ± 0.0324,0.7140 ± 0.0333,14.81 ± 1.32,0.7774 ± 0.0352,0.7168 $\pm$ 0.0324,0.7140 $\pm$ 0.0333,14.81 $\pm$ 1.32,0.7774 $\pm$ 0.0352
T5-small,100,T5-small student results for FS=100.,tab:t5small_fs100,0.1,0.3,0.7148552631578948,0.03604000771431679,0.713968204641319,0.03543723812372923,13.838097233201552,1.348086884776106,0.7753532182103611,0.039090061171515283,10,123,2,False,False,,0.7149 ± 0.0360,0.7140 ± 0.0354,13.84 ± 1.35,0.7754 ± 0.0391,0.7149 $\pm$ 0.0360,0.7140 $\pm$ 0.0354,13.84 $\pm$ 1.35,0.7754 $\pm$ 0.0391
T5-small,100,T5-small student results for FS=100.,tab:t5small_fs100,0.5,0.3,0.7139605263157894,0.03536428558129351,0.7113106956393016,0.03569987587514784,13.177464253506816,1.9231851471975092,0.7743827600970458,0.038357152906783314,10,123,3,False,False,,0.7140 ± 0.0354,0.7113 ± 0.0357,13.18 ± 1.92,0.7744 ± 0.0384,0.7140 $\pm$ 0.0354,0.7113 $\pm$ 0.0357,13.18 $\pm$ 1.92,0.7744 $\pm$ 0.0384
T5-small,100,T5-small student results for FS=100.,tab:t5small_fs100,0.1,0.5,0.7137236842105263,0.035648050582196854,0.7120681799987962,0.035581167217625165,13.40055151983203,1.4425555026051917,0.7741258741258742,0.03866493284211448,10,123,4,False,False,,0.7137 ± 0.0356,0.7121 ± 0.0356,13.40 ± 1.44,0.7741 ± 0.0387,0.7137 $\pm$ 0.0356,0.7121 $\pm$ 0.0356,13.40 $\pm$ 1.44,0.7741 $\pm$ 0.0387
T5-small,100,T5-small student results for FS=100.,tab:t5small_fs100,0.5,0.5,0.7121315789473684,0.03620713255890182,0.7094180826307367,0.03659898667484631,13.872838100190467,1.626974637663781,0.7723990295418868,0.03927132973421631,10,123,5,False,False,,0.7121 ± 0.0362,0.7094 ± 0.0366,13.87 ± 1.63,0.7724 ± 0.0393,0.7121 $\pm$ 0.0362,0.7094 $\pm$ 0.0366,13.87 $\pm$ 1.63,0.7724 $\pm$ 0.0393
T5-small,100,T5-small student results for FS=100.,tab:t5small_fs100,0.1,0.1,0.7120131578947368,0.03378616981625129,0.712058815455409,0.032716030671373984,13.879718666770106,1.602930971352347,0.7722705865563009,0.036645481747325494,10,123,6,False,False,,0.7120 ± 0.0338,0.7121 ± 0.0327,13.88 ± 1.60,0.7723 ± 0.0366,0.7120 $\pm$ 0.0338,0.7121 $\pm$ 0.0327,13.88 $\pm$ 1.60,0.7723 $\pm$ 0.0366
T5-small,100,T5-small student results for FS=100.,tab:t5small_fs100,1.5,0.5,0.7117236842105263,0.03742980760137598,0.7077081894083743,0.03934179421457718,13.065884633227446,1.1969204081379878,0.7719566148137578,0.04059747934500605,10,123,7,False,False,,0.7117 ± 0.0374,0.7077 ± 0.0393,13.07 ± 1.20,0.7720 ± 0.0406,0.7117 $\pm$ 0.0374,0.7077 $\pm$ 0.0393,13.07 $\pm$ 1.20,0.7720 $\pm$ 0.0406
T5-small,100,T5-small student results for FS=100.,tab:t5small_fs100,1.0,0.1,0.7113947368421053,0.03793680656968172,0.7063065800940327,0.04131645812778637,13.73830337334463,1.7692408198777383,0.771599828742686,0.041147385461621395,10,123,8,False,False,,0.7114 ± 0.0379,0.7063 ± 0.0413,13.74 ± 1.77,0.7716 ± 0.0411,0.7114 $\pm$ 0.0379,0.7063 $\pm$ 0.0413,13.74 $\pm$ 1.77,0.7716 $\pm$ 0.0411
T5-small,100,T5-small student results for FS=100.,tab:t5small_fs100,1.0,0.3,0.7113947368421052,0.03691826922604806,0.7069860207007581,0.03879721662570916,13.006422726878858,0.8706537400337814,0.7715998287426858,0.04004264965291357,10,123,9,False,False,,0.7114 ± 0.0369,0.7070 ± 0.0388,13.01 ± 0.87,0.7716 ± 0.0400,0.7114 $\pm$ 0.0369,0.7070 $\pm$ 0.0388,13.01 $\pm$ 0.87,0.7716 $\pm$ 0.0400
T5-small,100,T5-small student results for FS=100.,tab:t5small_fs100,1.0,0.5,0.711328947368421,0.03648439808298875,0.7075502327212371,0.03798273673310648,13.210767660032918,1.3419768568968273,0.7715284715284716,0.03957206014424353,10,123,10,False,False,,0.7113 ± 0.0365,0.7076 ± 0.0380,13.21 ± 1.34,0.7715 ± 0.0396,0.7113 $\pm$ 0.0365,0.7076 $\pm$ 0.0380,13.21 $\pm$ 1.34,0.7715 $\pm$ 0.0396
T5-small,100,T5-small student results for FS=100.,tab:t5small_fs100,0.1,0.7,0.7112894736842106,0.037600680481455546,0.7090631832047553,0.0377700808799829,13.775856526857144,1.6799373662933639,0.7714856571999429,0.040782813138156425,10,123,11,False,False,,0.7113 ± 0.0376,0.7091 ± 0.0378,13.78 ± 1.68,0.7715 ± 0.0408,0.7113 $\pm$ 0.0376,0.7091 $\pm$ 0.0378,13.78 $\pm$ 1.68,0.7715 $\pm$ 0.0408
T5-small,100,T5-small student results for FS=100.,tab:t5small_fs100,2.0,0.7,0.7110526315789474,0.036708246800887,0.7076015495309353,0.037909424871161626,13.124458086725403,1.0047194347359472,0.7712287712287711,0.0398148531021466,10,123,12,False,False,,0.7111 ± 0.0367,0.7076 ± 0.0379,13.12 ± 1.00,0.7712 ± 0.0398,0.7111 $\pm$ 0.0367,0.7076 $\pm$ 0.0379,13.12 $\pm$ 1.00,0.7712 $\pm$ 0.0398
T5-small,100,T5-small student results for FS=100.,tab:t5small_fs100,3.0,0.3,0.7106578947368422,0.037512899187040316,0.7060680164038311,0.04039921080775524,12.415462613498676,0.9972302505074563,0.7708006279434851,0.04068760294298653,10,123,13,False,True,blue!12,0.7107 ± 0.0375,0.7061 ± 0.0404,12.42 ± 1.00,0.7708 ± 0.0407,0.7107 $\pm$ 0.0375,0.7061 $\pm$ 0.0404,12.42 $\pm$ 1.00,0.7708 $\pm$ 0.0407
T5-small,100,T5-small student results for FS=100.,tab:t5small_fs100,1.5,0.9,0.7105394736842106,0.03799220176013688,0.7071839533573476,0.03910785201481138,13.534826439693763,1.481793147565872,0.7706721849578992,0.04120746872799205,10,123,14,False,False,,0.7105 ± 0.0380,0.7072 ± 0.0391,13.53 ± 1.48,0.7707 ± 0.0412,0.7105 $\pm$ 0.0380,0.7072 $\pm$ 0.0391,13.53 $\pm$ 1.48,0.7707 $\pm$ 0.0412
T5-small,100,T5-small student results for FS=100.,tab:t5small_fs100,2.5,0.9,0.7103026315789475,0.03889616764534283,0.7071057019184414,0.03972160686721555,13.145099240209674,1.661741995293313,0.7704152989867274,0.04218793693515135,10,123,15,False,False,,0.7103 ± 0.0389,0.7071 ± 0.0397,13.15 ± 1.66,0.7704 ± 0.0422,0.7103 $\pm$ 0.0389,0.7071 $\pm$ 0.0397,13.15 $\pm$ 1.66,0.7704 $\pm$ 0.0422
T5-small,100,T5-small student results for FS=100.,tab:t5small_fs100,3.0,0.7,0.7100921052631579,0.03747426787195772,0.7065878906284957,0.038859372260506224,13.065211593299562,1.4292993806559553,0.7701869559012414,0.04064570227299541,10,123,16,False,False,,0.7101 ± 0.0375,0.7066 ± 0.0389,13.07 ± 1.43,0.7702 ± 0.0406,0.7101 $\pm$ 0.0375,0.7066 $\pm$ 0.0389,13.07 $\pm$ 1.43,0.7702 $\pm$ 0.0406
T5-small,100,T5-small student results for FS=100.,tab:t5small_fs100,0.5,0.7,0.7096447368421053,0.03431204292413347,0.7068381519720787,0.034953468508130914,14.357538260252719,2.2872339375632986,0.7697017268445839,0.037215859315458025,10,123,17,False,False,,0.7096 ± 0.0343,0.7068 ± 0.0350,14.36 ± 2.29,0.7697 ± 0.0372,0.7096 $\pm$ 0.0343,0.7068 $\pm$ 0.0350,14.36 $\pm$ 2.29,0.7697 $\pm$ 0.0372
T5-small,100,T5-small student results for FS=100.,tab:t5small_fs100,2.5,0.3,0.7096315789473684,0.036389016350080676,0.7049458955771175,0.03937529666192128,13.997771706878364,2.1703231851611333,0.7696874554017412,0.03946860628808524,10,123,18,False,False,,0.7096 ± 0.0364,0.7049 ± 0.0394,14.00 ± 2.17,0.7697 ± 0.0395,0.7096 $\pm$ 0.0364,0.7049 $\pm$ 0.0394,14.00 $\pm$ 2.17,0.7697 $\pm$ 0.0395
T5-small,100,T5-small student results for FS=100.,tab:t5small_fs100,2.5,0.7,0.7095657894736843,0.03673800298522727,0.7059776657199859,0.03800451293385745,13.85697480024343,1.5484256409063173,0.7696160981875269,0.03984712754213319,10,123,19,False,False,,0.7096 ± 0.0367,0.7060 ± 0.0380,13.86 ± 1.55,0.7696 ± 0.0398,0.7096 $\pm$ 0.0367,0.7060 $\pm$ 0.0380,13.86 $\pm$ 1.55,0.7696 $\pm$ 0.0398
T5-small,100,T5-small student results for FS=100.,tab:t5small_fs100,2.5,0.5,0.7093684210526316,0.035963457394620736,0.7054513112874563,0.03792683743109781,13.027108626653595,1.7992631187317096,0.7694020265448838,0.03900703242459219,10,123,20,False,False,,0.7094 ± 0.0360,0.7055 ± 0.0379,13.03 ± 1.80,0.7694 ± 0.0390,0.7094 $\pm$ 0.0360,0.7055 $\pm$ 0.0379,13.03 $\pm$ 1.80,0.7694 $\pm$ 0.0390
T5-small,100,T5-small student results for FS=100.,tab:t5small_fs100,1.5,0.3,0.7093157894736843,0.03754277338976189,0.7046860981404726,0.040489783251494646,13.86782617342154,1.056746245185017,0.7693449407735123,0.04072000538920943,10,123,21,False,False,,0.7093 ± 0.0375,0.7047 ± 0.0405,13.87 ± 1.06,0.7693 ± 0.0407,0.7093 $\pm$ 0.0375,0.7047 $\pm$ 0.0405,13.87 $\pm$ 1.06,0.7693 $\pm$ 0.0407
T5-small,100,T5-small student results for FS=100.,tab:t5small_fs100,2.0,0.1,0.709157894736842,0.03932966906261665,0.7034478270166536,0.04404417629728269,14.930797500019256,0.9170818645832604,0.7691736834593977,0.042658125428269814,10,123,22,False,False,,0.7092 ± 0.0393,0.7034 ± 0.0440,14.93 ± 0.92,0.7692 ± 0.0427,0.7092 $\pm$ 0.0393,0.7034 $\pm$ 0.0440,14.93 $\pm$ 0.92,0.7692 $\pm$ 0.0427
T5-small,100,T5-small student results for FS=100.,tab:t5small_fs100,2.0,0.3,0.7090789473684211,0.03773235188241018,0.7043444703287631,0.04047984004058618,13.588779033307219,2.3412701743235225,0.7690880548023405,0.04092562784448657,10,123,23,False,False,,0.7091 ± 0.0377,0.7043 ± 0.0405,13.59 ± 2.34,0.7691 ± 0.0409,0.7091 $\pm$ 0.0377,0.7043 $\pm$ 0.0405,13.59 $\pm$ 2.34,0.7691 $\pm$ 0.0409
T5-small,100,T5-small student results for FS=100.,tab:t5small_fs100,2.5,0.1,0.7089736842105263,0.038622937510487974,0.7033071637133543,0.0438924268264396,13.296150086450023,1.5132821121515574,0.7689738832595976,0.04189158342795897,10,123,24,False,False,,0.7090 ± 0.0386,0.7033 ± 0.0439,13.30 ± 1.51,0.7690 ± 0.0419,0.7090 $\pm$ 0.0386,0.7033 $\pm$ 0.0439,13.30 $\pm$ 1.51,0.7690 $\pm$ 0.0419
T5-small,100,T5-small student results for FS=100.,tab:t5small_fs100,3.0,0.9,0.7089473684210527,0.03733746967918028,0.7056109551046343,0.03850537601616287,13.994126000131171,1.9795421095758636,0.7689453403739118,0.040497326896213784,10,123,25,False,False,,0.7089 ± 0.0373,0.7056 ± 0.0385,13.99 ± 1.98,0.7689 ± 0.0405,0.7089 $\pm$ 0.0373,0.7056 $\pm$ 0.0385,13.99 $\pm$ 1.98,0.7689 $\pm$ 0.0405
T5-small,100,T5-small student results for FS=100.,tab:t5small_fs100,1.5,0.1,0.7088552631578948,0.037449260327907914,0.7029571366374456,0.042186919985070036,13.17425113345962,1.4112307665461172,0.7688454402740118,0.040618578349093784,10,123,26,False,False,,0.7089 ± 0.0374,0.7030 ± 0.0422,13.17 ± 1.41,0.7688 ± 0.0406,0.7089 $\pm$ 0.0374,0.7030 $\pm$ 0.0422,13.17 $\pm$ 1.41,0.7688 $\pm$ 0.0406
T5-small,100,T5-small student results for FS=100.,tab:t5small_fs100,1.5,0.7,0.7087894736842106,0.037548716688610366,0.7053966404845002,0.038551804346879666,14.25486700628729,1.2614729519244252,0.7687740830597973,0.04072645166739527,10,123,27,False,False,,0.7088 ± 0.0375,0.7054 ± 0.0386,14.25 ± 1.26,0.7688 ± 0.0407,0.7088 $\pm$ 0.0375,0.7054 $\pm$ 0.0386,14.25 $\pm$ 1.26,0.7688 $\pm$ 0.0407
T5-small,100,T5-small student results for FS=100.,tab:t5small_fs100,0.5,0.9,0.7086315789473684,0.03900300278075609,0.7058341446817205,0.03938279480185289,13.573783233368886,1.7820695083163478,0.768602825745683,0.042303813491329584,10,123,28,False,False,,0.7086 ± 0.0390,0.7058 ± 0.0394,13.57 ± 1.78,0.7686 ± 0.0423,0.7086 $\pm$ 0.0390,0.7058 $\pm$ 0.0394,13.57 $\pm$ 1.78,0.7686 $\pm$ 0.0423
T5-small,100,T5-small student results for FS=100.,tab:t5small_fs100,2.0,0.9,0.7086052631578948,0.03688104667129619,0.7052396693032302,0.038009095464137645,14.84800735321187,2.0874113993438232,0.7685742828599972,0.04000227696615544,10,123,29,False,False,,0.7086 ± 0.0369,0.7052 ± 0.0380,14.85 ± 2.09,0.7686 ± 0.0400,0.7086 $\pm$ 0.0369,0.7052 $\pm$ 0.0380,14.85 $\pm$ 2.09,0.7686 $\pm$ 0.0400
T5-small,100,T5-small student results for FS=100.,tab:t5small_fs100,2.0,0.5,0.7086052631578947,0.03623147896116225,0.7046306482272768,0.037934192310074326,13.408008066811211,1.572942798974058,0.7685742828599972,0.03929773656412633,10,123,30,False,False,,0.7086 ± 0.0362,0.7046 ± 0.0379,13.41 ± 1.57,0.7686 ± 0.0393,0.7086 $\pm$ 0.0362,0.7046 $\pm$ 0.0379,13.41 $\pm$ 1.57,0.7686 $\pm$ 0.0393
T5-small,100,T5-small student results for FS=100.,tab:t5small_fs100,3.0,0.5,0.7085526315789474,0.03570644178030975,0.704511934586664,0.03762183285656833,13.474461013223237,1.6063422600712223,0.7685171970886258,0.0387282656672405,10,123,31,False,False,,0.7086 ± 0.0357,0.7045 ± 0.0376,13.47 ± 1.61,0.7685 ± 0.0387,0.7086 $\pm$ 0.0357,0.7045 $\pm$ 0.0376,13.47 $\pm$ 1.61,0.7685 $\pm$ 0.0387
T5-small,100,T5-small student results for FS=100.,tab:t5small_fs100,3.0,0.1,0.7084210526315788,0.039618399445691274,0.7027572863813296,0.04440744084852667,13.194410733473584,1.4396414547326277,0.768374482660197,0.042971290964357596,10,123,32,False,False,,0.7084 ± 0.0396,0.7028 ± 0.0444,13.19 ± 1.44,0.7684 ± 0.0430,0.7084 $\pm$ 0.0396,0.7028 $\pm$ 0.0444,13.19 $\pm$ 1.44,0.7684 $\pm$ 0.0430
T5-small,100,T5-small student results for FS=100.,tab:t5small_fs100,1.0,0.7,0.7083157894736841,0.037712606505555996,0.704834972959347,0.0387324985652832,13.732887733034051,1.911754117431177,0.768260311117454,0.04090421142318045,10,123,33,False,False,,0.7083 ± 0.0377,0.7048 ± 0.0387,13.73 ± 1.91,0.7683 ± 0.0409,0.7083 $\pm$ 0.0377,0.7048 $\pm$ 0.0387,13.73 $\pm$ 1.91,0.7683 $\pm$ 0.0409
T5-small,100,T5-small student results for FS=100.,tab:t5small_fs100,1.0,0.9,0.7073157894736842,0.03819035723395534,0.7041281663920682,0.03894613895951575,13.613434006377549,1.950265224925034,0.7671756814613957,0.041422394031405824,10,123,34,False,False,,0.7073 ± 0.0382,0.7041 ± 0.0389,13.61 ± 1.95,0.7672 ± 0.0414,0.7073 $\pm$ 0.0382,0.7041 $\pm$ 0.0389,13.61 $\pm$ 1.95,0.7672 $\pm$ 0.0414
T5-small,100,T5-small student results for FS=100.,tab:t5small_fs100,0.1,0.9,0.7062894736842106,0.03566735055134339,0.7032544624598592,0.03663492338567618,14.042029886453141,1.5043380620526028,0.7660625089196518,0.03868586616101181,10,123,35,False,False,,0.7063 ± 0.0357,0.7033 ± 0.0366,14.04 ± 1.50,0.7661 ± 0.0387,0.7063 $\pm$ 0.0357,0.7033 $\pm$ 0.0366,14.04 $\pm$ 1.50,0.7661 $\pm$ 0.0387
T5-small,1000,T5-small student results for FS=1000.,tab:t5small_fs1000,1.5,0.3,0.8902368421052633,0.0016172260600393845,0.8900133986477181,0.001618991137194856,15.141221439165141,2.2865920679710463,0.9655772798629941,0.0017540913452689243,10,123,1,True,False,green!15,0.8902 ± 0.0016,0.8900 ± 0.0016,15.14 ± 2.29,0.9656 ± 0.0018,0.8902 $\pm$ 0.0016,0.8900 $\pm$ 0.0016,15.14 $\pm$ 2.29,0.9656 $\pm$ 0.0018
T5-small,1000,T5-small student results for FS=1000.,tab:t5small_fs1000,2.5,0.3,0.8900394736842105,0.0009428294449503157,0.8897979818230521,0.0009024072040252149,14.291674213115282,1.2171263039118758,0.9653632082203512,0.0010226207765980364,10,123,2,False,False,,0.8900 ± 0.0009,0.8898 ± 0.0009,14.29 ± 1.22,0.9654 ± 0.0010,0.8900 $\pm$ 0.0009,0.8898 $\pm$ 0.0009,14.29 $\pm$ 1.22,0.9654 $\pm$ 0.0010
T5-small,1000,T5-small student results for FS=1000.,tab:t5small_fs1000,0.5,0.1,0.8900131578947368,0.002019878511899068,0.8898352016423857,0.0020397838627182244,14.091723100476278,1.2054292955545383,0.9653346653346654,0.0021908201356405105,10,123,3,False,False,,0.8900 ± 0.0020,0.8898 ± 0.0020,14.09 ± 1.21,0.9653 ± 0.0022,0.8900 $\pm$ 0.0020,0.8898 $\pm$ 0.0020,14.09 $\pm$ 1.21,0.9653 $\pm$ 0.0022
T5-small,1000,T5-small student results for FS=1000.,tab:t5small_fs1000,3.0,0.5,0.889986842105263,0.0015928360895737868,0.8897320280466685,0.0016207676584249603,14.567575601055674,1.7342073487117973,0.9653061224489796,0.001727637259991549,10,123,4,False,False,,0.8900 ± 0.0016,0.8897 ± 0.0016,14.57 ± 1.73,0.9653 ± 0.0017,0.8900 $\pm$ 0.0016,0.8897 $\pm$ 0.0016,14.57 $\pm$ 1.73,0.9653 $\pm$ 0.0017
T5-small,1000,T5-small student results for FS=1000.,tab:t5small_fs1000,2.0,0.5,0.889921052631579,0.0011739320012208088,0.8896919374741931,0.0012111713473285663,13.514322167223629,1.2728224499179988,0.9652347652347653,0.0012732814627198846,10,123,5,False,False,,0.8899 ± 0.0012,0.8897 ± 0.0012,13.51 ± 1.27,0.9652 ± 0.0013,0.8899 $\pm$ 0.0012,0.8897 $\pm$ 0.0012,13.51 $\pm$ 1.27,0.9652 $\pm$ 0.0013
T5-small,1000,T5-small student results for FS=1000.,tab:t5small_fs1000,1.0,0.7,0.8898684210526315,0.0016019282778727668,0.8896650910190654,0.001589213487599434,13.546056059470478,1.3272348082555259,0.965177679463394,0.0017374989170590744,10,123,6,False,False,,0.8899 ± 0.0016,0.8897 ± 0.0016,13.55 ± 1.33,0.9652 ± 0.0017,0.8899 $\pm$ 0.0016,0.8897 $\pm$ 0.0016,13.55 $\pm$ 1.33,0.9652 $\pm$ 0.0017
T5-small,1000,T5-small student results for FS=1000.,tab:t5small_fs1000,1.5,0.5,0.889842105263158,0.001537967224136362,0.8896158452296742,0.001567756790247641,13.719715045638925,1.093165037224515,0.965149136577708,0.0016681248613438454,10,123,7,False,False,,0.8898 ± 0.0015,0.8896 ± 0.0016,13.72 ± 1.09,0.9651 ± 0.0017,0.8898 $\pm$ 0.0015,0.8896 $\pm$ 0.0016,13.72 $\pm$ 1.09,0.9651 $\pm$ 0.0017
T5-small,1000,T5-small student results for FS=1000.,tab:t5small_fs1000,2.0,0.3,0.8897105263157894,0.0013544041449557065,0.8894793079486641,0.001354387614119871,14.15648931404576,2.3968670500038614,0.9650064221492795,0.0014690269019071575,10,123,8,False,False,,0.8897 ± 0.0014,0.8895 ± 0.0014,14.16 ± 2.40,0.9650 ± 0.0015,0.8897 $\pm$ 0.0014,0.8895 $\pm$ 0.0014,14.16 $\pm$ 2.40,0.9650 $\pm$ 0.0015
T5-small,1000,T5-small student results for FS=1000.,tab:t5small_fs1000,2.5,0.5,0.889684210526316,0.0013733043771432078,0.8894278895539305,0.0013881659321860892,13.598313627686972,1.8976769831463067,0.9649778792635937,0.0014895266542441033,10,123,9,False,False,,0.8897 ± 0.0014,0.8894 ± 0.0014,13.60 ± 1.90,0.9650 ± 0.0015,0.8897 $\pm$ 0.0014,0.8894 $\pm$ 0.0014,13.60 $\pm$ 1.90,0.9650 $\pm$ 0.0015
T5-small,1000,T5-small student results for FS=1000.,tab:t5small_fs1000,0.1,0.7,0.8896315789473684,0.001441108205285542,0.8894255032463629,0.0014576745317696508,13.10193895391421,0.9624044871299242,0.964920793492222,0.0015630686970415483,10,123,10,False,True,blue!12,0.8896 ± 0.0014,0.8894 ± 0.0015,13.10 ± 0.96,0.9649 ± 0.0016,0.8896 $\pm$ 0.0014,0.8894 $\pm$ 0.0015,13.10 $\pm$ 0.96,0.9649 $\pm$ 0.0016
T5-small,1000,T5-small student results for FS=1000.,tab:t5small_fs1000,2.0,0.1,0.8896315789473682,0.0007147911855250263,0.8893792406465048,0.0007295455785782363,13.697876040290188,1.4716159937118318,0.964920793492222,0.000775283717709453,10,123,11,False,False,,0.8896 ± 0.0007,0.8894 ± 0.0007,13.70 ± 1.47,0.9649 ± 0.0008,0.8896 $\pm$ 0.0007,0.8894 $\pm$ 0.0007,13.70 $\pm$ 1.47,0.9649 $\pm$ 0.0008
T5-small,1000,T5-small student results for FS=1000.,tab:t5small_fs1000,1.0,0.5,0.8896052631578947,0.001521872944990992,0.889389923218256,0.0015497669889849624,14.563797693117522,1.9433613546070692,0.9648922506065365,0.0016506685288899005,10,123,12,False,False,,0.8896 ± 0.0015,0.8894 ± 0.0015,14.56 ± 1.94,0.9649 ± 0.0017,0.8896 $\pm$ 0.0015,0.8894 $\pm$ 0.0015,14.56 $\pm$ 1.94,0.9649 $\pm$ 0.0017
T5-small,1000,T5-small student results for FS=1000.,tab:t5small_fs1000,0.5,0.3,0.8895657894736843,0.0017631906255144805,0.8893702453566869,0.0018062736606171668,13.95996795326937,2.2100231514499447,0.9648494362780078,0.0019124088417168765,10,123,13,False,False,,0.8896 ± 0.0018,0.8894 ± 0.0018,13.96 ± 2.21,0.9648 ± 0.0019,0.8896 $\pm$ 0.0018,0.8894 $\pm$ 0.0018,13.96 $\pm$ 2.21,0.9648 $\pm$ 0.0019
T5-small,1000,T5-small student results for FS=1000.,tab:t5small_fs1000,2.5,0.1,0.8895526315789475,0.0011339225017936128,0.8893115420534073,0.001128896942268196,13.799065413331846,1.3568663565114034,0.964835164835165,0.0012298859731170665,10,123,14,False,False,,0.8896 ± 0.0011,0.8893 ± 0.0011,13.80 ± 1.36,0.9648 ± 0.0012,0.8896 $\pm$ 0.0011,0.8893 $\pm$ 0.0011,13.80 $\pm$ 1.36,0.9648 $\pm$ 0.0012
T5-small,1000,T5-small student results for FS=1000.,tab:t5small_fs1000,0.5,0.9,0.8895394736842104,0.0017057400423359805,0.8893293556521147,0.0016921891721403412,14.50376368050153,2.0434390083706173,0.964820893392322,0.0018500962354436187,10,123,15,False,False,,0.8895 ± 0.0017,0.8893 ± 0.0017,14.50 ± 2.04,0.9648 ± 0.0019,0.8895 $\pm$ 0.0017,0.8893 $\pm$ 0.0017,14.50 $\pm$ 2.04,0.9648 $\pm$ 0.0019
T5-small,1000,T5-small student results for FS=1000.,tab:t5small_fs1000,3.0,0.1,0.8894868421052632,0.0012688256130934429,0.8892422375820264,0.0012692684064599424,14.236982140719192,1.6197915889206733,0.9647638076209505,0.0013762058883274228,10,123,16,False,False,,0.8895 ± 0.0013,0.8892 ± 0.0013,14.24 ± 1.62,0.9648 ± 0.0014,0.8895 $\pm$ 0.0013,0.8892 $\pm$ 0.0013,14.24 $\pm$ 1.62,0.9648 $\pm$ 0.0014
T5-small,1000,T5-small student results for FS=1000.,tab:t5small_fs1000,1.5,0.1,0.8894736842105262,0.0009406846749792617,0.8892427406742506,0.0009909343412029261,13.840504788434675,1.4688230339647657,0.9647495361781078,0.0010202944954819937,10,123,17,False,False,,0.8895 ± 0.0009,0.8892 ± 0.0010,13.84 ± 1.47,0.9647 ± 0.0010,0.8895 $\pm$ 0.0009,0.8892 $\pm$ 0.0010,13.84 $\pm$ 1.47,0.9647 $\pm$ 0.0010
T5-small,1000,T5-small student results for FS=1000.,tab:t5small_fs1000,2.0,0.7,0.8894605263157894,0.001799261587195333,0.8892247914369742,0.0018262327715853409,13.43386410594879,1.366196608935002,0.9647352647352647,0.0019515324764784365,10,123,18,False,False,,0.8895 ± 0.0018,0.8892 ± 0.0018,13.43 ± 1.37,0.9647 ± 0.0020,0.8895 $\pm$ 0.0018,0.8892 $\pm$ 0.0018,13.43 $\pm$ 1.37,0.9647 $\pm$ 0.0020
T5-small,1000,T5-small student results for FS=1000.,tab:t5small_fs1000,1.0,0.9,0.8894342105263158,0.0012250118560239306,0.8892074072167014,0.001274426143120159,13.467852966229355,1.386652767806686,0.9647067218495791,0.0013286841880664902,10,123,19,False,False,,0.8894 ± 0.0012,0.8892 ± 0.0013,13.47 ± 1.39,0.9647 ± 0.0013,0.8894 $\pm$ 0.0012,0.8892 $\pm$ 0.0013,13.47 $\pm$ 1.39,0.9647 $\pm$ 0.0013
T5-small,1000,T5-small student results for FS=1000.,tab:t5small_fs1000,1.0,0.1,0.8893815789473685,0.001212384157872576,0.8891625359720958,0.0012274419949751829,13.307597786430657,1.0653541670218658,0.9646496360782075,0.0013149878121637665,10,123,20,False,False,,0.8894 ± 0.0012,0.8892 ± 0.0012,13.31 ± 1.07,0.9646 ± 0.0013,0.8894 $\pm$ 0.0012,0.8892 $\pm$ 0.0012,13.31 $\pm$ 1.07,0.9646 $\pm$ 0.0013
T5-small,1000,T5-small student results for FS=1000.,tab:t5small_fs1000,1.0,0.3,0.8893684210526317,0.001254109894783261,0.889139181722902,0.0012654349505488193,13.883041694304362,1.2749049678522109,0.9646353646353646,0.001360244783837987,10,123,21,False,False,,0.8894 ± 0.0013,0.8891 ± 0.0013,13.88 ± 1.27,0.9646 ± 0.0014,0.8894 $\pm$ 0.0013,0.8891 $\pm$ 0.0013,13.88 $\pm$ 1.27,0.9646 $\pm$ 0.0014
T5-small,1000,T5-small student results for FS=1000.,tab:t5small_fs1000,0.5,0.7,0.8893552631578947,0.0015046480770072891,0.8891446479868815,0.0015182892114478789,14.43030472684768,1.755530489126863,0.9646210931925218,0.0016319859262530977,10,123,22,False,False,,0.8894 ± 0.0015,0.8891 ± 0.0015,14.43 ± 1.76,0.9646 ± 0.0016,0.8894 $\pm$ 0.0015,0.8891 $\pm$ 0.0015,14.43 $\pm$ 1.76,0.9646 $\pm$ 0.0016
T5-small,1000,T5-small student results for FS=1000.,tab:t5small_fs1000,2.5,0.7,0.8893421052631579,0.00186493786188329,0.8891035796347921,0.001882298031144074,14.38366227982139,1.9674819739254996,0.964606821749679,0.0020227669117044416,10,123,23,False,False,,0.8893 ± 0.0019,0.8891 ± 0.0019,14.38 ± 1.97,0.9646 ± 0.0020,0.8893 $\pm$ 0.0019,0.8891 $\pm$ 0.0019,14.38 $\pm$ 1.97,0.9646 $\pm$ 0.0020
T5-small,1000,T5-small student results for FS=1000.,tab:t5small_fs1000,0.1,0.9,0.8893421052631579,0.00188341320645471,0.8891340029715771,0.0019081456001297332,14.82054150023032,2.4018653362861078,0.9646068217496788,0.00204280581833249,10,123,24,False,False,,0.8893 ± 0.0019,0.8891 ± 0.0019,14.82 ± 2.40,0.9646 ± 0.0020,0.8893 $\pm$ 0.0019,0.8891 $\pm$ 0.0019,14.82 $\pm$ 2.40,0.9646 $\pm$ 0.0020
T5-small,1000,T5-small student results for FS=1000.,tab:t5small_fs1000,3.0,0.3,0.8893289473684213,0.0010479611300087675,0.8890678227147198,0.0010636708045125636,13.325173746416112,1.5995735924957868,0.964592550306836,0.0011366497200037782,10,123,25,False,False,,0.8893 ± 0.0010,0.8891 ± 0.0011,13.33 ± 1.60,0.9646 ± 0.0011,0.8893 $\pm$ 0.0010,0.8891 $\pm$ 0.0011,13.33 $\pm$ 1.60,0.9646 $\pm$ 0.0011
T5-small,1000,T5-small student results for FS=1000.,tab:t5small_fs1000,3.0,0.7,0.8893026315789474,0.0012877868188235179,0.8890753488550341,0.0013205273388424775,14.03443984745536,1.6521779695546233,0.9645640074211503,0.001396771774376854,10,123,26,False,False,,0.8893 ± 0.0013,0.8891 ± 0.0013,14.03 ± 1.65,0.9646 ± 0.0014,0.8893 $\pm$ 0.0013,0.8891 $\pm$ 0.0013,14.03 $\pm$ 1.65,0.9646 $\pm$ 0.0014
T5-small,1000,T5-small student results for FS=1000.,tab:t5small_fs1000,0.5,0.5,0.8892368421052632,0.0011484194981791656,0.8890292869744705,0.0012235764908207361,14.338307105887603,1.8097559908971652,0.964492650206936,0.00124560984532063,10,123,27,False,False,,0.8892 ± 0.0011,0.8890 ± 0.0012,14.34 ± 1.81,0.9645 ± 0.0012,0.8892 $\pm$ 0.0011,0.8890 $\pm$ 0.0012,14.34 $\pm$ 1.81,0.9645 $\pm$ 0.0012
T5-small,1000,T5-small student results for FS=1000.,tab:t5small_fs1000,1.5,0.9,0.889236842105263,0.0018398064185508303,0.8890057637820965,0.0018428198469116603,13.917787793761818,1.6134771293670835,0.964492650206936,0.0019955086029664927,10,123,28,False,False,,0.8892 ± 0.0018,0.8890 ± 0.0018,13.92 ± 1.61,0.9645 ± 0.0020,0.8892 $\pm$ 0.0018,0.8890 $\pm$ 0.0018,13.92 $\pm$ 1.61,0.9645 $\pm$ 0.0020
T5-small,1000,T5-small student results for FS=1000.,tab:t5small_fs1000,3.0,0.9,0.8892236842105262,0.0013986346285766126,0.8889966665483164,0.00142049414525213,15.068853499882001,2.18528704289841,0.964478378764093,0.0015170005961441752,10,123,29,False,False,,0.8892 ± 0.0014,0.8890 ± 0.0014,15.07 ± 2.19,0.9645 ± 0.0015,0.8892 $\pm$ 0.0014,0.8890 $\pm$ 0.0014,15.07 $\pm$ 2.19,0.9645 $\pm$ 0.0015
T5-small,1000,T5-small student results for FS=1000.,tab:t5small_fs1000,0.1,0.3,0.8892105263157895,0.0013827967342486315,0.8889952043318636,0.0014199365949984285,15.222553966887066,1.8277253662188397,0.9644641073212501,0.0014998223462665376,10,123,30,False,False,,0.8892 ± 0.0014,0.8890 ± 0.0014,15.22 ± 1.83,0.9645 ± 0.0015,0.8892 $\pm$ 0.0014,0.8890 $\pm$ 0.0014,15.22 $\pm$ 1.83,0.9645 $\pm$ 0.0015
T5-small,1000,T5-small student results for FS=1000.,tab:t5small_fs1000,1.5,0.7,0.8891973684210525,0.0014068627687545548,0.8889787493086496,0.001432260897033496,13.496058719222978,1.141004455251198,0.9644498358784073,0.001525925080995389,10,123,31,False,False,,0.8892 ± 0.0014,0.8890 ± 0.0014,13.50 ± 1.14,0.9644 ± 0.0015,0.8892 $\pm$ 0.0014,0.8890 $\pm$ 0.0014,13.50 $\pm$ 1.14,0.9644 $\pm$ 0.0015
T5-small,1000,T5-small student results for FS=1000.,tab:t5small_fs1000,2.5,0.9,0.8890657894736842,0.0014312634026167398,0.8888393620275916,0.0014464994566357066,14.238028886369042,2.0293246576994592,0.9643071214499785,0.0015523907321089222,10,123,32,False,False,,0.8891 ± 0.0014,0.8888 ± 0.0014,14.24 ± 2.03,0.9643 ± 0.0016,0.8891 $\pm$ 0.0014,0.8888 $\pm$ 0.0014,14.24 $\pm$ 2.03,0.9643 $\pm$ 0.0016
T5-small,1000,T5-small student results for FS=1000.,tab:t5small_fs1000,2.0,0.9,0.889013157894737,0.0015559361206198806,0.888784751679761,0.001568066946256303,15.089112752223931,2.1789937095953067,0.9642500356786071,0.0016876144593565045,10,123,33,False,False,,0.8890 ± 0.0016,0.8888 ± 0.0016,15.09 ± 2.18,0.9643 ± 0.0017,0.8890 $\pm$ 0.0016,0.8888 $\pm$ 0.0016,15.09 $\pm$ 2.18,0.9643 $\pm$ 0.0017
T5-small,1000,T5-small student results for FS=1000.,tab:t5small_fs1000,0.1,0.1,0.8889605263157895,0.0017570703147867894,0.888783086782297,0.0018104260797341422,13.651984380364107,1.3458810146808817,0.9641929499072356,0.0019057705711973132,10,123,34,False,False,,0.8890 ± 0.0018,0.8888 ± 0.0018,13.65 ± 1.35,0.9642 ± 0.0019,0.8890 $\pm$ 0.0018,0.8888 $\pm$ 0.0018,13.65 $\pm$ 1.35,0.9642 $\pm$ 0.0019
T5-small,1000,T5-small student results for FS=1000.,tab:t5small_fs1000,0.1,0.5,0.8888157894736841,0.0014782718900309434,0.8885896089758699,0.0015212006810243297,14.394960073550465,1.948426703645548,0.9640359640359639,0.0016033775316447944,10,123,35,False,False,,0.8888 ± 0.0015,0.8886 ± 0.0015,14.39 ± 1.95,0.9640 ± 0.0016,0.8888 $\pm$ 0.0015,0.8886 $\pm$ 0.0015,14.39 $\pm$ 1.95,0.9640 $\pm$ 0.0016
distilBERT,10,distilBERT student results for FS=10.,tab:distilbert_fs10,0.1,0.1,0.8051315789473683,0.009688516078228472,0.8026700533572356,0.011203119364065938,3.978359026647619,0.6822692459047989,0.850097249235899,0.010229608529388229,10,123,1,True,False,green!15,0.8051 ± 0.0097,0.8027 ± 0.0112,3.98 ± 0.68,0.8501 ± 0.0102,0.8051 $\pm$ 0.0097,0.8027 $\pm$ 0.0112,3.98 $\pm$ 0.68,0.8501 $\pm$ 0.0102
distilBERT,10,distilBERT student results for FS=10.,tab:distilbert_fs10,0.1,0.5,0.8050263157894737,0.0141908570828571,0.8021756612611599,0.017289038040834433,3.732451986625165,0.4968141887501106,0.8499861072520144,0.014983400087484566,10,123,2,False,False,,0.8050 ± 0.0142,0.8022 ± 0.0173,3.73 ± 0.50,0.8500 ± 0.0150,0.8050 $\pm$ 0.0142,0.8022 $\pm$ 0.0173,3.73 $\pm$ 0.50,0.8500 $\pm$ 0.0150
distilBERT,10,distilBERT student results for FS=10.,tab:distilbert_fs10,0.1,0.3,0.804921052631579,0.013757003868300704,0.8022874375120136,0.016389157396953263,4.127729820029344,0.6188113944443213,0.8498749652681299,0.014525316671170515,10,123,3,False,False,,0.8049 ± 0.0138,0.8023 ± 0.0164,4.13 ± 0.62,0.8499 ± 0.0145,0.8049 $\pm$ 0.0138,0.8023 $\pm$ 0.0164,4.13 $\pm$ 0.62,0.8499 $\pm$ 0.0145
distilBERT,10,distilBERT student results for FS=10.,tab:distilbert_fs10,0.1,0.7,0.8045263157894735,0.01614669021197462,0.8014919370252255,0.01952222043970547,3.65409948674331,0.4804134904213554,0.8494581828285634,0.017048464241595868,10,123,4,False,False,,0.8045 ± 0.0161,0.8015 ± 0.0195,3.65 ± 0.48,0.8495 ± 0.0170,0.8045 $\pm$ 0.0161,0.8015 $\pm$ 0.0195,3.65 $\pm$ 0.48,0.8495 $\pm$ 0.0170
distilBERT,10,distilBERT student results for FS=10.,tab:distilbert_fs10,2.5,0.7,0.8043947368421053,0.015148439627419815,0.8013629544653262,0.01860116070889081,3.8601431333290748,0.7017284233799069,0.8493192553487079,0.01599446251297454,10,123,5,False,False,,0.8044 ± 0.0151,0.8014 ± 0.0186,3.86 ± 0.70,0.8493 ± 0.0160,0.8044 $\pm$ 0.0151,0.8014 $\pm$ 0.0186,3.86 $\pm$ 0.70,0.8493 $\pm$ 0.0160
distilBERT,10,distilBERT student results for FS=10.,tab:distilbert_fs10,3.0,0.7,0.8043684210526315,0.015186817557215807,0.8013318219804602,0.018690232977201474,3.587076453395639,0.3585057927386371,0.8492914698527368,0.016034983805896103,10,123,6,False,False,,0.8044 ± 0.0152,0.8013 ± 0.0187,3.59 ± 0.36,0.8493 ± 0.0160,0.8044 $\pm$ 0.0152,0.8013 $\pm$ 0.0187,3.59 $\pm$ 0.36,0.8493 $\pm$ 0.0160
distilBERT,10,distilBERT student results for FS=10.,tab:distilbert_fs10,2.0,0.7,0.8042894736842106,0.015111059058806298,0.8012196642872841,0.018609148782492566,4.0222985133482325,0.5876489888576385,0.8492081133648235,0.01595499428270739,10,123,7,False,False,,0.8043 ± 0.0151,0.8012 ± 0.0186,4.02 ± 0.59,0.8492 ± 0.0160,0.8043 $\pm$ 0.0151,0.8012 $\pm$ 0.0186,4.02 $\pm$ 0.59,0.8492 $\pm$ 0.0160
distilBERT,10,distilBERT student results for FS=10.,tab:distilbert_fs10,1.5,0.7,0.8040789473684212,0.01526114122591722,0.8009896962010339,0.018787555555936208,4.005728200068007,0.7816383408950638,0.8489858293970547,0.01611345836579199,10,123,8,False,False,,0.8041 ± 0.0153,0.8010 ± 0.0188,4.01 ± 0.78,0.8490 ± 0.0161,0.8041 $\pm$ 0.0153,0.8010 $\pm$ 0.0188,4.01 $\pm$ 0.78,0.8490 $\pm$ 0.0161
distilBERT,10,distilBERT student results for FS=10.,tab:distilbert_fs10,1.0,0.7,0.803934210526316,0.01515989595504551,0.8007881571112883,0.018712231796282557,3.818964499981424,0.5107700649422708,0.8488330091692136,0.016006558663287845,10,123,9,False,False,,0.8039 ± 0.0152,0.8008 ± 0.0187,3.82 ± 0.51,0.8488 ± 0.0160,0.8039 $\pm$ 0.0152,0.8008 $\pm$ 0.0187,3.82 $\pm$ 0.51,0.8488 $\pm$ 0.0160
distilBERT,10,distilBERT student results for FS=10.,tab:distilbert_fs10,0.5,0.7,0.803921052631579,0.01535649020187902,0.8006854052017447,0.019082719011338366,3.664723739999166,0.5949095221878129,0.8488191164212282,0.016214132472114562,10,123,10,False,False,,0.8039 ± 0.0154,0.8007 ± 0.0191,3.66 ± 0.59,0.8488 ± 0.0162,0.8039 $\pm$ 0.0154,0.8007 $\pm$ 0.0191,3.66 $\pm$ 0.59,0.8488 $\pm$ 0.0162
distilBERT,10,distilBERT student results for FS=10.,tab:distilbert_fs10,3.0,0.9,0.8038815789473684,0.01624018632568265,0.8006940136809806,0.019795273438027044,4.2138290932310465,0.7858059386899692,0.8487774381772715,0.017147182005444312,10,123,11,False,False,,0.8039 ± 0.0162,0.8007 ± 0.0198,4.21 ± 0.79,0.8488 ± 0.0171,0.8039 $\pm$ 0.0162,0.8007 $\pm$ 0.0198,4.21 $\pm$ 0.79,0.8488 $\pm$ 0.0171
distilBERT,10,distilBERT student results for FS=10.,tab:distilbert_fs10,1.0,0.9,0.8038157894736843,0.016121986119643626,0.8006126759111745,0.019638975547132995,3.884312439953798,1.0572204181753528,0.8487079744373437,0.01702238045419444,10,123,12,False,False,,0.8038 ± 0.0161,0.8006 ± 0.0196,3.88 ± 1.06,0.8487 ± 0.0170,0.8038 $\pm$ 0.0161,0.8006 $\pm$ 0.0196,3.88 $\pm$ 1.06,0.8487 $\pm$ 0.0170
distilBERT,10,distilBERT student results for FS=10.,tab:distilbert_fs10,2.0,0.9,0.8037236842105262,0.016243360506425573,0.800533447421064,0.019808023381059296,3.5192263466979057,0.5234326783050218,0.8486107252014448,0.017150533460521592,10,123,13,False,True,blue!12,0.8037 ± 0.0162,0.8005 ± 0.0198,3.52 ± 0.52,0.8486 ± 0.0172,0.8037 $\pm$ 0.0162,0.8005 $\pm$ 0.0198,3.52 $\pm$ 0.52,0.8486 $\pm$ 0.0172
distilBERT,10,distilBERT student results for FS=10.,tab:distilbert_fs10,2.5,0.9,0.8037105263157895,0.01619208908219685,0.800527994382516,0.019756935227038256,3.591060273287591,0.4073738247966111,0.8485968324534593,0.01709639858637067,10,123,14,False,False,,0.8037 ± 0.0162,0.8005 ± 0.0198,3.59 ± 0.41,0.8486 ± 0.0171,0.8037 $\pm$ 0.0162,0.8005 $\pm$ 0.0198,3.59 $\pm$ 0.41,0.8486 $\pm$ 0.0171
distilBERT,10,distilBERT student results for FS=10.,tab:distilbert_fs10,0.1,0.9,0.8036973684210527,0.017131833838978403,0.8004686351381987,0.020778152938949454,3.960703953371195,0.8181970147814627,0.8485829397054736,0.018088627004200587,10,123,15,False,False,,0.8037 ± 0.0171,0.8005 ± 0.0208,3.96 ± 0.82,0.8486 ± 0.0181,0.8037 $\pm$ 0.0171,0.8005 $\pm$ 0.0208,3.96 $\pm$ 0.82,0.8486 $\pm$ 0.0181
distilBERT,10,distilBERT student results for FS=10.,tab:distilbert_fs10,1.5,0.9,0.8036184210526315,0.016199625378977303,0.8004323026455612,0.019706775567925654,4.052956739995656,0.7040004442672326,0.8484995832175605,0.01710435577663622,10,123,16,False,False,,0.8036 ± 0.0162,0.8004 ± 0.0197,4.05 ± 0.70,0.8485 ± 0.0171,0.8036 $\pm$ 0.0162,0.8004 $\pm$ 0.0197,4.05 $\pm$ 0.70,0.8485 $\pm$ 0.0171
distilBERT,10,distilBERT student results for FS=10.,tab:distilbert_fs10,0.5,0.9,0.8035789473684212,0.016542450312987164,0.8002376105378168,0.020297616059378673,3.95704570000665,0.42134965289234305,0.8484579049736036,0.017466327087899757,10,123,17,False,False,,0.8036 ± 0.0165,0.8002 ± 0.0203,3.96 ± 0.42,0.8485 ± 0.0175,0.8036 $\pm$ 0.0165,0.8002 $\pm$ 0.0203,3.96 $\pm$ 0.42,0.8485 $\pm$ 0.0175
distilBERT,10,distilBERT student results for FS=10.,tab:distilbert_fs10,0.5,0.5,0.8031315789473684,0.015478392687775554,0.799803693163798,0.019239501279084328,3.925715906619492,0.6503434946322733,0.8479855515420949,0.016342843071282885,10,123,18,False,False,,0.8031 ± 0.0155,0.7998 ± 0.0192,3.93 ± 0.65,0.8480 ± 0.0163,0.8031 $\pm$ 0.0155,0.7998 $\pm$ 0.0192,3.93 $\pm$ 0.65,0.8480 $\pm$ 0.0163
distilBERT,10,distilBERT student results for FS=10.,tab:distilbert_fs10,1.0,0.5,0.8026052631578947,0.015167805604958362,0.799370038824226,0.01884893762025677,3.820243453375648,0.6964818892834568,0.8474298416226731,0.016014910058027736,10,123,19,False,False,,0.8026 ± 0.0152,0.7994 ± 0.0188,3.82 ± 0.70,0.8474 ± 0.0160,0.8026 $\pm$ 0.0152,0.7994 $\pm$ 0.0188,3.82 $\pm$ 0.70,0.8474 $\pm$ 0.0160
distilBERT,10,distilBERT student results for FS=10.,tab:distilbert_fs10,2.5,0.5,0.8024999999999999,0.015506851710924785,0.7992903981916075,0.019213379613013646,3.8327905999479603,0.9108204381421574,0.8473186996387886,0.016372891498058945,10,123,20,False,False,,0.8025 ± 0.0155,0.7993 ± 0.0192,3.83 ± 0.91,0.8473 ± 0.0164,0.8025 $\pm$ 0.0155,0.7993 $\pm$ 0.0192,3.83 $\pm$ 0.91,0.8473 $\pm$ 0.0164
distilBERT,10,distilBERT student results for FS=10.,tab:distilbert_fs10,2.0,0.5,0.8023815789473684,0.015413337840309007,0.7991548950588996,0.019153052779850126,3.956294053333901,0.723445396871136,0.8471936649069185,0.016274154985599965,10,123,21,False,False,,0.8024 ± 0.0154,0.7992 ± 0.0192,3.96 ± 0.72,0.8472 ± 0.0163,0.8024 $\pm$ 0.0154,0.7992 $\pm$ 0.0192,3.96 $\pm$ 0.72,0.8472 $\pm$ 0.0163
distilBERT,10,distilBERT student results for FS=10.,tab:distilbert_fs10,3.0,0.5,0.8023684210526316,0.015162376489809021,0.7992390964195721,0.018731209361549282,3.902827113222429,0.5949514668093281,0.8471797721589329,0.016009177733057583,10,123,22,False,False,,0.8024 ± 0.0152,0.7992 ± 0.0187,3.90 ± 0.59,0.8472 ± 0.0160,0.8024 $\pm$ 0.0152,0.7992 $\pm$ 0.0187,3.90 $\pm$ 0.59,0.8472 $\pm$ 0.0160
distilBERT,10,distilBERT student results for FS=10.,tab:distilbert_fs10,1.5,0.5,0.8023157894736842,0.014822900353324224,0.7991427248660256,0.01847552547579099,4.456333740032126,1.1494571943279615,0.8471242011669908,0.015650742245799425,10,123,23,False,False,,0.8023 ± 0.0148,0.7991 ± 0.0185,4.46 ± 1.15,0.8471 ± 0.0157,0.8023 $\pm$ 0.0148,0.7991 $\pm$ 0.0185,4.46 $\pm$ 1.15,0.8471 $\pm$ 0.0157
distilBERT,10,distilBERT student results for FS=10.,tab:distilbert_fs10,0.5,0.3,0.8004999999999999,0.013281118906980699,0.7969448052260313,0.016685882878014136,3.5992947533365323,0.7346537444483127,0.8452070019449847,0.014022854083502815,10,123,24,False,False,,0.8005 ± 0.0133,0.7969 ± 0.0167,3.60 ± 0.73,0.8452 ± 0.0140,0.8005 $\pm$ 0.0133,0.7969 $\pm$ 0.0167,3.60 $\pm$ 0.73,0.8452 $\pm$ 0.0140
distilBERT,10,distilBERT student results for FS=10.,tab:distilbert_fs10,1.0,0.3,0.8003157894736841,0.01227321200178967,0.7969492751443732,0.015345116790549713,3.8064446867038746,0.7308671237167588,0.845012503473187,0.012958656739872393,10,123,25,False,False,,0.8003 ± 0.0123,0.7969 ± 0.0153,3.81 ± 0.73,0.8450 ± 0.0130,0.8003 $\pm$ 0.0123,0.7969 $\pm$ 0.0153,3.81 $\pm$ 0.73,0.8450 $\pm$ 0.0130
distilBERT,10,distilBERT student results for FS=10.,tab:distilbert_fs10,1.5,0.3,0.8002499999999999,0.01244276678909501,0.7970139239003684,0.015200717789586603,4.004749146587679,0.9933118719876908,0.8449430397332591,0.01313768096653543,10,123,26,False,False,,0.8002 ± 0.0124,0.7970 ± 0.0152,4.00 ± 0.99,0.8449 ± 0.0131,0.8002 $\pm$ 0.0124,0.7970 $\pm$ 0.0152,4.00 $\pm$ 0.99,0.8449 $\pm$ 0.0131
distilBERT,10,distilBERT student results for FS=10.,tab:distilbert_fs10,3.0,0.3,0.8002368421052631,0.012218482737487438,0.7970940676296976,0.014610198366623917,4.0769452333976615,0.6499603690343866,0.8449291469852737,0.012900870909267092,10,123,27,False,False,,0.8002 ± 0.0122,0.7971 ± 0.0146,4.08 ± 0.65,0.8449 ± 0.0129,0.8002 $\pm$ 0.0122,0.7971 $\pm$ 0.0146,4.08 $\pm$ 0.65,0.8449 $\pm$ 0.0129
distilBERT,10,distilBERT student results for FS=10.,tab:distilbert_fs10,2.5,0.3,0.8001184210526315,0.01309420991634598,0.7968668931981415,0.01585561213950549,3.7098156066599586,0.5750364463394573,0.8448041122534036,0.013825506441265557,10,123,28,False,False,,0.8001 ± 0.0131,0.7969 ± 0.0159,3.71 ± 0.58,0.8448 ± 0.0138,0.8001 $\pm$ 0.0131,0.7969 $\pm$ 0.0159,3.71 $\pm$ 0.58,0.8448 $\pm$ 0.0138
distilBERT,10,distilBERT student results for FS=10.,tab:distilbert_fs10,2.0,0.3,0.8000131578947368,0.01286627871761672,0.7967091467218338,0.015708797056840015,4.1561405933081605,0.789526715295288,0.8446929702695192,0.013584845547914297,10,123,29,False,False,,0.8000 ± 0.0129,0.7967 ± 0.0157,4.16 ± 0.79,0.8447 ± 0.0136,0.8000 $\pm$ 0.0129,0.7967 $\pm$ 0.0157,4.16 $\pm$ 0.79,0.8447 $\pm$ 0.0136
distilBERT,10,distilBERT student results for FS=10.,tab:distilbert_fs10,0.5,0.1,0.7965921052631577,0.014216271580645302,0.7921193595680724,0.01716698682959571,3.607310766727399,0.37166779813274786,0.8410808557932759,0.015010233955668821,10,123,30,False,False,,0.7966 ± 0.0142,0.7921 ± 0.0172,3.61 ± 0.37,0.8411 ± 0.0150,0.7966 $\pm$ 0.0142,0.7921 $\pm$ 0.0172,3.61 $\pm$ 0.37,0.8411 $\pm$ 0.0150
distilBERT,10,distilBERT student results for FS=10.,tab:distilbert_fs10,1.0,0.1,0.7947763157894737,0.01400971527874294,0.7901831660181416,0.016573013009773072,4.060020746717895,0.5928731644224775,0.8391636565712698,0.014792141722484897,10,123,31,False,False,,0.7948 ± 0.0140,0.7902 ± 0.0166,4.06 ± 0.59,0.8392 ± 0.0148,0.7948 $\pm$ 0.0140,0.7902 $\pm$ 0.0166,4.06 $\pm$ 0.59,0.8392 $\pm$ 0.0148
distilBERT,10,distilBERT student results for FS=10.,tab:distilbert_fs10,1.5,0.1,0.7942763157894737,0.01372761475619233,0.7896719446945358,0.016237376674098122,3.5372562467341595,0.319262812634591,0.8386357321478186,0.014494286211039412,10,123,32,False,False,,0.7943 ± 0.0137,0.7897 ± 0.0162,3.54 ± 0.32,0.8386 ± 0.0145,0.7943 $\pm$ 0.0137,0.7897 $\pm$ 0.0162,3.54 $\pm$ 0.32,0.8386 $\pm$ 0.0145
distilBERT,10,distilBERT student results for FS=10.,tab:distilbert_fs10,2.0,0.1,0.7941973684210526,0.013244953219254493,0.7896077883047945,0.015664606751923486,3.9444965399919356,0.44967709852218196,0.8385523756599055,0.013984668583819698,10,123,33,False,False,,0.7942 ± 0.0132,0.7896 ± 0.0157,3.94 ± 0.45,0.8386 ± 0.0140,0.7942 $\pm$ 0.0132,0.7896 $\pm$ 0.0157,3.94 $\pm$ 0.45,0.8386 $\pm$ 0.0140
distilBERT,10,distilBERT student results for FS=10.,tab:distilbert_fs10,2.5,0.1,0.7940657894736842,0.013509120808892038,0.7894864788100735,0.015857909785027612,3.8937362933468953,0.7062534789853591,0.8384134481800501,0.014263589628727338,10,123,34,False,False,,0.7941 ± 0.0135,0.7895 ± 0.0159,3.89 ± 0.71,0.8384 ± 0.0143,0.7941 $\pm$ 0.0135,0.7895 $\pm$ 0.0159,3.89 $\pm$ 0.71,0.8384 $\pm$ 0.0143
distilBERT,10,distilBERT student results for FS=10.,tab:distilbert_fs10,3.0,0.1,0.7940657894736842,0.013475330274542535,0.7894749937055444,0.015784251209050502,3.9016616333568286,0.4781103845431541,0.8384134481800499,0.014227911931998226,10,123,35,False,False,,0.7941 ± 0.0135,0.7895 ± 0.0158,3.90 ± 0.48,0.8384 ± 0.0142,0.7941 $\pm$ 0.0135,0.7895 $\pm$ 0.0158,3.90 $\pm$ 0.48,0.8384 $\pm$ 0.0142
distilBERT,100,distilBERT student results for FS=100.,tab:distilbert_fs100,3.0,0.1,0.8678552631578947,0.003641698123138102,0.8673832216913919,0.0037697888371239245,3.9779014465602813,0.8550450343846598,0.9163239788830229,0.0038450827640802306,10,123,1,True,False,green!15,0.8679 ± 0.0036,0.8674 ± 0.0038,3.98 ± 0.86,0.9163 ± 0.0038,0.8679 $\pm$ 0.0036,0.8674 $\pm$ 0.0038,3.98 $\pm$ 0.86,0.9163 $\pm$ 0.0038
distilBERT,100,distilBERT student results for FS=100.,tab:distilbert_fs100,2.5,0.1,0.867842105263158,0.004403998015737803,0.8673433687062533,0.004481196064833788,3.613166320064921,0.3241877327944105,0.9163100861350376,0.004649956226675102,10,123,2,False,False,,0.8678 ± 0.0044,0.8673 ± 0.0045,3.61 ± 0.32,0.9163 ± 0.0046,0.8678 $\pm$ 0.0044,0.8673 $\pm$ 0.0045,3.61 $\pm$ 0.32,0.9163 $\pm$ 0.0046
distilBERT,100,distilBERT student results for FS=100.,tab:distilbert_fs100,2.0,0.1,0.8677105263157895,0.003741821902235022,0.8672059472657029,0.003928843719561345,3.635087826757323,0.40951681071600665,0.9161711586551821,0.0039507983407871886,10,123,3,False,False,,0.8677 ± 0.0037,0.8672 ± 0.0039,3.64 ± 0.41,0.9162 ± 0.0040,0.8677 $\pm$ 0.0037,0.8672 $\pm$ 0.0039,3.64 $\pm$ 0.41,0.9162 $\pm$ 0.0040
distilBERT,100,distilBERT student results for FS=100.,tab:distilbert_fs100,1.5,0.1,0.8675657894736842,0.004096711929138756,0.8671067182211152,0.004184313326598717,3.353527526560356,0.27540934701281217,0.9160183384273408,0.0043255085664704734,10,123,4,False,True,blue!12,0.8676 ± 0.0041,0.8671 ± 0.0042,3.35 ± 0.28,0.9160 ± 0.0043,0.8676 $\pm$ 0.0041,0.8671 $\pm$ 0.0042,3.35 $\pm$ 0.28,0.9160 $\pm$ 0.0043
distilBERT,100,distilBERT student results for FS=100.,tab:distilbert_fs100,3.0,0.3,0.867328947368421,0.0036554064067855527,0.8667433159232495,0.003782887018184572,3.784563639880313,0.6683388448051828,0.915768268963601,0.003859556639562408,10,123,5,False,False,,0.8673 ± 0.0037,0.8667 ± 0.0038,3.78 ± 0.67,0.9158 ± 0.0039,0.8673 $\pm$ 0.0037,0.8667 $\pm$ 0.0038,3.78 $\pm$ 0.67,0.9158 $\pm$ 0.0039
distilBERT,100,distilBERT student results for FS=100.,tab:distilbert_fs100,2.5,0.3,0.8672105263157894,0.0035370570458219098,0.8666606781780428,0.003669484319613026,3.5462336466298447,0.42638453478807586,0.9156432342317309,0.003734597603257373,10,123,6,False,False,,0.8672 ± 0.0035,0.8667 ± 0.0037,3.55 ± 0.43,0.9156 ± 0.0037,0.8672 $\pm$ 0.0035,0.8667 $\pm$ 0.0037,3.55 $\pm$ 0.43,0.9156 $\pm$ 0.0037
distilBERT,100,distilBERT student results for FS=100.,tab:distilbert_fs100,1.0,0.1,0.866907894736842,0.0040745826487086105,0.8663426673001338,0.004248465142245407,3.5214456867591557,0.3610936289692157,0.9153237010280633,0.004302143391245543,10,123,7,False,False,,0.8669 ± 0.0041,0.8663 ± 0.0042,3.52 ± 0.36,0.9153 ± 0.0043,0.8669 $\pm$ 0.0041,0.8663 $\pm$ 0.0042,3.52 $\pm$ 0.36,0.9153 $\pm$ 0.0043
distilBERT,100,distilBERT student results for FS=100.,tab:distilbert_fs100,2.0,0.3,0.866907894736842,0.003725876547607926,0.8663328420677077,0.0038630498778524,3.6533680799523913,0.3527398020842369,0.9153237010280633,0.00393396245649074,10,123,8,False,False,,0.8669 ± 0.0037,0.8663 ± 0.0039,3.65 ± 0.35,0.9153 ± 0.0039,0.8669 $\pm$ 0.0037,0.8663 $\pm$ 0.0039,3.65 $\pm$ 0.35,0.9153 $\pm$ 0.0039
distilBERT,100,distilBERT student results for FS=100.,tab:distilbert_fs100,1.5,0.3,0.866842105263158,0.00380998752289192,0.8662487701808862,0.003929160098396594,4.006795980227859,0.8556370898552186,0.9152542372881355,0.004022770932756127,10,123,9,False,False,,0.8668 ± 0.0038,0.8662 ± 0.0039,4.01 ± 0.86,0.9153 ± 0.0040,0.8668 $\pm$ 0.0038,0.8662 $\pm$ 0.0039,4.01 $\pm$ 0.86,0.9153 $\pm$ 0.0040
distilBERT,100,distilBERT student results for FS=100.,tab:distilbert_fs100,0.1,0.5,0.866263157894737,0.0037883160999973983,0.8658231981094018,0.004113060735520586,3.491824013144651,0.5306358397838038,0.9146429563767715,0.003999889185882219,10,123,10,False,False,,0.8663 ± 0.0038,0.8658 ± 0.0041,3.49 ± 0.53,0.9146 ± 0.0040,0.8663 $\pm$ 0.0038,0.8658 $\pm$ 0.0041,3.49 $\pm$ 0.53,0.9146 $\pm$ 0.0040
distilBERT,100,distilBERT student results for FS=100.,tab:distilbert_fs100,2.5,0.7,0.866157894736842,0.0030912808406989706,0.8654793226947242,0.0034274922699616133,3.760405766661279,0.5293382324512262,0.9145318143928869,0.0032639253111019766,10,123,11,False,False,,0.8662 ± 0.0031,0.8655 ± 0.0034,3.76 ± 0.53,0.9145 ± 0.0033,0.8662 $\pm$ 0.0031,0.8655 $\pm$ 0.0034,3.76 $\pm$ 0.53,0.9145 $\pm$ 0.0033
distilBERT,100,distilBERT student results for FS=100.,tab:distilbert_fs100,2.5,0.5,0.8661447368421052,0.0032122814203722695,0.8654625713806942,0.0033586349205277297,3.4206498266333556,0.387482531338827,0.9145179216449012,0.0033916836336245187,10,123,12,False,False,,0.8661 ± 0.0032,0.8655 ± 0.0034,3.42 ± 0.39,0.9145 ± 0.0034,0.8661 $\pm$ 0.0032,0.8655 $\pm$ 0.0034,3.42 $\pm$ 0.39,0.9145 $\pm$ 0.0034
distilBERT,100,distilBERT student results for FS=100.,tab:distilbert_fs100,1.5,0.7,0.8660657894736843,0.0033069419229103604,0.8653877909508753,0.003582315250824947,3.654342726743683,0.5601062047648802,0.9144345651569878,0.0034916308160764993,10,123,13,False,False,,0.8661 ± 0.0033,0.8654 ± 0.0036,3.65 ± 0.56,0.9144 ± 0.0035,0.8661 $\pm$ 0.0033,0.8654 $\pm$ 0.0036,3.65 $\pm$ 0.56,0.9144 $\pm$ 0.0035
distilBERT,100,distilBERT student results for FS=100.,tab:distilbert_fs100,3.0,0.5,0.866,0.0029384000981767396,0.8652743921162143,0.0031026056345815852,3.6405593733798005,0.4678364887216262,0.9143651014170604,0.0031025063553964116,10,123,14,False,False,,0.8660 ± 0.0029,0.8653 ± 0.0031,3.64 ± 0.47,0.9144 ± 0.0031,0.8660 $\pm$ 0.0029,0.8653 $\pm$ 0.0031,3.64 $\pm$ 0.47,0.9144 $\pm$ 0.0031
distilBERT,100,distilBERT student results for FS=100.,tab:distilbert_fs100,1.0,0.7,0.86575,0.003138371668764206,0.865112849795886,0.0033757435013768867,3.571741873274732,0.6166093967908374,0.9141011392053346,0.0033136461076143475,10,123,15,False,False,,0.8658 ± 0.0031,0.8651 ± 0.0034,3.57 ± 0.62,0.9141 ± 0.0033,0.8658 $\pm$ 0.0031,0.8651 $\pm$ 0.0034,3.57 $\pm$ 0.62,0.9141 $\pm$ 0.0033
distilBERT,100,distilBERT student results for FS=100.,tab:distilbert_fs100,2.0,0.7,0.8657368421052631,0.0033397906061167198,0.8650399541571933,0.0036434075849298623,3.697416613006984,0.42357705902107984,0.9140872464573493,0.003526314060362191,10,123,16,False,False,,0.8657 ± 0.0033,0.8650 ± 0.0036,3.70 ± 0.42,0.9141 ± 0.0035,0.8657 $\pm$ 0.0033,0.8650 $\pm$ 0.0036,3.70 $\pm$ 0.42,0.9141 $\pm$ 0.0035
distilBERT,100,distilBERT student results for FS=100.,tab:distilbert_fs100,3.0,0.7,0.8657105263157895,0.002278338856943955,0.865028018561134,0.002554570149725827,3.656898720097767,0.5779604073095245,0.914059460961378,0.0024055814549561235,10,123,17,False,False,,0.8657 ± 0.0023,0.8650 ± 0.0026,3.66 ± 0.58,0.9141 ± 0.0024,0.8657 $\pm$ 0.0023,0.8650 $\pm$ 0.0026,3.66 $\pm$ 0.58,0.9141 $\pm$ 0.0024
distilBERT,100,distilBERT student results for FS=100.,tab:distilbert_fs100,2.0,0.5,0.8655921052631579,0.0031237493650121627,0.8648968328762413,0.0033110545244497327,3.6153680998904756,0.6349630716232514,0.9139344262295082,0.003298207165058684,10,123,18,False,False,,0.8656 ± 0.0031,0.8649 ± 0.0033,3.62 ± 0.63,0.9139 ± 0.0033,0.8656 $\pm$ 0.0031,0.8649 $\pm$ 0.0033,3.62 $\pm$ 0.63,0.9139 $\pm$ 0.0033
distilBERT,100,distilBERT student results for FS=100.,tab:distilbert_fs100,1.0,0.3,0.865407894736842,0.004012834326904122,0.8647466089082065,0.004185580306796807,3.681433160127198,0.35284220722957144,0.9137399277577105,0.004236946496870142,10,123,19,False,False,,0.8654 ± 0.0040,0.8647 ± 0.0042,3.68 ± 0.35,0.9137 ± 0.0042,0.8654 $\pm$ 0.0040,0.8647 $\pm$ 0.0042,3.68 $\pm$ 0.35,0.9137 $\pm$ 0.0042
distilBERT,100,distilBERT student results for FS=100.,tab:distilbert_fs100,0.5,0.7,0.8653421052631579,0.004158671923811546,0.8648445319833019,0.00431280918748105,3.947312033305935,0.7708078511229187,0.9136704640177825,0.004390928955399793,10,123,20,False,False,,0.8653 ± 0.0042,0.8648 ± 0.0043,3.95 ± 0.77,0.9137 ± 0.0044,0.8653 $\pm$ 0.0042,0.8648 $\pm$ 0.0043,3.95 $\pm$ 0.77,0.9137 $\pm$ 0.0044
distilBERT,100,distilBERT student results for FS=100.,tab:distilbert_fs100,2.5,0.9,0.8652763157894736,0.00260915150791574,0.8647487069623244,0.0027723150100221463,3.6963601196233262,0.5026552254548521,0.9136010002778547,0.0027548696110252214,10,123,21,False,False,,0.8653 ± 0.0026,0.8647 ± 0.0028,3.70 ± 0.50,0.9136 ± 0.0028,0.8653 $\pm$ 0.0026,0.8647 $\pm$ 0.0028,3.70 $\pm$ 0.50,0.9136 $\pm$ 0.0028
distilBERT,100,distilBERT student results for FS=100.,tab:distilbert_fs100,0.1,0.9,0.8652499999999999,0.006739117511384998,0.8646658897193629,0.007314721769897091,3.675649633320669,0.553482292212257,0.9135732147818839,0.007115489453532381,10,123,22,False,False,,0.8652 ± 0.0067,0.8647 ± 0.0073,3.68 ± 0.55,0.9136 ± 0.0071,0.8652 $\pm$ 0.0067,0.8647 $\pm$ 0.0073,3.68 $\pm$ 0.55,0.9136 $\pm$ 0.0071
distilBERT,100,distilBERT student results for FS=100.,tab:distilbert_fs100,2.0,0.9,0.8652105263157894,0.002439795237360326,0.8646818048294527,0.002575169227570096,3.650290866595848,0.8783484561207147,0.9135315365379271,0.0025760549880436893,10,123,23,False,False,,0.8652 ± 0.0024,0.8647 ± 0.0026,3.65 ± 0.88,0.9135 ± 0.0026,0.8652 $\pm$ 0.0024,0.8647 $\pm$ 0.0026,3.65 $\pm$ 0.88,0.9135 $\pm$ 0.0026
distilBERT,100,distilBERT student results for FS=100.,tab:distilbert_fs100,1.5,0.5,0.865,0.0037174772105994878,0.8642462627633012,0.003952692703580467,3.4304763733477253,0.5409194900585416,0.9133092525701582,0.0039250940261956165,10,123,24,False,False,,0.8650 ± 0.0037,0.8642 ± 0.0040,3.43 ± 0.54,0.9133 ± 0.0039,0.8650 $\pm$ 0.0037,0.8642 $\pm$ 0.0040,3.43 $\pm$ 0.54,0.9133 $\pm$ 0.0039
distilBERT,100,distilBERT student results for FS=100.,tab:distilbert_fs100,0.1,0.3,0.8648815789473684,0.0041197497062748336,0.8642873880319462,0.004275464403481515,3.813014366545152,0.6207202185375583,0.9131842178382884,0.004349832976894814,10,123,25,False,False,,0.8649 ± 0.0041,0.8643 ± 0.0043,3.81 ± 0.62,0.9132 ± 0.0043,0.8649 $\pm$ 0.0041,0.8643 $\pm$ 0.0043,3.81 $\pm$ 0.62,0.9132 $\pm$ 0.0043
distilBERT,100,distilBERT student results for FS=100.,tab:distilbert_fs100,3.0,0.9,0.8648157894736842,0.0029344694769431667,0.8642791943872462,0.0031455668520126404,3.74457347325612,0.6732336239827316,0.9131147540983606,0.0030983562134993107,10,123,26,False,False,,0.8648 ± 0.0029,0.8643 ± 0.0031,3.74 ± 0.67,0.9131 ± 0.0031,0.8648 $\pm$ 0.0029,0.8643 $\pm$ 0.0031,3.74 $\pm$ 0.67,0.9131 $\pm$ 0.0031
distilBERT,100,distilBERT student results for FS=100.,tab:distilbert_fs100,0.1,0.7,0.8646973684210526,0.007105276694810601,0.8641414454630499,0.007669551179825107,3.812013193310122,0.40702497396873244,0.9129897193664906,0.007502098205134846,10,123,27,False,False,,0.8647 ± 0.0071,0.8641 ± 0.0077,3.81 ± 0.41,0.9130 ± 0.0075,0.8647 $\pm$ 0.0071,0.8641 $\pm$ 0.0077,3.81 $\pm$ 0.41,0.9130 $\pm$ 0.0075
distilBERT,100,distilBERT student results for FS=100.,tab:distilbert_fs100,1.5,0.9,0.864671052631579,0.0028439524536520203,0.8641470062095902,0.0029857775378277483,3.5086361265833452,0.5036410509488602,0.9129619338705195,0.00300278391883235,10,123,28,False,False,,0.8647 ± 0.0028,0.8641 ± 0.0030,3.51 ± 0.50,0.9130 ± 0.0030,0.8647 $\pm$ 0.0028,0.8641 $\pm$ 0.0030,3.51 $\pm$ 0.50,0.9130 $\pm$ 0.0030
distilBERT,100,distilBERT student results for FS=100.,tab:distilbert_fs100,0.5,0.5,0.8645789473684211,0.006331547106811551,0.8638037807088585,0.006836666562396108,3.456134226859528,0.42341721416971145,0.9128646846346207,0.006685156711832149,10,123,29,False,False,,0.8646 ± 0.0063,0.8638 ± 0.0068,3.46 ± 0.42,0.9129 ± 0.0067,0.8646 $\pm$ 0.0063,0.8638 $\pm$ 0.0068,3.46 $\pm$ 0.42,0.9129 $\pm$ 0.0067
distilBERT,100,distilBERT student results for FS=100.,tab:distilbert_fs100,0.5,0.1,0.8644605263157896,0.006669104471180694,0.8637835510712041,0.007057690638055732,3.725026346510276,0.4686498748619785,0.9127396499027507,0.007041566265764558,10,123,30,False,False,,0.8645 ± 0.0067,0.8638 ± 0.0071,3.73 ± 0.47,0.9127 ± 0.0070,0.8645 $\pm$ 0.0067,0.8638 $\pm$ 0.0071,3.73 $\pm$ 0.47,0.9127 $\pm$ 0.0070
distilBERT,100,distilBERT student results for FS=100.,tab:distilbert_fs100,1.0,0.9,0.8642631578947368,0.003931351520387667,0.863685293084272,0.004246021128656634,3.6262992067228574,0.7615851206206184,0.9125312586829674,0.00415091296956741,10,123,31,False,False,,0.8643 ± 0.0039,0.8637 ± 0.0042,3.63 ± 0.76,0.9125 ± 0.0042,0.8643 $\pm$ 0.0039,0.8637 $\pm$ 0.0042,3.63 $\pm$ 0.76,0.9125 $\pm$ 0.0042
distilBERT,100,distilBERT student results for FS=100.,tab:distilbert_fs100,0.5,0.3,0.8634473684210526,0.0065098121833869595,0.862642166938639,0.007063529140908791,3.8242961401677653,0.615964175568586,0.9116699083078632,0.006873377687377166,10,123,32,False,False,,0.8634 ± 0.0065,0.8626 ± 0.0071,3.82 ± 0.62,0.9117 ± 0.0069,0.8634 $\pm$ 0.0065,0.8626 $\pm$ 0.0071,3.82 $\pm$ 0.62,0.9117 $\pm$ 0.0069
distilBERT,100,distilBERT student results for FS=100.,tab:distilbert_fs100,1.0,0.5,0.8632763157894736,0.004343411995469499,0.8625055674895734,0.004536499331598077,3.9341590599966976,0.7109969049658637,0.911489302584051,0.004585986547036439,10,123,33,False,False,,0.8633 ± 0.0043,0.8625 ± 0.0045,3.93 ± 0.71,0.9115 ± 0.0046,0.8633 $\pm$ 0.0043,0.8625 $\pm$ 0.0045,3.93 $\pm$ 0.71,0.9115 $\pm$ 0.0046
distilBERT,100,distilBERT student results for FS=100.,tab:distilbert_fs100,0.5,0.9,0.8627236842105261,0.0055516857097425674,0.8619258684823702,0.006062009323558559,3.4678990268245493,0.5435264526869328,0.9109058071686578,0.005861740954993566,10,123,34,False,False,,0.8627 ± 0.0056,0.8619 ± 0.0061,3.47 ± 0.54,0.9109 ± 0.0059,0.8627 $\pm$ 0.0056,0.8619 $\pm$ 0.0061,3.47 $\pm$ 0.54,0.9109 $\pm$ 0.0059
distilBERT,100,distilBERT student results for FS=100.,tab:distilbert_fs100,0.1,0.1,0.8621184210526316,0.008253880235080772,0.8613310026940239,0.008884975564770348,3.6577941867047534,0.515386595374752,0.9102667407613225,0.008714849928676547,10,123,35,False,False,,0.8621 ± 0.0083,0.8613 ± 0.0089,3.66 ± 0.52,0.9103 ± 0.0087,0.8621 $\pm$ 0.0083,0.8613 $\pm$ 0.0089,3.66 $\pm$ 0.52,0.9103 $\pm$ 0.0087
distilBERT,1000,distilBERT student results for FS=1000.,tab:distilbert_fs1000,2.5,0.5,0.9084999999999999,0.0014798326209495688,0.9082666130780146,0.0015946086993941912,3.980720487476598,0.4455100072280629,0.9592386774103918,0.0015624795664374539,10,123,1,True,False,green!15,0.9085 ± 0.0015,0.9083 ± 0.0016,3.98 ± 0.45,0.9592 ± 0.0016,0.9085 $\pm$ 0.0015,0.9083 $\pm$ 0.0016,3.98 $\pm$ 0.45,0.9592 $\pm$ 0.0016
distilBERT,1000,distilBERT student results for FS=1000.,tab:distilbert_fs1000,2.0,0.5,0.9080657894736841,0.001396707754526445,0.9079833586458541,0.001484049753871963,3.7097653531236574,0.27498153622346905,0.9587802167268686,0.0014747122720756985,10,123,2,False,False,,0.9081 ± 0.0014,0.9080 ± 0.0015,3.71 ± 0.27,0.9588 ± 0.0015,0.9081 $\pm$ 0.0014,0.9080 $\pm$ 0.0015,3.71 $\pm$ 0.27,0.9588 $\pm$ 0.0015
distilBERT,1000,distilBERT student results for FS=1000.,tab:distilbert_fs1000,1.0,0.3,0.9080131578947368,0.0034526487394381696,0.9079694100336532,0.0036197894409807324,3.8059916732890997,0.6621506112589971,0.9587246457349263,0.003645475190293143,10,123,3,False,False,,0.9080 ± 0.0035,0.9080 ± 0.0036,3.81 ± 0.66,0.9587 ± 0.0036,0.9080 $\pm$ 0.0035,0.9080 $\pm$ 0.0036,3.81 $\pm$ 0.66,0.9587 $\pm$ 0.0036
distilBERT,1000,distilBERT student results for FS=1000.,tab:distilbert_fs1000,1.5,0.3,0.9074605263157893,0.0033448841879563256,0.9071673393120193,0.0035688155385033226,3.960049640396998,0.6248984060219667,0.9581411503195332,0.003531692112874137,10,123,4,False,False,,0.9075 ± 0.0033,0.9072 ± 0.0036,3.96 ± 0.62,0.9581 ± 0.0035,0.9075 $\pm$ 0.0033,0.9072 $\pm$ 0.0036,3.96 $\pm$ 0.62,0.9581 $\pm$ 0.0035
distilBERT,1000,distilBERT student results for FS=1000.,tab:distilbert_fs1000,1.0,0.1,0.9073947368421053,0.0032318341899695126,0.9072674624539676,0.003297950139072416,3.621743080172261,0.3562829904419035,0.9580716865796056,0.003412328402857493,10,123,5,False,True,blue!12,0.9074 ± 0.0032,0.9073 ± 0.0033,3.62 ± 0.36,0.9581 ± 0.0034,0.9074 $\pm$ 0.0032,0.9073 $\pm$ 0.0033,3.62 $\pm$ 0.36,0.9581 $\pm$ 0.0034
distilBERT,1000,distilBERT student results for FS=1000.,tab:distilbert_fs1000,2.5,0.7,0.9070131578947368,0.0032669109242164825,0.9068649260703212,0.003299310265080767,3.770340173189955,0.4353940769644378,0.9576687968880243,0.003449364132265241,10,123,6,False,False,,0.9070 ± 0.0033,0.9069 ± 0.0033,3.77 ± 0.44,0.9577 ± 0.0034,0.9070 $\pm$ 0.0033,0.9069 $\pm$ 0.0033,3.77 $\pm$ 0.44,0.9577 $\pm$ 0.0034
distilBERT,1000,distilBERT student results for FS=1000.,tab:distilbert_fs1000,2.5,0.3,0.9069078947368421,0.003061548028559851,0.9067154146089751,0.0031384431965465805,3.784579453325326,0.694220595865476,0.95755765490414,0.0032325319556897325,10,123,7,False,False,,0.9069 ± 0.0031,0.9067 ± 0.0031,3.78 ± 0.69,0.9576 ± 0.0032,0.9069 $\pm$ 0.0031,0.9067 $\pm$ 0.0031,3.78 $\pm$ 0.69,0.9576 $\pm$ 0.0032
distilBERT,1000,distilBERT student results for FS=1000.,tab:distilbert_fs1000,3.0,0.7,0.9067894736842105,0.00217907873152631,0.9065978758478466,0.0022612769337216334,4.028332019903852,0.8498788571128895,0.95743262017227,0.0023007777659905327,10,123,8,False,False,,0.9068 ± 0.0022,0.9066 ± 0.0023,4.03 ± 0.85,0.9574 ± 0.0023,0.9068 $\pm$ 0.0022,0.9066 $\pm$ 0.0023,4.03 $\pm$ 0.85,0.9574 $\pm$ 0.0023
distilBERT,1000,distilBERT student results for FS=1000.,tab:distilbert_fs1000,1.5,0.5,0.9066842105263155,0.0033921405367031603,0.906497472454733,0.003326697733804792,3.952320406679064,0.42669542772896435,0.9573214781883855,0.003581587674207261,10,123,9,False,False,,0.9067 ± 0.0034,0.9065 ± 0.0033,3.95 ± 0.43,0.9573 ± 0.0036,0.9067 $\pm$ 0.0034,0.9065 $\pm$ 0.0033,3.95 $\pm$ 0.43,0.9573 $\pm$ 0.0036
distilBERT,1000,distilBERT student results for FS=1000.,tab:distilbert_fs1000,3.0,0.3,0.9066447368421052,0.00356438925055262,0.9065103209749357,0.0036581473201010672,4.003745427059281,0.633805329833676,0.9572797999444289,0.00376345628010557,10,123,10,False,False,,0.9066 ± 0.0036,0.9065 ± 0.0037,4.00 ± 0.63,0.9573 ± 0.0038,0.9066 $\pm$ 0.0036,0.9065 $\pm$ 0.0037,4.00 $\pm$ 0.63,0.9573 $\pm$ 0.0038
distilBERT,1000,distilBERT student results for FS=1000.,tab:distilbert_fs1000,3.0,0.5,0.9064736842105263,0.003183255861916444,0.9062345449412585,0.0031809964114323376,4.12280070692456,0.678101784876635,0.9570991942206168,0.003361037031198251,10,123,11,False,False,,0.9065 ± 0.0032,0.9062 ± 0.0032,4.12 ± 0.68,0.9571 ± 0.0034,0.9065 $\pm$ 0.0032,0.9062 $\pm$ 0.0032,4.12 $\pm$ 0.68,0.9571 $\pm$ 0.0034
distilBERT,1000,distilBERT student results for FS=1000.,tab:distilbert_fs1000,1.5,0.1,0.9063157894736842,0.003724198195676107,0.9060148726684314,0.003904561352898771,3.877693800095585,0.6177536636523616,0.9569324812447902,0.003932190370538824,10,123,12,False,False,,0.9063 ± 0.0037,0.9060 ± 0.0039,3.88 ± 0.62,0.9569 ± 0.0039,0.9063 $\pm$ 0.0037,0.9060 $\pm$ 0.0039,3.88 $\pm$ 0.62,0.9569 $\pm$ 0.0039
distilBERT,1000,distilBERT student results for FS=1000.,tab:distilbert_fs1000,1.0,0.5,0.9061315789473685,0.004585462864638574,0.9060058691280879,0.004717266507059252,4.111680933686634,0.6129704605831533,0.9567379827729926,0.004841555678140193,10,123,13,False,False,,0.9061 ± 0.0046,0.9060 ± 0.0047,4.11 ± 0.61,0.9567 ± 0.0048,0.9061 $\pm$ 0.0046,0.9060 $\pm$ 0.0047,4.11 $\pm$ 0.61,0.9567 $\pm$ 0.0048
distilBERT,1000,distilBERT student results for FS=1000.,tab:distilbert_fs1000,2.0,0.7,0.9059868421052633,0.003147063540163006,0.9058071849896558,0.003287256248968098,3.8674541865718006,0.37889862046822775,0.9565851625451514,0.003322823410008172,10,123,14,False,False,,0.9060 ± 0.0031,0.9058 ± 0.0033,3.87 ± 0.38,0.9566 ± 0.0033,0.9060 $\pm$ 0.0031,0.9058 $\pm$ 0.0033,3.87 $\pm$ 0.38,0.9566 $\pm$ 0.0033
distilBERT,1000,distilBERT student results for FS=1000.,tab:distilbert_fs1000,2.0,0.3,0.9058684210526315,0.00167725170564452,0.905623343013346,0.0016587717294666456,3.9975178136955947,0.544799392636488,0.9564601278132814,0.0017709242793690334,10,123,15,False,False,,0.9059 ± 0.0017,0.9056 ± 0.0017,4.00 ± 0.54,0.9565 ± 0.0018,0.9059 $\pm$ 0.0017,0.9056 $\pm$ 0.0017,4.00 $\pm$ 0.54,0.9565 $\pm$ 0.0018
distilBERT,1000,distilBERT student results for FS=1000.,tab:distilbert_fs1000,1.5,0.7,0.9055789473684209,0.0027954806776553398,0.9053514728441723,0.002848432486785465,4.103554520042963,0.6613026553650344,0.9561544873575993,0.0029516050500389807,10,123,16,False,False,,0.9056 ± 0.0028,0.9054 ± 0.0028,4.10 ± 0.66,0.9562 ± 0.0030,0.9056 $\pm$ 0.0028,0.9054 $\pm$ 0.0028,4.10 $\pm$ 0.66,0.9562 $\pm$ 0.0030
distilBERT,1000,distilBERT student results for FS=1000.,tab:distilbert_fs1000,2.0,0.1,0.9054210526315789,0.0027703193189527464,0.9052167536919473,0.002952730346951637,4.077862393072186,0.3121015689410075,0.9559877743817726,0.00292503845846637,10,123,17,False,False,,0.9054 ± 0.0028,0.9052 ± 0.0030,4.08 ± 0.31,0.9560 ± 0.0029,0.9054 $\pm$ 0.0028,0.9052 $\pm$ 0.0030,4.08 $\pm$ 0.31,0.9560 $\pm$ 0.0029
distilBERT,1000,distilBERT student results for FS=1000.,tab:distilbert_fs1000,0.5,0.1,0.9046710526315789,0.004061341934283746,0.9046122069065914,0.004185198175824555,4.055690699266657,0.4951438535048498,0.9551958877465963,0.00428816319818789,10,123,18,False,False,,0.9047 ± 0.0041,0.9046 ± 0.0042,4.06 ± 0.50,0.9552 ± 0.0043,0.9047 $\pm$ 0.0041,0.9046 $\pm$ 0.0042,4.06 $\pm$ 0.50,0.9552 $\pm$ 0.0043
distilBERT,1000,distilBERT student results for FS=1000.,tab:distilbert_fs1000,0.5,0.3,0.9045789473684211,0.0026233790375464893,0.9044343056976271,0.0027534553321944535,3.8007927266153274,0.9446555280941481,0.9550986385106972,0.0027698917317801183,10,123,19,False,False,,0.9046 ± 0.0026,0.9044 ± 0.0028,3.80 ± 0.94,0.9551 ± 0.0028,0.9046 $\pm$ 0.0026,0.9044 $\pm$ 0.0028,3.80 $\pm$ 0.94,0.9551 $\pm$ 0.0028
distilBERT,1000,distilBERT student results for FS=1000.,tab:distilbert_fs1000,3.0,0.1,0.9043684210526315,0.003671553027163184,0.9041635079584835,0.003722283065951859,3.9386547997613284,0.7991647451719478,0.9548763545429285,0.0038766050300694933,10,123,20,False,False,,0.9044 ± 0.0037,0.9042 ± 0.0037,3.94 ± 0.80,0.9549 ± 0.0039,0.9044 $\pm$ 0.0037,0.9042 $\pm$ 0.0037,3.94 $\pm$ 0.80,0.9549 $\pm$ 0.0039
distilBERT,1000,distilBERT student results for FS=1000.,tab:distilbert_fs1000,2.5,0.9,0.9038552631578947,0.002744682034518094,0.9036533663545006,0.0027078010115414194,3.9548107879575882,0.3499603023453215,0.9543345373714921,0.0028979693612583325,10,123,21,False,False,,0.9039 ± 0.0027,0.9037 ± 0.0027,3.95 ± 0.35,0.9543 ± 0.0029,0.9039 $\pm$ 0.0027,0.9037 $\pm$ 0.0027,3.95 $\pm$ 0.35,0.9543 $\pm$ 0.0029
distilBERT,1000,distilBERT student results for FS=1000.,tab:distilbert_fs1000,2.5,0.1,0.9037499999999999,0.0031008802947948455,0.9035038249224978,0.003130714984464761,4.162457759593963,0.5233698609483283,0.9542233953876076,0.003274060883640024,10,123,22,False,False,,0.9037 ± 0.0031,0.9035 ± 0.0031,4.16 ± 0.52,0.9542 ± 0.0033,0.9037 $\pm$ 0.0031,0.9035 $\pm$ 0.0031,4.16 $\pm$ 0.52,0.9542 $\pm$ 0.0033
distilBERT,1000,distilBERT student results for FS=1000.,tab:distilbert_fs1000,3.0,0.9,0.9037105263157894,0.004609980875103621,0.9034959521719047,0.004679042301977651,4.178825147998093,0.6083198315341095,0.9541817171436511,0.004867442991218042,10,123,23,False,False,,0.9037 ± 0.0046,0.9035 ± 0.0047,4.18 ± 0.61,0.9542 ± 0.0049,0.9037 $\pm$ 0.0046,0.9035 $\pm$ 0.0047,4.18 $\pm$ 0.61,0.9542 $\pm$ 0.0049
distilBERT,1000,distilBERT student results for FS=1000.,tab:distilbert_fs1000,2.0,0.9,0.9036973684210526,0.0038378822020562987,0.9035393219272766,0.0038282333596928037,3.9106427006724216,0.39223669416775286,0.9541678243956655,0.004052223497586513,10,123,24,False,False,,0.9037 ± 0.0038,0.9035 ± 0.0038,3.91 ± 0.39,0.9542 ± 0.0041,0.9037 $\pm$ 0.0038,0.9035 $\pm$ 0.0038,3.91 $\pm$ 0.39,0.9542 $\pm$ 0.0041
distilBERT,1000,distilBERT student results for FS=1000.,tab:distilbert_fs1000,0.1,0.1,0.9027763157894737,0.004832708432236787,0.9025833222622698,0.004907439731585304,4.3067547604005085,0.7364160460520442,0.9531953320366767,0.005102609625590376,10,123,25,False,False,,0.9028 ± 0.0048,0.9026 ± 0.0049,4.31 ± 0.74,0.9532 ± 0.0051,0.9028 $\pm$ 0.0048,0.9026 $\pm$ 0.0049,4.31 $\pm$ 0.74,0.9532 $\pm$ 0.0051
distilBERT,1000,distilBERT student results for FS=1000.,tab:distilbert_fs1000,0.5,0.5,0.9023552631578948,0.007217398121327113,0.902013425835675,0.007881832559672633,3.8794749594429354,0.6098737641365395,0.9527507641011391,0.007620481484035289,10,123,26,False,False,,0.9024 ± 0.0072,0.9020 ± 0.0079,3.88 ± 0.61,0.9528 ± 0.0076,0.9024 $\pm$ 0.0072,0.9020 $\pm$ 0.0079,3.88 $\pm$ 0.61,0.9528 $\pm$ 0.0076
distilBERT,1000,distilBERT student results for FS=1000.,tab:distilbert_fs1000,1.0,0.7,0.9019078947368421,0.007530907383596867,0.9016676071036926,0.007889620618347968,3.727263246619259,0.37455801864387034,0.9522784106696307,0.007951499877095883,10,123,27,False,False,,0.9019 ± 0.0075,0.9017 ± 0.0079,3.73 ± 0.37,0.9523 ± 0.0080,0.9019 $\pm$ 0.0075,0.9017 $\pm$ 0.0079,3.73 $\pm$ 0.37,0.9523 $\pm$ 0.0080
distilBERT,1000,distilBERT student results for FS=1000.,tab:distilbert_fs1000,1.0,0.9,0.9018026315789474,0.007342018800974894,0.9017454450010283,0.007157305000794527,4.315129226088175,0.5165502776710961,0.9521672686857461,0.007752062084941542,10,123,28,False,False,,0.9018 ± 0.0073,0.9017 ± 0.0072,4.32 ± 0.52,0.9522 ± 0.0078,0.9018 $\pm$ 0.0073,0.9017 $\pm$ 0.0072,4.32 $\pm$ 0.52,0.9522 $\pm$ 0.0078
distilBERT,1000,distilBERT student results for FS=1000.,tab:distilbert_fs1000,0.5,0.9,0.9017368421052632,0.0060861644204730034,0.9013337014924339,0.0065305531295468695,4.063862627129614,0.8322816523071683,0.9520978049458183,0.00642606968541188,10,123,29,False,False,,0.9017 ± 0.0061,0.9013 ± 0.0065,4.06 ± 0.83,0.9521 ± 0.0064,0.9017 $\pm$ 0.0061,0.9013 $\pm$ 0.0065,4.06 $\pm$ 0.83,0.9521 $\pm$ 0.0064
distilBERT,1000,distilBERT student results for FS=1000.,tab:distilbert_fs1000,0.1,0.9,0.9016578947368421,0.002455513704521584,0.9014060103608561,0.002449662145343906,4.199697894097578,0.6080864549412912,0.9520144484579047,0.0025926513134709684,10,123,30,False,False,,0.9017 ± 0.0025,0.9014 ± 0.0024,4.20 ± 0.61,0.9520 ± 0.0026,0.9017 $\pm$ 0.0025,0.9014 $\pm$ 0.0024,4.20 $\pm$ 0.61,0.9520 $\pm$ 0.0026
distilBERT,1000,distilBERT student results for FS=1000.,tab:distilbert_fs1000,0.1,0.5,0.900407894736842,0.003192096705754032,0.9004987016508054,0.003119770903819227,3.6227837594681964,0.2697853859844592,0.9506946373992775,0.0033703716259698134,10,123,31,False,False,,0.9004 ± 0.0032,0.9005 ± 0.0031,3.62 ± 0.27,0.9507 ± 0.0034,0.9004 $\pm$ 0.0032,0.9005 $\pm$ 0.0031,3.62 $\pm$ 0.27,0.9507 $\pm$ 0.0034
distilBERT,1000,distilBERT student results for FS=1000.,tab:distilbert_fs1000,1.5,0.9,0.8994736842105263,0.005567930200897664,0.8992680997909943,0.005506697146555394,3.718729652803934,0.3819774650881368,0.9497082522923034,0.005878892682248184,10,123,32,False,False,,0.8995 ± 0.0056,0.8993 ± 0.0055,3.72 ± 0.38,0.9497 ± 0.0059,0.8995 $\pm$ 0.0056,0.8993 $\pm$ 0.0055,3.72 $\pm$ 0.38,0.9497 $\pm$ 0.0059
distilBERT,1000,distilBERT student results for FS=1000.,tab:distilbert_fs1000,0.5,0.7,0.8990526315789473,0.005437818280485772,0.8985186607356376,0.005833663212206945,4.132631674025712,1.0182744395423593,0.9492636843567658,0.005741514161113073,10,123,33,False,False,,0.8991 ± 0.0054,0.8985 ± 0.0058,4.13 ± 1.02,0.9493 ± 0.0057,0.8991 $\pm$ 0.0054,0.8985 $\pm$ 0.0058,4.13 $\pm$ 1.02,0.9493 $\pm$ 0.0057
distilBERT,1000,distilBERT student results for FS=1000.,tab:distilbert_fs1000,0.1,0.3,0.8989605263157895,0.006704776231551204,0.898669494420546,0.007126351155004618,4.148104206469724,0.8991519321062466,0.9491664351208667,0.0070792302528187336,10,123,34,False,False,,0.8990 ± 0.0067,0.8987 ± 0.0071,4.15 ± 0.90,0.9492 ± 0.0071,0.8990 $\pm$ 0.0067,0.8987 $\pm$ 0.0071,4.15 $\pm$ 0.90,0.9492 $\pm$ 0.0071
distilBERT,1000,distilBERT student results for FS=1000.,tab:distilbert_fs1000,0.1,0.7,0.8979342105263157,0.0058713148137662955,0.8977244203770367,0.0062738770313426895,3.6929334874002953,0.6258445050745508,0.9480828007779938,0.006199220975913292,10,123,35,False,False,,0.8979 ± 0.0059,0.8977 ± 0.0063,3.69 ± 0.63,0.9481 ± 0.0062,0.8979 $\pm$ 0.0059,0.8977 $\pm$ 0.0063,3.69 $\pm$ 0.63,0.9481 $\pm$ 0.0062
